alert_id,company_id,group_id,event,severity,direction,month_detected,month_evident,lead_time_months,trigger_signal,score_before,score_after,status,message
ALERT_00001,COMP_1039,GROUP_0146,regime_deteriorating,watch,down,2025-03,,,P4,82.5378255096,78.8784832933,open,"deterioro confirmado dos meses seguidos: el score cae 3,7 puntos hasta 78,9 (sana)."
ALERT_00002,COMP_0835,GROUP_0250,cap_NEGCASH,urgent,down,2025-04,2025-05,1,NEGCASH,58.7383967041,40,resolved,"caja agregada en negativo dos meses seguidos: el score cae 18,7 puntos hasta 40,0 (vigilar)."
ALERT_00003,COMP_0847,GROUP_0037,regime_deteriorating,review,down,2025-04,,,L1,34.2504009561,30.3559269144,resolved,"deterioro confirmado dos meses seguidos: el score cae 3,9 puntos hasta 30,4 (tension)."
ALERT_00004,COMP_0862,GROUP_0132,regime_deteriorating,review,down,2025-04,,,P2,64.1537799026,63.9837588229,resolved,"deterioro confirmado dos meses seguidos: el score cae 0,2 puntos hasta 64,0 (sana)."
ALERT_00005,COMP_1008,GROUP_0220,regime_improving,review,up,2025-04,,,P5,66.4332925048,64.5728913324,resolved,"mejora confirmada dos meses seguidos: el score cae 1,9 puntos hasta 64,6 (sana)."
ALERT_00006,COMP_0113,GROUP_0070,level_shift_up,watch,up,2025-05,,,L1,78.6849158433,74.2854093904,resolved,"escalon al alza en el nivel del score: el score cae 4,4 puntos hasta 74,3 (sana)."
ALERT_00007,COMP_0219,GROUP_0132,level_shift_down,review,down,2025-05,2025-06,1,P2,55.1353425391,62.6384438688,open,"escalon a la baja en el nivel del score: el score sube 7,5 puntos hasta 62,6 (sana)."
ALERT_00008,COMP_0267,GROUP_0155,level_shift_up,watch,up,2025-05,,,L3,85.8980331053,84.0505735226,resolved,"escalon al alza en el nivel del score: el score cae 1,8 puntos hasta 84,1 (excepcionalmente solida)."
ALERT_00009,COMP_0268,GROUP_0094,level_shift_up,watch,up,2025-05,,,L2,59.3346157642,59.2459071445,resolved,"escalon al alza en el nivel del score: el score cae 0,1 puntos hasta 59,2 (vigilar)."
ALERT_00010,COMP_0313,GROUP_0094,level_shift_down,review,down,2025-05,,,L3,28.9828153609,24.065090434,resolved,"escalon a la baja en el nivel del score: el score cae 4,9 puntos hasta 24,1 (tension)."
ALERT_00011,COMP_0313,GROUP_0094,regime_deteriorating,review,down,2025-05,,,L3,28.9828153609,24.065090434,resolved,"deterioro confirmado dos meses seguidos: el score cae 4,9 puntos hasta 24,1 (tension)."
ALERT_00012,COMP_0349,GROUP_0101,level_shift_down,review,down,2025-05,,,D4,73.3873381543,73.0589980057,open,"escalon a la baja en el nivel del score: el score cae 0,3 puntos hasta 73,1 (sana)."
ALERT_00013,COMP_0349,GROUP_0101,regime_deteriorating,review,down,2025-05,,,D4,73.3873381543,73.0589980057,open,"deterioro confirmado dos meses seguidos: el score cae 0,3 puntos hasta 73,1 (sana)."
ALERT_00014,COMP_0368,GROUP_0016,level_shift_up,watch,up,2025-05,,,A1,79.5986690791,81.681531463,resolved,"escalon al alza en el nivel del score: el score sube 2,1 puntos hasta 81,7 (excepcionalmente solida)."
ALERT_00015,COMP_0440,GROUP_0162,level_shift_down,review,down,2025-05,,,C1,57.2315936011,57.5948145139,resolved,"escalon a la baja en el nivel del score: el score sube 0,4 puntos hasta 57,6 (vigilar)."
ALERT_00016,COMP_0440,GROUP_0162,regime_deteriorating,review,down,2025-05,,,C1,57.2315936011,57.5948145139,resolved,"deterioro confirmado dos meses seguidos: el score sube 0,4 puntos hasta 57,6 (vigilar)."
ALERT_00017,COMP_0794,GROUP_0035,level_shift_up,watch,up,2025-05,,,L1,67.1906782925,70.9345193293,resolved,"escalon al alza en el nivel del score: el score sube 3,7 puntos hasta 70,9 (sana)."
ALERT_00018,COMP_0794,GROUP_0035,regime_improving,review,up,2025-05,,,L1,67.1906782925,70.9345193293,resolved,"mejora confirmada dos meses seguidos: el score sube 3,7 puntos hasta 70,9 (sana)."
ALERT_00019,COMP_0831,GROUP_0250,level_shift_up,watch,up,2025-05,,,L1,66.4869090236,65.5319829617,resolved,"escalon al alza en el nivel del score: el score cae 1,0 puntos hasta 65,5 (sana)."
ALERT_00020,COMP_0835,GROUP_0250,level_shift_down,review,down,2025-05,2025-06,1,L3,40,40,resolved,"escalon a la baja en el nivel del score: el score sube 0,0 puntos hasta 40,0 (vigilar)."
ALERT_00021,COMP_0847,GROUP_0037,level_shift_down,review,down,2025-05,,,P1,30.3559269144,33.038610169,resolved,"escalon a la baja en el nivel del score: el score sube 2,7 puntos hasta 33,0 (tension)."
ALERT_00022,COMP_0862,GROUP_0132,level_shift_down,review,down,2025-05,,,D4,63.9837588229,63.1714351528,resolved,"escalon a la baja en el nivel del score: el score cae 0,8 puntos hasta 63,2 (sana)."
ALERT_00023,COMP_0875,GROUP_0141,level_shift_up,watch,up,2025-05,,,L1,93.5916023984,90.5770617081,resolved,"escalon al alza en el nivel del score: el score cae 3,0 puntos hasta 90,6 (excepcionalmente solida)."
ALERT_00024,COMP_0907,GROUP_0022,level_shift_up,watch,up,2025-05,,,C1,49.8425545127,52.1718044449,resolved,"escalon al alza en el nivel del score: el score sube 2,3 puntos hasta 52,2 (vigilar)."
ALERT_00025,COMP_0908,GROUP_0022,level_shift_down,review,down,2025-05,2025-07,2,L3,27.8322202225,36.1167766115,resolved,"escalon a la baja en el nivel del score: el score sube 8,3 puntos hasta 36,1 (tension)."
ALERT_00026,COMP_1069,GROUP_0155,level_shift_down,review,down,2025-05,,,L1,23.207252168,19.8527351467,resolved,"escalon a la baja en el nivel del score: el score cae 3,4 puntos hasta 19,9 (tension)."
ALERT_00027,COMP_1082,GROUP_0142,level_shift_up,watch,up,2025-05,,,L3,86.2391665306,84.6141284202,resolved,"escalon al alza en el nivel del score: el score cae 1,6 puntos hasta 84,6 (excepcionalmente solida)."
ALERT_00028,COMP_1082,GROUP_0142,regime_improving,review,up,2025-05,,,L3,86.2391665306,84.6141284202,resolved,"mejora confirmada dos meses seguidos: el score cae 1,6 puntos hasta 84,6 (excepcionalmente solida)."
ALERT_00029,COMP_1207,GROUP_0132,level_shift_up,watch,up,2025-05,,,P2,40.7453354595,37.9175634824,resolved,"escalon al alza en el nivel del score: el score cae 2,8 puntos hasta 37,9 (tension)."
ALERT_00030,COMP_1252,GROUP_0070,level_shift_up,watch,up,2025-05,,,P1,59.0025399435,61.2219518369,resolved,"escalon al alza en el nivel del score: el score sube 2,2 puntos hasta 61,2 (sana)."
ALERT_00031,COMP_1252,GROUP_0070,regime_improving,review,up,2025-05,,,P1,59.0025399435,61.2219518369,resolved,"mejora confirmada dos meses seguidos: el score sube 2,2 puntos hasta 61,2 (sana)."
ALERT_00032,COMP_0042,GROUP_0162,cap_NEGCASH,urgent,down,2025-06,2025-07,1,NEGCASH,73.7044736201,40,resolved,"caja agregada en negativo dos meses seguidos: el score cae 33,7 puntos hasta 40,0 (vigilar)."
ALERT_00033,COMP_0052,GROUP_0142,level_shift_down,review,down,2025-06,,,L3,27.2919058121,28.6921951325,resolved,"escalon a la baja en el nivel del score: el score sube 1,4 puntos hasta 28,7 (tension)."
ALERT_00034,COMP_0268,GROUP_0094,regime_improving,watch,up,2025-06,,,L2,59.2459071445,61.1563696086,resolved,"mejora confirmada dos meses seguidos: el score sube 1,9 puntos hasta 61,2 (sana)."
ALERT_00035,COMP_0289,GROUP_0142,regime_improving,watch,up,2025-06,,,L3,64.8320204669,63.0227236287,resolved,"mejora confirmada dos meses seguidos: el score cae 1,8 puntos hasta 63,0 (sana)."
ALERT_00036,COMP_0307,GROUP_0112,level_shift_down,review,down,2025-06,,,P1,50.1761845076,47.990833894,open,"escalon a la baja en el nivel del score: el score cae 2,2 puntos hasta 48,0 (vigilar)."
ALERT_00037,COMP_0363,GROUP_0250,level_shift_up,watch,up,2025-06,,,L1,76.6572805757,77.77262097,resolved,"escalon al alza en el nivel del score: el score sube 1,1 puntos hasta 77,8 (sana)."
ALERT_00038,COMP_0363,GROUP_0250,regime_improving,review,up,2025-06,,,L1,76.6572805757,77.77262097,resolved,"mejora confirmada dos meses seguidos: el score sube 1,1 puntos hasta 77,8 (sana)."
ALERT_00039,COMP_0404,GROUP_0094,level_shift_up,watch,up,2025-06,,,L3,72.9352170167,70.1519913683,resolved,"escalon al alza en el nivel del score: el score cae 2,8 puntos hasta 70,2 (sana)."
ALERT_00040,COMP_0404,GROUP_0094,regime_improving,review,up,2025-06,,,L3,72.9352170167,70.1519913683,resolved,"mejora confirmada dos meses seguidos: el score cae 2,8 puntos hasta 70,2 (sana)."
ALERT_00041,COMP_0575,GROUP_0079,level_shift_down,review,down,2025-06,,,L1,49.2956254951,46.5530553313,resolved,"escalon a la baja en el nivel del score: el score cae 2,7 puntos hasta 46,6 (vigilar)."
ALERT_00042,COMP_0579,GROUP_0132,regime_improving,watch,up,2025-06,,,L1,59.8340954207,61.5703724932,resolved,"mejora confirmada dos meses seguidos: el score sube 1,7 puntos hasta 61,6 (sana)."
ALERT_00043,COMP_0604,GROUP_0065,regime_improving,watch,up,2025-06,,,L2,76.7535829369,76.1725504294,resolved,"mejora confirmada dos meses seguidos: el score cae 0,6 puntos hasta 76,2 (sana)."
ALERT_00044,COMP_0640,GROUP_0022,cap_NEGCASH,urgent,down,2025-06,2025-07,1,NEGCASH,74.5893497909,40,resolved,"caja agregada en negativo dos meses seguidos: el score cae 34,6 puntos hasta 40,0 (vigilar)."
ALERT_00045,COMP_0641,GROUP_0132,level_shift_down,review,down,2025-06,,,L1,18.6345913104,20.7254167611,resolved,"escalon a la baja en el nivel del score: el score sube 2,1 puntos hasta 20,7 (tension)."
ALERT_00046,COMP_0658,GROUP_0132,level_shift_up,watch,up,2025-06,,,L3,68.6538739781,72.5534828233,resolved,"escalon al alza en el nivel del score: el score sube 3,9 puntos hasta 72,6 (sana)."
ALERT_00047,COMP_0786,GROUP_0017,level_shift_down,review,down,2025-06,,,D1,65.3192411561,59.5855045377,resolved,"escalon a la baja en el nivel del score: el score cae 5,7 puntos hasta 59,6 (vigilar)."
ALERT_00048,COMP_1019,GROUP_0118,level_shift_up,watch,up,2025-06,,,L3,69.9116001958,66.8056249148,resolved,"escalon al alza en el nivel del score: el score cae 3,1 puntos hasta 66,8 (sana)."
ALERT_00049,COMP_1069,GROUP_0155,regime_deteriorating,watch,down,2025-06,,,L3,19.8527351467,26.5245826426,resolved,"deterioro confirmado dos meses seguidos: el score sube 6,7 puntos hasta 26,5 (tension)."
ALERT_00050,COMP_1182,GROUP_0022,cap_LOCFULL,urgent,down,2025-06,,,LOCFULL,35.3006799124,32.6015635469,resolved,"linea de credito practicamente agotada: el score cae 2,7 puntos hasta 32,6 (tension)."
ALERT_00051,COMP_1185,GROUP_0126,level_shift_down,review,down,2025-06,2025-11,5,C1,60.5396131995,60.9467985836,resolved,"escalon a la baja en el nivel del score: el score sube 0,4 puntos hasta 60,9 (sana)."
ALERT_00052,COMP_0042,GROUP_0162,level_shift_down,review,down,2025-07,,,D2,40,40,resolved,"escalon a la baja en el nivel del score: el score sube 0,0 puntos hasta 40,0 (vigilar)."
ALERT_00053,COMP_0161,GROUP_0079,regime_improving,review,up,2025-07,,,L1,71.8795070559,72.8208397352,resolved,"mejora confirmada dos meses seguidos: el score sube 0,9 puntos hasta 72,8 (sana)."
ALERT_00054,COMP_0354,GROUP_0220,regime_improving,watch,up,2025-07,,,L1,66.8824556044,67.5395799383,resolved,"mejora confirmada dos meses seguidos: el score sube 0,7 puntos hasta 67,5 (sana)."
ALERT_00055,COMP_0384,GROUP_0094,level_shift_down,review,down,2025-07,2025-12,5,P1,43.7096587535,43.7137805095,open,"escalon a la baja en el nivel del score: el score sube 0,0 puntos hasta 43,7 (vigilar)."
ALERT_00056,COMP_0424,GROUP_0097,regime_deteriorating,watch,down,2025-07,2025-10,3,L1,60.592968115,61.7703042974,resolved,"deterioro confirmado dos meses seguidos: el score sube 1,2 puntos hasta 61,8 (sana)."
ALERT_00057,COMP_0474,GROUP_0141,level_shift_up,watch,up,2025-07,,,P1,76.3914462415,77.1157686912,resolved,"escalon al alza en el nivel del score: el score sube 0,7 puntos hasta 77,1 (sana)."
ALERT_00058,COMP_0615,GROUP_0079,level_shift_up,watch,up,2025-07,,,P1,75.5963612248,77.1574031206,resolved,"escalon al alza en el nivel del score: el score sube 1,6 puntos hasta 77,2 (sana)."
ALERT_00059,COMP_0640,GROUP_0022,level_shift_down,review,down,2025-07,,,L1,40,40,resolved,"escalon a la baja en el nivel del score: el score sube 0,0 puntos hasta 40,0 (vigilar)."
ALERT_00060,COMP_0732,GROUP_0022,cap_NEGCASH,urgent,down,2025-07,2025-08,1,NEGCASH,69.563683149,40,resolved,"caja agregada en negativo dos meses seguidos: el score cae 29,6 puntos hasta 40,0 (vigilar)."
ALERT_00061,COMP_0743,GROUP_0033,level_shift_down,review,down,2025-07,,,A3,42.643163926,46.1716851544,resolved,"escalon a la baja en el nivel del score: el score sube 3,5 puntos hasta 46,2 (vigilar)."
ALERT_00062,COMP_0743,GROUP_0033,regime_deteriorating,review,down,2025-07,,,A3,42.643163926,46.1716851544,resolved,"deterioro confirmado dos meses seguidos: el score sube 3,5 puntos hasta 46,2 (vigilar)."
ALERT_00063,COMP_0821,GROUP_0070,regime_improving,watch,up,2025-07,,,A1,81.1240000048,76.9986097302,resolved,"mejora confirmada dos meses seguidos: el score cae 4,1 puntos hasta 77,0 (sana)."
ALERT_00064,COMP_0835,GROUP_0250,regime_deteriorating,review,down,2025-07,,,P1,32.6872452667,29.0177108226,resolved,"deterioro confirmado dos meses seguidos: el score cae 3,7 puntos hasta 29,0 (tension)."
ALERT_00065,COMP_0888,GROUP_0142,regime_deteriorating,watch,down,2025-07,,,L1,46.7571889377,47.2867654435,resolved,"deterioro confirmado dos meses seguidos: el score sube 0,5 puntos hasta 47,3 (vigilar)."
ALERT_00066,COMP_0913,GROUP_0108,level_shift_down,review,down,2025-07,,,L5,71.6947101534,74.5151907786,open,"escalon a la baja en el nivel del score: el score sube 2,8 puntos hasta 74,5 (sana)."
ALERT_00067,COMP_0914,GROUP_0244,cap_NEGCASH,urgent,down,2025-07,2025-08,1,NEGCASH,64.7367251844,40,resolved,"caja agregada en negativo dos meses seguidos: el score cae 24,7 puntos hasta 40,0 (vigilar)."
ALERT_00068,COMP_0945,GROUP_0162,level_shift_up,watch,up,2025-07,,,L1,73.9721876091,75.4760724612,resolved,"escalon al alza en el nivel del score: el score sube 1,5 puntos hasta 75,5 (sana)."
ALERT_00069,COMP_1142,GROUP_0202,cap_DEBTSTOP,urgent,down,2025-07,2025-08,1,DEBTSTOP,62.0574226729,50,resolved,"dos meses sin amortizar deuda que venia pagando: el score cae 12,1 puntos hasta 50,0 (vigilar)."
ALERT_00070,COMP_1149,GROUP_0057,regime_deteriorating,watch,down,2025-07,,,P4,73.4616094643,74.3394236657,open,"deterioro confirmado dos meses seguidos: el score sube 0,9 puntos hasta 74,3 (sana)."
ALERT_00071,COMP_1155,GROUP_0150,level_shift_down,review,down,2025-07,,,P1,36.7871144827,34.3777935477,resolved,"escalon a la baja en el nivel del score: el score cae 2,4 puntos hasta 34,4 (tension)."
ALERT_00072,COMP_1173,GROUP_0202,level_shift_up,watch,up,2025-07,,,P1,90.1346532546,90.0271161801,resolved,"escalon al alza en el nivel del score: el score cae 0,1 puntos hasta 90,0 (excepcionalmente solida)."
ALERT_00073,COMP_1185,GROUP_0126,regime_deteriorating,review,down,2025-07,2025-11,4,P1,60.9467985836,62.036172997,resolved,"deterioro confirmado dos meses seguidos: el score sube 1,1 puntos hasta 62,0 (sana)."
ALERT_00074,COMP_0161,GROUP_0079,level_shift_up,watch,up,2025-08,,,L3,72.8208397352,72.8085588958,resolved,"escalon al alza en el nivel del score: el score cae 0,0 puntos hasta 72,8 (sana)."
ALERT_00075,COMP_0362,GROUP_0142,regime_improving,watch,up,2025-08,,,P2,56.0473042883,55.3210976849,resolved,"mejora confirmada dos meses seguidos: el score cae 0,7 puntos hasta 55,3 (vigilar)."
ALERT_00076,COMP_0387,GROUP_0097,regime_deteriorating,review,down,2025-08,,,D2,52.8650044961,62.7814093869,resolved,"deterioro confirmado dos meses seguidos: el score sube 9,9 puntos hasta 62,8 (sana)."
ALERT_00077,COMP_0423,GROUP_0162,level_shift_down,review,down,2025-08,2025-10,2,L2,39.8933886221,40.8641005666,resolved,"escalon a la baja en el nivel del score: el score sube 1,0 puntos hasta 40,9 (vigilar)."
ALERT_00078,COMP_0423,GROUP_0162,regime_deteriorating,review,down,2025-08,2025-10,2,L2,39.8933886221,40.8641005666,resolved,"deterioro confirmado dos meses seguidos: el score sube 1,0 puntos hasta 40,9 (vigilar)."
ALERT_00079,COMP_0496,GROUP_0137,level_shift_down,review,down,2025-08,,,D2,39.0563751159,39.1860837579,resolved,"escalon a la baja en el nivel del score: el score sube 0,1 puntos hasta 39,2 (tension)."
ALERT_00080,COMP_0578,GROUP_0162,level_shift_down,review,down,2025-08,,,L1,34.3340015091,37.7979103864,resolved,"escalon a la baja en el nivel del score: el score sube 3,5 puntos hasta 37,8 (tension)."
ALERT_00081,COMP_0615,GROUP_0079,regime_improving,review,up,2025-08,,,L2,77.1574031206,79.7977929964,resolved,"mejora confirmada dos meses seguidos: el score sube 2,6 puntos hasta 79,8 (sana)."
ALERT_00082,COMP_0636,GROUP_0037,level_shift_up,watch,up,2025-08,,,P1,77.9131824604,72.941856018,resolved,"escalon al alza en el nivel del score: el score cae 5,0 puntos hasta 72,9 (sana)."
ALERT_00083,COMP_0732,GROUP_0022,level_shift_down,review,down,2025-08,,,C2,40,40,resolved,"escalon a la baja en el nivel del score: el score sube 0,0 puntos hasta 40,0 (vigilar)."
ALERT_00084,COMP_0868,GROUP_0096,level_shift_up,watch,up,2025-08,,,A1,77.3331810372,75.8655605101,resolved,"escalon al alza en el nivel del score: el score cae 1,5 puntos hasta 75,9 (sana)."
ALERT_00085,COMP_0908,GROUP_0022,level_shift_down,review,down,2025-08,,,C3,25.820517475,26.0772721381,open,"escalon a la baja en el nivel del score: el score sube 0,3 puntos hasta 26,1 (tension)."
ALERT_00086,COMP_0993,GROUP_0226,cap_DEBTSTOP,urgent,down,2025-08,2025-09,1,DEBTSTOP,66.0406849925,50,resolved,"dos meses sin amortizar deuda que venia pagando: el score cae 16,0 puntos hasta 50,0 (vigilar)."
ALERT_00087,COMP_1032,GROUP_0023,regime_deteriorating,review,down,2025-08,,,P1,36.3805722302,35.95190618,resolved,"deterioro confirmado dos meses seguidos: el score cae 0,4 puntos hasta 36,0 (tension)."
ALERT_00088,COMP_1142,GROUP_0202,level_shift_down,review,down,2025-08,,,L1,50,50,resolved,"escalon a la baja en el nivel del score: el score sube 0,0 puntos hasta 50,0 (vigilar)."
ALERT_00089,COMP_1150,GROUP_0106,regime_deteriorating,review,down,2025-08,,,A1,25.8086769006,21.3185428368,resolved,"deterioro confirmado dos meses seguidos: el score cae 4,5 puntos hasta 21,3 (tension)."
ALERT_00090,COMP_1188,GROUP_0004,level_shift_down,review,down,2025-08,2026-02,6,A2,63.9345332123,63.2972655716,resolved,"escalon a la baja en el nivel del score: el score cae 0,6 puntos hasta 63,3 (sana)."
ALERT_00091,COMP_0032,GROUP_0094,level_shift_down,review,down,2025-09,,,D4,70.5631039841,68.66547147,resolved,"escalon a la baja en el nivel del score: el score cae 1,9 puntos hasta 68,7 (sana)."
ALERT_00092,COMP_0136,GROUP_0142,level_shift_down,review,down,2025-09,,,L1,26.3148955964,23.4222377678,resolved,"escalon a la baja en el nivel del score: el score cae 2,9 puntos hasta 23,4 (tension)."
ALERT_00093,COMP_0191,GROUP_0132,level_shift_up,watch,up,2025-09,,,P1,61.0427652891,59.4747374915,resolved,"escalon al alza en el nivel del score: el score cae 1,6 puntos hasta 59,5 (vigilar)."
ALERT_00094,COMP_0191,GROUP_0132,regime_improving,review,up,2025-09,,,P1,61.0427652891,59.4747374915,resolved,"mejora confirmada dos meses seguidos: el score cae 1,6 puntos hasta 59,5 (vigilar)."
ALERT_00095,COMP_0257,GROUP_0023,level_shift_down,review,down,2025-09,2025-11,2,P1,40.4620388205,44.7408892044,open,"escalon a la baja en el nivel del score: el score sube 4,3 puntos hasta 44,7 (vigilar)."
ALERT_00096,COMP_0321,GROUP_0159,regime_improving,watch,up,2025-09,,,D4,50.4735110097,52.2023081919,resolved,"mejora confirmada dos meses seguidos: el score sube 1,7 puntos hasta 52,2 (vigilar)."
ALERT_00097,COMP_0392,GROUP_0222,level_shift_up,watch,up,2025-09,,,L3,64.85066611,68.4350503489,resolved,"escalon al alza en el nivel del score: el score sube 3,6 puntos hasta 68,4 (sana)."
ALERT_00098,COMP_0476,GROUP_0111,level_shift_down,review,down,2025-09,,,P1,50.9583791077,50.3769593156,resolved,"escalon a la baja en el nivel del score: el score cae 0,6 puntos hasta 50,4 (vigilar)."
ALERT_00099,COMP_0594,GROUP_0090,level_shift_up,watch,up,2025-09,,,P1,69.2272124014,72.2248227843,resolved,"escalon al alza en el nivel del score: el score sube 3,0 puntos hasta 72,2 (sana)."
ALERT_00100,COMP_0636,GROUP_0037,regime_improving,review,up,2025-09,,,P1,72.941856018,74.843756097,resolved,"mejora confirmada dos meses seguidos: el score sube 1,9 puntos hasta 74,8 (sana)."
ALERT_00101,COMP_0647,GROUP_0126,level_shift_up,watch,up,2025-09,,,L3,91.9072308329,92.2548699124,resolved,"escalon al alza en el nivel del score: el score sube 0,3 puntos hasta 92,3 (excepcionalmente solida)."
ALERT_00102,COMP_0649,GROUP_0153,regime_deteriorating,watch,down,2025-09,,,L1,41.2355228573,40.0579345887,resolved,"deterioro confirmado dos meses seguidos: el score cae 1,2 puntos hasta 40,1 (vigilar)."
ALERT_00103,COMP_0733,GROUP_0129,level_shift_down,review,down,2025-09,,,P1,53.0131837371,58.8969583157,resolved,"escalon a la baja en el nivel del score: el score sube 5,9 puntos hasta 58,9 (vigilar)."
ALERT_00104,COMP_0733,GROUP_0129,regime_deteriorating,review,down,2025-09,,,P1,53.0131837371,58.8969583157,resolved,"deterioro confirmado dos meses seguidos: el score sube 5,9 puntos hasta 58,9 (vigilar)."
ALERT_00105,COMP_0735,GROUP_0200,regime_deteriorating,watch,down,2025-09,,,L1,48.9353820668,56.2555543491,resolved,"deterioro confirmado dos meses seguidos: el score sube 7,3 puntos hasta 56,3 (vigilar)."
ALERT_00106,COMP_0778,GROUP_0238,regime_improving,watch,up,2025-09,,,C1,61.4096547275,60.2757631597,resolved,"mejora confirmada dos meses seguidos: el score cae 1,1 puntos hasta 60,3 (sana)."
ALERT_00107,COMP_0827,GROUP_0078,cap_NEGCASH,urgent,down,2025-09,2025-10,1,NEGCASH,62.2303737639,40,resolved,"caja agregada en negativo dos meses seguidos: el score cae 22,2 puntos hasta 40,0 (vigilar)."
ALERT_00108,COMP_0846,GROUP_0141,level_shift_up,watch,up,2025-09,,,P1,82.8294092416,82.8704491121,resolved,"escalon al alza en el nivel del score: el score sube 0,0 puntos hasta 82,9 (excepcionalmente solida)."
ALERT_00109,COMP_0993,GROUP_0226,level_shift_down,review,down,2025-09,,,D2,50,50,resolved,"escalon a la baja en el nivel del score: el score sube 0,0 puntos hasta 50,0 (vigilar)."
ALERT_00110,COMP_1032,GROUP_0023,level_shift_down,review,down,2025-09,,,C1,35.95190618,37.0400150704,resolved,"escalon a la baja en el nivel del score: el score sube 1,1 puntos hasta 37,0 (tension)."
ALERT_00111,COMP_1086,GROUP_0193,level_shift_up,watch,up,2025-09,,,L1,85.7346703596,87.5741103665,resolved,"escalon al alza en el nivel del score: el score sube 1,8 puntos hasta 87,6 (excepcionalmente solida)."
ALERT_00112,COMP_1155,GROUP_0150,regime_deteriorating,watch,down,2025-09,,,A2,34.5877302076,35.7435855078,resolved,"deterioro confirmado dos meses seguidos: el score sube 1,2 puntos hasta 35,7 (tension)."
ALERT_00113,COMP_1160,GROUP_0158,level_shift_down,review,down,2025-09,2026-02,5,L3,54.1917692802,55.7134986853,resolved,"escalon a la baja en el nivel del score: el score sube 1,5 puntos hasta 55,7 (vigilar)."
ALERT_00114,COMP_1160,GROUP_0158,regime_deteriorating,review,down,2025-09,2026-02,5,L3,54.1917692802,55.7134986853,resolved,"deterioro confirmado dos meses seguidos: el score sube 1,5 puntos hasta 55,7 (vigilar)."
ALERT_00115,COMP_1170,GROUP_0090,level_shift_down,review,down,2025-09,,,A1,36.8239938157,33.8595925084,open,"escalon a la baja en el nivel del score: el score cae 3,0 puntos hasta 33,9 (tension)."
ALERT_00116,COMP_1256,GROUP_0079,level_shift_down,review,down,2025-09,,,L1,51.9877721484,51.0960663405,resolved,"escalon a la baja en el nivel del score: el score cae 0,9 puntos hasta 51,1 (vigilar)."
ALERT_00117,COMP_1256,GROUP_0079,regime_deteriorating,review,down,2025-09,,,L1,51.9877721484,51.0960663405,resolved,"deterioro confirmado dos meses seguidos: el score cae 0,9 puntos hasta 51,1 (vigilar)."
ALERT_00118,COMP_1277,GROUP_0200,level_shift_up,watch,up,2025-09,,,L1,83.7504850428,83.6204319468,resolved,"escalon al alza en el nivel del score: el score cae 0,1 puntos hasta 83,6 (excepcionalmente solida)."
ALERT_00119,COMP_0047,GROUP_0018,regime_deteriorating,review,down,2025-10,2026-04,6,D1,71.6726061769,72.3555924723,open,"deterioro confirmado dos meses seguidos: el score sube 0,7 puntos hasta 72,4 (sana)."
ALERT_00120,COMP_0049,GROUP_0180,cap_NEGCASH,urgent,down,2025-10,2025-11,1,NEGCASH,38.6546792612,39.6048638597,resolved,"caja agregada en negativo dos meses seguidos: el score sube 1,0 puntos hasta 39,6 (tension)."
ALERT_00121,COMP_0138,GROUP_0035,level_shift_up,watch,up,2025-10,,,L3,96.2323694359,97.3233192166,resolved,"escalon al alza en el nivel del score: el score sube 1,1 puntos hasta 97,3 (excepcionalmente solida)."
ALERT_00122,COMP_0151,GROUP_0101,level_shift_up,watch,up,2025-10,,,L3,90.4939577559,91.8204556077,resolved,"escalon al alza en el nivel del score: el score sube 1,3 puntos hasta 91,8 (excepcionalmente solida)."
ALERT_00123,COMP_0294,GROUP_0217,regime_deteriorating,review,down,2025-10,,,L1,56.6743682284,52.922473624,resolved,"deterioro confirmado dos meses seguidos: el score cae 3,8 puntos hasta 52,9 (vigilar)."
ALERT_00124,COMP_0414,GROUP_0217,level_shift_down,review,down,2025-10,,,L3,65.3561425624,59.7348916772,resolved,"escalon a la baja en el nivel del score: el score cae 5,6 puntos hasta 59,7 (vigilar)."
ALERT_00125,COMP_0414,GROUP_0217,regime_deteriorating,review,down,2025-10,,,L3,65.3561425624,59.7348916772,resolved,"deterioro confirmado dos meses seguidos: el score cae 5,6 puntos hasta 59,7 (vigilar)."
ALERT_00126,COMP_0453,GROUP_0023,regime_improving,watch,up,2025-10,,,L1,79.0210856701,75.5161429811,resolved,"mejora confirmada dos meses seguidos: el score cae 3,5 puntos hasta 75,5 (sana)."
ALERT_00127,COMP_0471,GROUP_0162,regime_improving,watch,up,2025-10,,,C3,63.3477183921,62.0873857985,resolved,"mejora confirmada dos meses seguidos: el score cae 1,3 puntos hasta 62,1 (sana)."
ALERT_00128,COMP_0512,GROUP_0217,level_shift_down,review,down,2025-10,,,A1,54.3482494789,55.2185281959,resolved,"escalon a la baja en el nivel del score: el score sube 0,9 puntos hasta 55,2 (vigilar)."
ALERT_00129,COMP_0519,GROUP_0233,level_shift_down,review,down,2025-10,,,L3,55.7111468568,56.3609526864,open,"escalon a la baja en el nivel del score: el score sube 0,6 puntos hasta 56,4 (vigilar)."
ALERT_00130,COMP_0545,GROUP_0015,level_shift_down,review,down,2025-10,2026-01,3,C3,45.5561112025,49.3501097889,resolved,"escalon a la baja en el nivel del score: el score sube 3,8 puntos hasta 49,4 (vigilar)."
ALERT_00131,COMP_0659,GROUP_0035,level_shift_up,watch,up,2025-10,,,C1,59.7170968887,62.3956086705,resolved,"escalon al alza en el nivel del score: el score sube 2,7 puntos hasta 62,4 (sana)."
ALERT_00132,COMP_0674,GROUP_0112,level_shift_down,review,down,2025-10,,,L3,68.216347668,69.1833972093,resolved,"escalon a la baja en el nivel del score: el score sube 1,0 puntos hasta 69,2 (sana)."
ALERT_00133,COMP_0700,GROUP_0103,level_shift_up,watch,up,2025-10,,,D3,64.0335579017,63.1636583224,resolved,"escalon al alza en el nivel del score: el score cae 0,9 puntos hasta 63,2 (sana)."
ALERT_00134,COMP_0811,GROUP_0155,level_shift_down,review,down,2025-10,2026-02,4,P2,48.2103084912,48.4089856046,open,"escalon a la baja en el nivel del score: el score sube 0,2 puntos hasta 48,4 (vigilar)."
ALERT_00135,COMP_0811,GROUP_0155,regime_deteriorating,review,down,2025-10,2026-02,4,P2,48.2103084912,48.4089856046,open,"deterioro confirmado dos meses seguidos: el score sube 0,2 puntos hasta 48,4 (vigilar)."
ALERT_00136,COMP_0819,GROUP_0250,level_shift_down,review,down,2025-10,,,D3,32.0882598334,32.2830796204,open,"escalon a la baja en el nivel del score: el score sube 0,2 puntos hasta 32,3 (tension)."
ALERT_00137,COMP_0821,GROUP_0070,level_shift_up,watch,up,2025-10,,,P1,92.567340591,93.1921555221,resolved,"escalon al alza en el nivel del score: el score sube 0,6 puntos hasta 93,2 (excepcionalmente solida)."
ALERT_00138,COMP_0827,GROUP_0078,level_shift_down,review,down,2025-10,2025-11,1,L3,40,40,resolved,"escalon a la baja en el nivel del score: el score sube 0,0 puntos hasta 40,0 (vigilar)."
ALERT_00139,COMP_0835,GROUP_0250,level_shift_up,watch,up,2025-10,,,P2,49.9115410875,49.7481386489,resolved,"escalon al alza en el nivel del score: el score cae 0,2 puntos hasta 49,7 (vigilar)."
ALERT_00140,COMP_0884,GROUP_0222,regime_improving,watch,up,2025-10,,,A1,57.0185283395,54.755642525,resolved,"mejora confirmada dos meses seguidos: el score cae 2,3 puntos hasta 54,8 (vigilar)."
ALERT_00141,COMP_0908,GROUP_0022,regime_deteriorating,review,down,2025-10,,,P1,23.832375517,20.1671996245,resolved,"deterioro confirmado dos meses seguidos: el score cae 3,7 puntos hasta 20,2 (tension)."
ALERT_00142,COMP_0914,GROUP_0244,level_shift_down,review,down,2025-10,,,P1,40,55.4112069865,resolved,"escalon a la baja en el nivel del score: el score sube 15,4 puntos hasta 55,4 (vigilar)."
ALERT_00143,COMP_0952,GROUP_0103,level_shift_down,review,down,2025-10,,,D3,55.8763735229,55.670569326,resolved,"escalon a la baja en el nivel del score: el score cae 0,2 puntos hasta 55,7 (vigilar)."
ALERT_00144,COMP_0969,GROUP_0158,level_shift_down,review,down,2025-10,,,L1,54.9273518052,55.8387840473,open,"escalon a la baja en el nivel del score: el score sube 0,9 puntos hasta 55,8 (vigilar)."
ALERT_00145,COMP_0969,GROUP_0158,regime_deteriorating,review,down,2025-10,,,L1,54.9273518052,55.8387840473,open,"deterioro confirmado dos meses seguidos: el score sube 0,9 puntos hasta 55,8 (vigilar)."
ALERT_00146,COMP_0985,GROUP_0141,level_shift_up,watch,up,2025-10,,,P1,82.046095211,85.2497782561,resolved,"escalon al alza en el nivel del score: el score sube 3,2 puntos hasta 85,2 (excepcionalmente solida)."
ALERT_00147,COMP_0985,GROUP_0141,regime_improving,review,up,2025-10,,,P1,82.046095211,85.2497782561,resolved,"mejora confirmada dos meses seguidos: el score sube 3,2 puntos hasta 85,2 (excepcionalmente solida)."
ALERT_00148,COMP_1003,GROUP_0132,level_shift_down,review,down,2025-10,,,P1,27.5362108562,28.7325617566,resolved,"escalon a la baja en el nivel del score: el score sube 1,2 puntos hasta 28,7 (tension)."
ALERT_00149,COMP_1037,GROUP_0081,cap_DEBTSTOP,urgent,down,2025-10,2025-11,1,DEBTSTOP,74.2168283676,50,resolved,"dos meses sin amortizar deuda que venia pagando: el score cae 24,2 puntos hasta 50,0 (vigilar)."
ALERT_00150,COMP_1058,GROUP_0124,level_shift_down,review,down,2025-10,,,L2,42.7930233522,43.3362382709,resolved,"escalon a la baja en el nivel del score: el score sube 0,5 puntos hasta 43,3 (vigilar)."
ALERT_00151,COMP_1072,GROUP_0081,level_shift_down,review,down,2025-10,2026-02,4,L3,42.3174471999,41.7849344425,resolved,"escalon a la baja en el nivel del score: el score cae 0,5 puntos hasta 41,8 (vigilar)."
ALERT_00152,COMP_1072,GROUP_0081,regime_deteriorating,review,down,2025-10,2026-02,4,L3,42.3174471999,41.7849344425,resolved,"deterioro confirmado dos meses seguidos: el score cae 0,5 puntos hasta 41,8 (vigilar)."
ALERT_00153,COMP_1078,GROUP_0013,level_shift_up,watch,up,2025-10,,,L1,81.6782392553,80.1744614767,resolved,"escalon al alza en el nivel del score: el score cae 1,5 puntos hasta 80,2 (excepcionalmente solida)."
ALERT_00154,COMP_1079,GROUP_0141,level_shift_up,watch,up,2025-10,,,C3,61.3532450471,64.8151295926,resolved,"escalon al alza en el nivel del score: el score sube 3,5 puntos hasta 64,8 (sana)."
ALERT_00155,COMP_1183,GROUP_0018,regime_improving,watch,up,2025-10,,,A1,67.9727902314,67.5764508502,resolved,"mejora confirmada dos meses seguidos: el score cae 0,4 puntos hasta 67,6 (sana)."
ALERT_00156,COMP_1206,GROUP_0084,regime_deteriorating,watch,down,2025-10,,,D4,69.8533941302,69.6247537773,open,"deterioro confirmado dos meses seguidos: el score cae 0,2 puntos hasta 69,6 (sana)."
ALERT_00157,COMP_1210,GROUP_0015,regime_deteriorating,review,down,2025-10,,,L5,83.6331649486,78.9869813773,resolved,"deterioro confirmado dos meses seguidos: el score cae 4,6 puntos hasta 79,0 (sana)."
ALERT_00158,COMP_1249,GROUP_0090,level_shift_up,watch,up,2025-10,,,L1,83.6664724347,86.3008780293,resolved,"escalon al alza en el nivel del score: el score sube 2,6 puntos hasta 86,3 (excepcionalmente solida)."
ALERT_00159,COMP_0047,GROUP_0018,level_shift_down,review,down,2025-11,2026-04,5,D4,72.3555924723,70.0263475744,resolved,"escalon a la baja en el nivel del score: el score cae 2,3 puntos hasta 70,0 (sana)."
ALERT_00160,COMP_0049,GROUP_0180,regime_improving,watch,up,2025-11,,,C6,39.6048638597,40,resolved,"mejora confirmada dos meses seguidos: el score sube 0,4 puntos hasta 40,0 (vigilar)."
ALERT_00161,COMP_0229,GROUP_0101,level_shift_down,review,down,2025-11,,,L3,58.9777645848,56.8302596507,resolved,"escalon a la baja en el nivel del score: el score cae 2,1 puntos hasta 56,8 (vigilar)."
ALERT_00162,COMP_0229,GROUP_0101,regime_deteriorating,review,down,2025-11,,,L3,58.9777645848,56.8302596507,resolved,"deterioro confirmado dos meses seguidos: el score cae 2,1 puntos hasta 56,8 (vigilar)."
ALERT_00163,COMP_0257,GROUP_0023,cap_NEGCASH,urgent,down,2025-11,2025-12,1,NEGCASH,42.3646285846,37.4746890962,resolved,"caja agregada en negativo dos meses seguidos: el score cae 4,9 puntos hasta 37,5 (tension)."
ALERT_00164,COMP_0521,GROUP_0073,level_shift_up,watch,up,2025-11,,,L3,88.0239069511,84.2173267744,resolved,"escalon al alza en el nivel del score: el score cae 3,8 puntos hasta 84,2 (excepcionalmente solida)."
ALERT_00165,COMP_0533,GROUP_0079,cap_SSMISS,urgent,down,2025-11,2025-12,1,SSMISS,61.2562610297,45,resolved,"dos meses sin pagar la Seguridad Social: el score cae 16,3 puntos hasta 45,0 (vigilar)."
ALERT_00166,COMP_0545,GROUP_0015,regime_deteriorating,review,down,2025-11,2026-01,2,P3,49.3501097889,50.1678234381,open,"deterioro confirmado dos meses seguidos: el score sube 0,8 puntos hasta 50,2 (vigilar)."
ALERT_00167,COMP_0601,GROUP_0070,regime_deteriorating,review,down,2025-11,2026-04,5,P2,60.9549275399,62.6753814893,open,"deterioro confirmado dos meses seguidos: el score sube 1,7 puntos hasta 62,7 (sana)."
ALERT_00168,COMP_0671,GROUP_0250,level_shift_up,watch,up,2025-11,,,L1,66.9284925774,66.2551514836,resolved,"escalon al alza en el nivel del score: el score cae 0,7 puntos hasta 66,3 (sana)."
ALERT_00169,COMP_0682,GROUP_0200,level_shift_up,watch,up,2025-11,,,A2,79.7109690544,81.9239983705,resolved,"escalon al alza en el nivel del score: el score sube 2,2 puntos hasta 81,9 (excepcionalmente solida)."
ALERT_00170,COMP_0692,GROUP_0108,level_shift_down,review,down,2025-11,,,L1,42.679819073,47.9559709609,resolved,"escalon a la baja en el nivel del score: el score sube 5,3 puntos hasta 48,0 (vigilar)."
ALERT_00171,COMP_0719,GROUP_0068,regime_improving,watch,up,2025-11,,,D4,41.7413784142,43.2476798064,resolved,"mejora confirmada dos meses seguidos: el score sube 1,5 puntos hasta 43,2 (vigilar)."
ALERT_00172,COMP_0748,GROUP_0074,level_shift_up,watch,up,2025-11,,,D4,52.9214790654,51.7560458374,resolved,"escalon al alza en el nivel del score: el score cae 1,2 puntos hasta 51,8 (vigilar)."
ALERT_00173,COMP_0869,GROUP_0228,level_shift_up,watch,up,2025-11,,,P1,68.0882055079,69.0223270111,resolved,"escalon al alza en el nivel del score: el score sube 0,9 puntos hasta 69,0 (sana)."
ALERT_00174,COMP_0879,GROUP_0108,cap_NEGCASH,urgent,down,2025-11,2025-12,1,NEGCASH,58.0797981923,40,resolved,"caja agregada en negativo dos meses seguidos: el score cae 18,1 puntos hasta 40,0 (vigilar)."
ALERT_00175,COMP_0923,GROUP_0126,level_shift_down,review,down,2025-11,,,L1,39.592801658,31.4299693984,resolved,"escalon a la baja en el nivel del score: el score cae 8,2 puntos hasta 31,4 (tension)."
ALERT_00176,COMP_0923,GROUP_0126,regime_deteriorating,review,down,2025-11,,,L1,39.592801658,31.4299693984,resolved,"deterioro confirmado dos meses seguidos: el score cae 8,2 puntos hasta 31,4 (tension)."
ALERT_00177,COMP_0950,GROUP_0082,level_shift_down,review,down,2025-11,2026-01,2,L1,55.4836334314,60.8032966137,resolved,"escalon a la baja en el nivel del score: el score sube 5,3 puntos hasta 60,8 (sana)."
ALERT_00178,COMP_0950,GROUP_0082,regime_deteriorating,review,down,2025-11,2026-01,2,L1,55.4836334314,60.8032966137,resolved,"deterioro confirmado dos meses seguidos: el score sube 5,3 puntos hasta 60,8 (sana)."
ALERT_00179,COMP_1037,GROUP_0081,level_shift_down,review,down,2025-11,,,D2,50,50,resolved,"escalon a la baja en el nivel del score: el score sube 0,0 puntos hasta 50,0 (vigilar)."
ALERT_00180,COMP_1074,GROUP_0238,regime_deteriorating,review,down,2025-11,,,A1,58.9625475012,54.4468660941,resolved,"deterioro confirmado dos meses seguidos: el score cae 4,5 puntos hasta 54,4 (vigilar)."
ALERT_00181,COMP_1078,GROUP_0013,regime_improving,review,up,2025-11,,,L1,80.1744614767,79.4765635382,resolved,"mejora confirmada dos meses seguidos: el score cae 0,7 puntos hasta 79,5 (sana)."
ALERT_00182,COMP_1210,GROUP_0015,level_shift_down,review,down,2025-11,2026-01,2,L5,78.9869813773,80.1018342433,open,"escalon a la baja en el nivel del score: el score sube 1,1 puntos hasta 80,1 (excepcionalmente solida)."
ALERT_00183,COMP_1234,GROUP_0142,regime_improving,review,up,2025-11,,,L3,44.6974079315,45.0032025862,resolved,"mejora confirmada dos meses seguidos: el score sube 0,3 puntos hasta 45,0 (vigilar)."
ALERT_00184,COMP_1238,GROUP_0142,level_shift_down,review,down,2025-11,,,P2,48.0388005254,49.7735855955,open,"escalon a la baja en el nivel del score: el score sube 1,7 puntos hasta 49,8 (vigilar)."
ALERT_00185,COMP_1239,GROUP_0250,level_shift_up,watch,up,2025-11,,,P1,76.2508975695,76.8971514877,resolved,"escalon al alza en el nivel del score: el score sube 0,6 puntos hasta 76,9 (sana)."
ALERT_00186,COMP_1269,GROUP_0019,level_shift_down,review,down,2025-11,,,D2,53.7227235406,55.279616685,resolved,"escalon a la baja en el nivel del score: el score sube 1,6 puntos hasta 55,3 (vigilar)."
ALERT_00187,COMP_0074,GROUP_0088,level_shift_down,review,down,2025-12,,,D1,42.3406068008,41.5333764075,resolved,"escalon a la baja en el nivel del score: el score cae 0,8 puntos hasta 41,5 (vigilar)."
ALERT_00188,COMP_0081,GROUP_0217,cap_NEGCASH,urgent,down,2025-12,2026-01,1,NEGCASH,39.1075692509,40,open,"caja agregada en negativo dos meses seguidos: el score sube 0,9 puntos hasta 40,0 (vigilar)."
ALERT_00189,COMP_0087,GROUP_0065,level_shift_up,watch,up,2025-12,,,L3,84.8892092607,88.3568405101,resolved,"escalon al alza en el nivel del score: el score sube 3,5 puntos hasta 88,4 (excepcionalmente solida)."
ALERT_00190,COMP_0094,GROUP_0021,regime_improving,review,up,2025-12,,,C1,71.9608448293,72.678961619,resolved,"mejora confirmada dos meses seguidos: el score sube 0,7 puntos hasta 72,7 (sana)."
ALERT_00191,COMP_0137,GROUP_0217,level_shift_up,watch,up,2025-12,,,L3,48.5012156393,47.8648421464,resolved,"escalon al alza en el nivel del score: el score cae 0,6 puntos hasta 47,9 (vigilar)."
ALERT_00192,COMP_0142,GROUP_0217,cap_SSMISS,urgent,down,2025-12,2026-01,1,SSMISS,43.5490388329,45,resolved,"dos meses sin pagar la Seguridad Social: el score sube 1,5 puntos hasta 45,0 (vigilar)."
ALERT_00193,COMP_0181,GROUP_0045,level_shift_down,review,down,2025-12,,,D1,47.8879339191,48.7309279702,resolved,"escalon a la baja en el nivel del score: el score sube 0,8 puntos hasta 48,7 (vigilar)."
ALERT_00194,COMP_0181,GROUP_0045,regime_deteriorating,review,down,2025-12,,,D1,47.8879339191,48.7309279702,resolved,"deterioro confirmado dos meses seguidos: el score sube 0,8 puntos hasta 48,7 (vigilar)."
ALERT_00195,COMP_0201,GROUP_0101,level_shift_down,review,down,2025-12,,,L3,25.542223278,21.0007116412,resolved,"escalon a la baja en el nivel del score: el score cae 4,5 puntos hasta 21,0 (tension)."
ALERT_00196,COMP_0201,GROUP_0101,regime_deteriorating,review,down,2025-12,,,L3,25.542223278,21.0007116412,resolved,"deterioro confirmado dos meses seguidos: el score cae 4,5 puntos hasta 21,0 (tension)."
ALERT_00197,COMP_0218,GROUP_0113,level_shift_down,review,down,2025-12,,,A1,51.6546145477,50.9585833776,open,"escalon a la baja en el nivel del score: el score cae 0,7 puntos hasta 51,0 (vigilar)."
ALERT_00198,COMP_0228,GROUP_0081,level_shift_up,watch,up,2025-12,,,P1,50.9023405401,52.0803864229,resolved,"escalon al alza en el nivel del score: el score sube 1,2 puntos hasta 52,1 (vigilar)."
ALERT_00199,COMP_0322,GROUP_0108,level_shift_down,review,down,2025-12,,,L1,50.5466807553,34.3175893652,resolved,"escalon a la baja en el nivel del score: el score cae 16,2 puntos hasta 34,3 (tension)."
ALERT_00200,COMP_0454,GROUP_0112,level_shift_down,review,down,2025-12,,,L4,68.272683778,69.2790350248,resolved,"escalon a la baja en el nivel del score: el score sube 1,0 puntos hasta 69,3 (sana)."
ALERT_00201,COMP_0454,GROUP_0112,regime_deteriorating,review,down,2025-12,,,L4,68.272683778,69.2790350248,resolved,"deterioro confirmado dos meses seguidos: el score sube 1,0 puntos hasta 69,3 (sana)."
ALERT_00202,COMP_0460,GROUP_0116,regime_deteriorating,review,down,2025-12,,,L2,46.2059393216,43.9538887005,resolved,"deterioro confirmado dos meses seguidos: el score cae 2,3 puntos hasta 44,0 (vigilar)."
ALERT_00203,COMP_0521,GROUP_0073,regime_improving,review,up,2025-12,,,L3,84.2173267744,82.1818792203,resolved,"mejora confirmada dos meses seguidos: el score cae 2,0 puntos hasta 82,2 (excepcionalmente solida)."
ALERT_00204,COMP_0533,GROUP_0079,level_shift_down,review,down,2025-12,,,P4,45,45,resolved,"escalon a la baja en el nivel del score: el score sube 0,0 puntos hasta 45,0 (vigilar)."
ALERT_00205,COMP_0547,GROUP_0023,level_shift_down,review,down,2025-12,,,A1,49.8303611043,45.8187155501,resolved,"escalon a la baja en el nivel del score: el score cae 4,0 puntos hasta 45,8 (vigilar)."
ALERT_00206,COMP_0560,GROUP_0097,cap_NEGCASH,urgent,down,2025-12,2026-01,1,NEGCASH,65.2647357177,40,resolved,"caja agregada en negativo dos meses seguidos: el score cae 25,3 puntos hasta 40,0 (vigilar)."
ALERT_00207,COMP_0658,GROUP_0132,level_shift_down,review,down,2025-12,2026-03,3,L2,59.7692979623,60.0301091286,resolved,"escalon a la baja en el nivel del score: el score sube 0,3 puntos hasta 60,0 (sana)."
ALERT_00208,COMP_0658,GROUP_0132,regime_deteriorating,review,down,2025-12,2026-03,3,L2,59.7692979623,60.0301091286,resolved,"deterioro confirmado dos meses seguidos: el score sube 0,3 puntos hasta 60,0 (sana)."
ALERT_00209,COMP_0772,GROUP_0023,level_shift_up,watch,up,2025-12,,,P1,68.6068326311,69.6433302784,resolved,"escalon al alza en el nivel del score: el score sube 1,0 puntos hasta 69,6 (sana)."
ALERT_00210,COMP_0774,GROUP_0103,level_shift_up,watch,up,2025-12,,,A1,64.4950978021,66.9950786885,resolved,"escalon al alza en el nivel del score: el score sube 2,5 puntos hasta 67,0 (sana)."
ALERT_00211,COMP_0845,GROUP_0222,level_shift_up,watch,up,2025-12,,,P3,67.866203696,70.2366444717,resolved,"escalon al alza en el nivel del score: el score sube 2,4 puntos hasta 70,2 (sana)."
ALERT_00212,COMP_0879,GROUP_0108,level_shift_down,review,down,2025-12,2026-01,1,L3,40,40,resolved,"escalon a la baja en el nivel del score: el score sube 0,0 puntos hasta 40,0 (vigilar)."
ALERT_00213,COMP_0931,GROUP_0084,level_shift_down,review,down,2025-12,,,P1,56.5180654955,61.8436312964,resolved,"escalon a la baja en el nivel del score: el score sube 5,3 puntos hasta 61,8 (sana)."
ALERT_00214,COMP_0982,GROUP_0207,level_shift_down,review,down,2025-12,2026-06,6,L3,38.8998873756,36.4733310015,resolved,"escalon a la baja en el nivel del score: el score cae 2,4 puntos hasta 36,5 (tension)."
ALERT_00215,COMP_1030,GROUP_0108,level_shift_down,review,down,2025-12,,,D4,77.3648018593,79.365312999,open,"escalon a la baja en el nivel del score: el score sube 2,0 puntos hasta 79,4 (sana)."
ALERT_00216,COMP_1033,GROUP_0142,level_shift_down,review,down,2025-12,2026-01,1,L2,62.4822387422,66.0612282801,open,"escalon a la baja en el nivel del score: el score sube 3,6 puntos hasta 66,1 (sana)."
ALERT_00217,COMP_1033,GROUP_0142,regime_deteriorating,review,down,2025-12,2026-01,1,L2,62.4822387422,66.0612282801,open,"deterioro confirmado dos meses seguidos: el score sube 3,6 puntos hasta 66,1 (sana)."
ALERT_00218,COMP_1039,GROUP_0146,regime_deteriorating,watch,down,2025-12,2026-04,4,D3,73.2682824051,71.8799404163,resolved,"deterioro confirmado dos meses seguidos: el score cae 1,4 puntos hasta 71,9 (sana)."
ALERT_00219,COMP_1074,GROUP_0238,level_shift_down,review,down,2025-12,,,A1,54.4468660941,56.885007533,open,"escalon a la baja en el nivel del score: el score sube 2,4 puntos hasta 56,9 (vigilar)."
ALERT_00220,COMP_1196,GROUP_0222,level_shift_down,review,down,2025-12,,,A1,49.6604400145,50.5484064539,resolved,"escalon a la baja en el nivel del score: el score sube 0,9 puntos hasta 50,5 (vigilar)."
ALERT_00221,COMP_1219,GROUP_0142,cap_NEGCASH,urgent,down,2025-12,2026-01,1,NEGCASH,38.9705518004,40,resolved,"caja agregada en negativo dos meses seguidos: el score sube 1,0 puntos hasta 40,0 (vigilar)."
ALERT_00222,COMP_1222,GROUP_0137,level_shift_up,watch,up,2025-12,,,L1,60.0453539169,61.1407820338,resolved,"escalon al alza en el nivel del score: el score sube 1,1 puntos hasta 61,1 (sana)."
ALERT_00223,COMP_1241,GROUP_0250,level_shift_down,review,down,2025-12,,,A2,32.7783918998,35.4750703116,resolved,"escalon a la baja en el nivel del score: el score sube 2,7 puntos hasta 35,5 (tension)."
ALERT_00224,COMP_1269,GROUP_0019,regime_deteriorating,watch,down,2025-12,,,P1,55.279616685,54.6320807366,resolved,"deterioro confirmado dos meses seguidos: el score cae 0,6 puntos hasta 54,6 (vigilar)."
ALERT_00225,COMP_0094,GROUP_0021,level_shift_up,watch,up,2026-01,,,A2,72.678961619,73.562497328,resolved,"escalon al alza en el nivel del score: el score sube 0,9 puntos hasta 73,6 (sana)."
ALERT_00226,COMP_0101,GROUP_0108,regime_improving,review,up,2026-01,,,A2,66.447419228,81.8604202962,resolved,"mejora confirmada dos meses seguidos: el score sube 15,4 puntos hasta 81,9 (excepcionalmente solida)."
ALERT_00227,COMP_0106,GROUP_0022,level_shift_up,watch,up,2026-01,,,A2,66.8865904047,65.43222869,resolved,"escalon al alza en el nivel del score: el score cae 1,5 puntos hasta 65,4 (sana)."
ALERT_00228,COMP_0130,GROUP_0079,level_shift_down,review,down,2026-01,2026-02,1,C2,56.4796088094,52.6231765411,resolved,"escalon a la baja en el nivel del score: el score cae 3,9 puntos hasta 52,6 (vigilar)."
ALERT_00229,COMP_0130,GROUP_0079,regime_deteriorating,review,down,2026-01,2026-02,1,C2,56.4796088094,52.6231765411,resolved,"deterioro confirmado dos meses seguidos: el score cae 3,9 puntos hasta 52,6 (vigilar)."
ALERT_00230,COMP_0155,GROUP_0143,level_shift_up,watch,up,2026-01,,,A1,77.2981841177,75.7788194036,resolved,"escalon al alza en el nivel del score: el score cae 1,5 puntos hasta 75,8 (sana)."
ALERT_00231,COMP_0194,GROUP_0035,level_shift_up,watch,up,2026-01,,,A1,65.9204529901,66.7393776473,resolved,"escalon al alza en el nivel del score: el score sube 0,8 puntos hasta 66,7 (sana)."
ALERT_00232,COMP_0245,GROUP_0096,regime_deteriorating,review,down,2026-01,,,A3,50.9336063359,51.3220116468,resolved,"deterioro confirmado dos meses seguidos: el score sube 0,4 puntos hasta 51,3 (vigilar)."
ALERT_00233,COMP_0268,GROUP_0094,level_shift_up,watch,up,2026-01,,,L3,71.1911956773,70.9298113806,resolved,"escalon al alza en el nivel del score: el score cae 0,3 puntos hasta 70,9 (sana)."
ALERT_00234,COMP_0316,GROUP_0150,level_shift_down,review,down,2026-01,,,L1,55.7582496587,57.0436557141,resolved,"escalon a la baja en el nivel del score: el score sube 1,3 puntos hasta 57,0 (vigilar)."
ALERT_00235,COMP_0334,GROUP_0159,level_shift_up,watch,up,2026-01,,,L3,63.4416688853,66.5046849747,resolved,"escalon al alza en el nivel del score: el score sube 3,1 puntos hasta 66,5 (sana)."
ALERT_00236,COMP_0339,GROUP_0188,level_shift_up,watch,up,2026-01,,,A2,72.9305292296,75.2873368018,resolved,"escalon al alza en el nivel del score: el score sube 2,4 puntos hasta 75,3 (sana)."
ALERT_00237,COMP_0381,GROUP_0079,level_shift_down,review,down,2026-01,,,L1,50.5866772794,48.6067433508,resolved,"escalon a la baja en el nivel del score: el score cae 2,0 puntos hasta 48,6 (vigilar)."
ALERT_00238,COMP_0450,GROUP_0202,level_shift_down,review,down,2026-01,,,A3,67.7699841452,71.5953331878,open,"escalon a la baja en el nivel del score: el score sube 3,8 puntos hasta 71,6 (sana)."
ALERT_00239,COMP_0455,GROUP_0222,level_shift_up,watch,up,2026-01,,,C2,53.6275516169,55.8940132538,resolved,"escalon al alza en el nivel del score: el score sube 2,3 puntos hasta 55,9 (vigilar)."
ALERT_00240,COMP_0455,GROUP_0222,regime_improving,review,up,2026-01,,,C2,53.6275516169,55.8940132538,resolved,"mejora confirmada dos meses seguidos: el score sube 2,3 puntos hasta 55,9 (vigilar)."
ALERT_00241,COMP_0560,GROUP_0097,level_shift_down,review,down,2026-01,2026-02,1,L3,40,40,resolved,"escalon a la baja en el nivel del score: el score sube 0,0 puntos hasta 40,0 (vigilar)."
ALERT_00242,COMP_0609,GROUP_0129,level_shift_down,review,down,2026-01,,,P1,59.7116043219,65.633435279,resolved,"escalon a la baja en el nivel del score: el score sube 5,9 puntos hasta 65,6 (sana)."
ALERT_00243,COMP_0609,GROUP_0129,regime_deteriorating,review,down,2026-01,,,P1,59.7116043219,65.633435279,resolved,"deterioro confirmado dos meses seguidos: el score sube 5,9 puntos hasta 65,6 (sana)."
ALERT_00244,COMP_0779,GROUP_0108,level_shift_down,review,down,2026-01,,,L5,87.8901450098,87.9167964871,resolved,"escalon a la baja en el nivel del score: el score sube 0,0 puntos hasta 87,9 (excepcionalmente solida)."
ALERT_00245,COMP_0803,GROUP_0231,level_shift_down,review,down,2026-01,,,L3,55.7429683355,55.4584807437,resolved,"escalon a la baja en el nivel del score: el score cae 0,3 puntos hasta 55,5 (vigilar)."
ALERT_00246,COMP_0843,GROUP_0218,level_shift_down,review,down,2026-01,,,D4,59.7601441479,55.8441344438,resolved,"escalon a la baja en el nivel del score: el score cae 3,9 puntos hasta 55,8 (vigilar)."
ALERT_00247,COMP_0843,GROUP_0218,regime_deteriorating,review,down,2026-01,,,D4,59.7601441479,55.8441344438,resolved,"deterioro confirmado dos meses seguidos: el score cae 3,9 puntos hasta 55,8 (vigilar)."
ALERT_00248,COMP_0914,GROUP_0244,level_shift_up,watch,up,2026-01,,,L3,58.9124075585,59.3290742244,resolved,"escalon al alza en el nivel del score: el score sube 0,4 puntos hasta 59,3 (vigilar)."
ALERT_00249,COMP_0922,GROUP_0096,level_shift_up,watch,up,2026-01,,,L3,86.1947708718,82.7653596348,resolved,"escalon al alza en el nivel del score: el score cae 3,4 puntos hasta 82,8 (excepcionalmente solida)."
ALERT_00250,COMP_0982,GROUP_0207,regime_deteriorating,review,down,2026-01,2026-06,5,L3,36.4733310015,35.6447834632,resolved,"deterioro confirmado dos meses seguidos: el score cae 0,8 puntos hasta 35,6 (tension)."
ALERT_00251,COMP_1030,GROUP_0108,regime_deteriorating,review,down,2026-01,,,P4,79.365312999,74.8398231821,resolved,"deterioro confirmado dos meses seguidos: el score cae 4,5 puntos hasta 74,8 (sana)."
ALERT_00252,COMP_1196,GROUP_0222,regime_deteriorating,review,down,2026-01,,,A1,50.5484064539,49.0514760565,resolved,"deterioro confirmado dos meses seguidos: el score cae 1,5 puntos hasta 49,1 (vigilar)."
ALERT_00253,COMP_1219,GROUP_0142,level_shift_down,review,down,2026-01,2026-02,1,L3,40,40,resolved,"escalon a la baja en el nivel del score: el score sube 0,0 puntos hasta 40,0 (vigilar)."
ALERT_00254,COMP_1247,GROUP_0217,level_shift_down,review,down,2026-01,,,A2,52.1518739753,50.6797694803,open,"escalon a la baja en el nivel del score: el score cae 1,5 puntos hasta 50,7 (vigilar)."
ALERT_00255,COMP_1247,GROUP_0217,regime_deteriorating,review,down,2026-01,,,A2,52.1518739753,50.6797694803,open,"deterioro confirmado dos meses seguidos: el score cae 1,5 puntos hasta 50,7 (vigilar)."
ALERT_00256,COMP_0024,GROUP_0222,level_shift_up,watch,up,2026-02,,,P1,72.1491781711,76.749218115,resolved,"escalon al alza en el nivel del score: el score sube 4,6 puntos hasta 76,7 (sana)."
ALERT_00257,COMP_0065,GROUP_0139,regime_deteriorating,watch,down,2026-02,,,D1,69.2931698414,68.4025032231,open,"deterioro confirmado dos meses seguidos: el score cae 0,9 puntos hasta 68,4 (sana)."
ALERT_00258,COMP_0098,GROUP_0132,level_shift_up,watch,up,2026-02,,,P2,54.877823562,55.8203604317,resolved,"escalon al alza en el nivel del score: el score sube 0,9 puntos hasta 55,8 (vigilar)."
ALERT_00259,COMP_0099,GROUP_0238,level_shift_down,review,down,2026-02,,,P1,53.1015495482,53.1073721954,resolved,"escalon a la baja en el nivel del score: el score sube 0,0 puntos hasta 53,1 (vigilar)."
ALERT_00260,COMP_0101,GROUP_0108,level_shift_up,watch,up,2026-02,,,A2,81.8604202962,83.2040145971,resolved,"escalon al alza en el nivel del score: el score sube 1,3 puntos hasta 83,2 (excepcionalmente solida)."
ALERT_00261,COMP_0142,GROUP_0217,regime_improving,watch,up,2026-02,,,L3,44.5555787194,45,resolved,"mejora confirmada dos meses seguidos: el score sube 0,4 puntos hasta 45,0 (vigilar)."
ALERT_00262,COMP_0155,GROUP_0143,regime_improving,review,up,2026-02,,,P1,75.7788194036,79.3762477427,resolved,"mejora confirmada dos meses seguidos: el score sube 3,6 puntos hasta 79,4 (sana)."
ALERT_00263,COMP_0164,GROUP_0154,level_shift_down,review,down,2026-02,,,L1,49.0189615116,53.9317456677,open,"escalon a la baja en el nivel del score: el score sube 4,9 puntos hasta 53,9 (vigilar)."
ALERT_00264,COMP_0164,GROUP_0154,regime_deteriorating,review,down,2026-02,,,L1,49.0189615116,53.9317456677,open,"deterioro confirmado dos meses seguidos: el score sube 4,9 puntos hasta 53,9 (vigilar)."
ALERT_00265,COMP_0194,GROUP_0035,regime_improving,watch,up,2026-02,,,L4,66.7393776473,66.3991974142,resolved,"mejora confirmada dos meses seguidos: el score cae 0,3 puntos hasta 66,4 (sana)."
ALERT_00266,COMP_0197,GROUP_0035,level_shift_down,review,down,2026-02,2026-05,3,L3,42.9848158978,46.2792234088,open,"escalon a la baja en el nivel del score: el score sube 3,3 puntos hasta 46,3 (vigilar)."
ALERT_00267,COMP_0203,GROUP_0016,level_shift_up,watch,up,2026-02,,,P2,80.4769492872,77.1732832261,resolved,"escalon al alza en el nivel del score: el score cae 3,3 puntos hasta 77,2 (sana)."
ALERT_00268,COMP_0203,GROUP_0016,regime_improving,review,up,2026-02,,,P2,80.4769492872,77.1732832261,resolved,"mejora confirmada dos meses seguidos: el score cae 3,3 puntos hasta 77,2 (sana)."
ALERT_00269,COMP_0245,GROUP_0096,level_shift_down,review,down,2026-02,,,A3,51.3220116468,49.9240366049,resolved,"escalon a la baja en el nivel del score: el score cae 1,4 puntos hasta 49,9 (vigilar)."
ALERT_00270,COMP_0263,GROUP_0250,level_shift_down,review,down,2026-02,,,L3,54.3650483477,50.7139246225,resolved,"escalon a la baja en el nivel del score: el score cae 3,7 puntos hasta 50,7 (vigilar)."
ALERT_00271,COMP_0316,GROUP_0150,regime_deteriorating,watch,down,2026-02,2026-08,6,L1,57.0436557141,60.4680264018,resolved,"deterioro confirmado dos meses seguidos: el score sube 3,4 puntos hasta 60,5 (sana)."
ALERT_00272,COMP_0330,GROUP_0088,level_shift_down,review,down,2026-02,,,L3,35.1281221743,33.4208994761,resolved,"escalon a la baja en el nivel del score: el score cae 1,7 puntos hasta 33,4 (tension)."
ALERT_00273,COMP_0330,GROUP_0088,regime_deteriorating,review,down,2026-02,,,L3,35.1281221743,33.4208994761,resolved,"deterioro confirmado dos meses seguidos: el score cae 1,7 puntos hasta 33,4 (tension)."
ALERT_00274,COMP_0405,GROUP_0035,regime_improving,watch,up,2026-02,,,P1,90.6746285248,89.0299200898,resolved,"mejora confirmada dos meses seguidos: el score cae 1,6 puntos hasta 89,0 (excepcionalmente solida)."
ALERT_00275,COMP_0466,GROUP_0200,regime_improving,review,up,2026-02,,,L3,91.4333136908,95.2637977671,resolved,"mejora confirmada dos meses seguidos: el score sube 3,8 puntos hasta 95,3 (excepcionalmente solida)."
ALERT_00276,COMP_0496,GROUP_0137,level_shift_up,watch,up,2026-02,,,D4,67.3677239009,71.4807920703,resolved,"escalon al alza en el nivel del score: el score sube 4,1 puntos hasta 71,5 (sana)."
ALERT_00277,COMP_0508,GROUP_0070,level_shift_down,review,down,2026-02,,,P1,63.7228669056,65.4325338294,open,"escalon a la baja en el nivel del score: el score sube 1,7 puntos hasta 65,4 (sana)."
ALERT_00278,COMP_0508,GROUP_0070,regime_deteriorating,review,down,2026-02,,,P1,63.7228669056,65.4325338294,open,"deterioro confirmado dos meses seguidos: el score sube 1,7 puntos hasta 65,4 (sana)."
ALERT_00279,COMP_0569,GROUP_0094,cap_NEGCASH,urgent,down,2026-02,2026-03,1,NEGCASH,45.7358162495,40,resolved,"caja agregada en negativo dos meses seguidos: el score cae 5,7 puntos hasta 40,0 (vigilar)."
ALERT_00280,COMP_0571,GROUP_0101,regime_deteriorating,review,down,2026-02,,,C2,79.1181523076,77.424830981,resolved,"deterioro confirmado dos meses seguidos: el score cae 1,7 puntos hasta 77,4 (sana)."
ALERT_00281,COMP_0611,GROUP_0099,level_shift_up,watch,up,2026-02,,,L3,92.7618843819,91.1823252488,resolved,"escalon al alza en el nivel del score: el score cae 1,6 puntos hasta 91,2 (excepcionalmente solida)."
ALERT_00282,COMP_0618,GROUP_0013,level_shift_down,review,down,2026-02,,,P2,59.0559090026,58.4277195922,resolved,"escalon a la baja en el nivel del score: el score cae 0,6 puntos hasta 58,4 (vigilar)."
ALERT_00283,COMP_0649,GROUP_0153,regime_improving,watch,up,2026-02,,,L3,44.6392396658,45.4179725475,resolved,"mejora confirmada dos meses seguidos: el score sube 0,8 puntos hasta 45,4 (vigilar)."
ALERT_00284,COMP_0703,GROUP_0115,level_shift_down,review,down,2026-02,,,L3,57.7747473752,51.378168389,resolved,"escalon a la baja en el nivel del score: el score cae 6,4 puntos hasta 51,4 (vigilar)."
ALERT_00285,COMP_0765,GROUP_0016,level_shift_down,review,down,2026-02,,,L3,36.6969831792,33.8166685962,resolved,"escalon a la baja en el nivel del score: el score cae 2,9 puntos hasta 33,8 (tension)."
ALERT_00286,COMP_0772,GROUP_0023,regime_improving,watch,up,2026-02,,,P1,72.1267594304,73.4182177478,resolved,"mejora confirmada dos meses seguidos: el score sube 1,3 puntos hasta 73,4 (sana)."
ALERT_00287,COMP_0807,GROUP_0101,regime_deteriorating,watch,down,2026-02,,,A1,53.2422696449,56.0782546083,open,"deterioro confirmado dos meses seguidos: el score sube 2,8 puntos hasta 56,1 (vigilar)."
ALERT_00288,COMP_0854,GROUP_0131,level_shift_down,review,down,2026-02,,,L3,41.7607712331,39.4806073878,resolved,"escalon a la baja en el nivel del score: el score cae 2,3 puntos hasta 39,5 (tension)."
ALERT_00289,COMP_0897,GROUP_0081,level_shift_up,watch,up,2026-02,,,L1,95.0648898234,94.5836598292,resolved,"escalon al alza en el nivel del score: el score cae 0,5 puntos hasta 94,6 (excepcionalmente solida)."
ALERT_00290,COMP_0897,GROUP_0081,regime_improving,review,up,2026-02,,,L1,95.0648898234,94.5836598292,resolved,"mejora confirmada dos meses seguidos: el score cae 0,5 puntos hasta 94,6 (excepcionalmente solida)."
ALERT_00291,COMP_0914,GROUP_0244,regime_improving,review,up,2026-02,,,D4,59.3290742244,56.7747597269,resolved,"mejora confirmada dos meses seguidos: el score cae 2,6 puntos hasta 56,8 (vigilar)."
ALERT_00292,COMP_0989,GROUP_0038,level_shift_down,review,down,2026-02,,,P2,50.9816424451,47.9555404124,resolved,"escalon a la baja en el nivel del score: el score cae 3,0 puntos hasta 48,0 (vigilar)."
ALERT_00293,COMP_1022,GROUP_0126,level_shift_down,review,down,2026-02,,,L1,55.6868316908,52.6514390987,resolved,"escalon a la baja en el nivel del score: el score cae 3,0 puntos hasta 52,7 (vigilar)."
ALERT_00294,COMP_1066,GROUP_0051,cap_DEBTSTOP,urgent,down,2026-02,2026-03,1,DEBTSTOP,62.411380091,45.2011085851,resolved,"dos meses sin amortizar deuda que venia pagando: el score cae 17,2 puntos hasta 45,2 (vigilar)."
ALERT_00295,COMP_1090,GROUP_0070,regime_improving,review,up,2026-02,,,A1,71.7859447641,77.2317887796,resolved,"mejora confirmada dos meses seguidos: el score sube 5,4 puntos hasta 77,2 (sana)."
ALERT_00296,COMP_1109,GROUP_0205,level_shift_down,review,down,2026-02,,,A2,53.712757902,50.7568071932,resolved,"escalon a la baja en el nivel del score: el score cae 3,0 puntos hasta 50,8 (vigilar)."
ALERT_00297,COMP_1109,GROUP_0205,regime_deteriorating,review,down,2026-02,,,A2,53.712757902,50.7568071932,resolved,"deterioro confirmado dos meses seguidos: el score cae 3,0 puntos hasta 50,8 (vigilar)."
ALERT_00298,COMP_1170,GROUP_0090,regime_deteriorating,review,down,2026-02,,,P1,29.2709358417,25.5292387451,resolved,"deterioro confirmado dos meses seguidos: el score cae 3,7 puntos hasta 25,5 (tension)."
ALERT_00299,COMP_1192,GROUP_0094,level_shift_up,watch,up,2026-02,,,P1,82.8735327261,84.7193823645,resolved,"escalon al alza en el nivel del score: el score sube 1,8 puntos hasta 84,7 (excepcionalmente solida)."
ALERT_00300,COMP_1212,GROUP_0118,level_shift_down,review,down,2026-02,2026-03,1,P2,59.9852699312,61.7547372534,open,"escalon a la baja en el nivel del score: el score sube 1,8 puntos hasta 61,8 (sana)."
ALERT_00301,COMP_1281,GROUP_0218,level_shift_down,review,down,2026-02,,,P1,71.3540877937,74.0723512024,resolved,"escalon a la baja en el nivel del score: el score sube 2,7 puntos hasta 74,1 (sana)."
ALERT_00302,COMP_0015,GROUP_0068,level_shift_up,watch,up,2026-03,,,L1,76.3369282828,75.8173952662,resolved,"escalon al alza en el nivel del score: el score cae 0,5 puntos hasta 75,8 (sana)."
ALERT_00303,COMP_0019,GROUP_0212,level_shift_down,review,down,2026-03,,,L1,52.1724921583,52.5739369357,resolved,"escalon a la baja en el nivel del score: el score sube 0,4 puntos hasta 52,6 (vigilar)."
ALERT_00304,COMP_0055,GROUP_0131,level_shift_up,watch,up,2026-03,,,L1,96.2927117593,97.3450738284,resolved,"escalon al alza en el nivel del score: el score sube 1,1 puntos hasta 97,3 (excepcionalmente solida)."
ALERT_00305,COMP_0128,GROUP_0103,level_shift_down,review,down,2026-03,2026-05,2,A2,32.3066353295,33.6407568451,open,"escalon a la baja en el nivel del score: el score sube 1,3 puntos hasta 33,6 (tension)."
ALERT_00306,COMP_0139,GROUP_0217,level_shift_up,watch,up,2026-03,,,D4,56.8256975453,58.6839907392,resolved,"escalon al alza en el nivel del score: el score sube 1,9 puntos hasta 58,7 (vigilar)."
ALERT_00307,COMP_0191,GROUP_0132,level_shift_down,review,down,2026-03,,,L3,48.015594619,44.4107952194,resolved,"escalon a la baja en el nivel del score: el score cae 3,6 puntos hasta 44,4 (vigilar)."
ALERT_00308,COMP_0281,GROUP_0127,level_shift_down,review,down,2026-03,,,A1,40.2775631926,42.8740632887,resolved,"escalon a la baja en el nivel del score: el score sube 2,6 puntos hasta 42,9 (vigilar)."
ALERT_00309,COMP_0281,GROUP_0127,regime_deteriorating,review,down,2026-03,,,A1,40.2775631926,42.8740632887,resolved,"deterioro confirmado dos meses seguidos: el score sube 2,6 puntos hasta 42,9 (vigilar)."
ALERT_00310,COMP_0290,GROUP_0053,level_shift_down,review,down,2026-03,,,L3,45.6802555566,46.1004220896,open,"escalon a la baja en el nivel del score: el score sube 0,4 puntos hasta 46,1 (vigilar)."
ALERT_00311,COMP_0318,GROUP_0226,regime_deteriorating,watch,down,2026-03,,,P1,52.5282548277,58.5092551487,resolved,"deterioro confirmado dos meses seguidos: el score sube 6,0 puntos hasta 58,5 (vigilar)."
ALERT_00312,COMP_0343,GROUP_0167,level_shift_down,review,down,2026-03,2026-04,1,L3,45.9071424059,44.1649884559,open,"escalon a la baja en el nivel del score: el score cae 1,7 puntos hasta 44,2 (vigilar)."
ALERT_00313,COMP_0350,GROUP_0189,level_shift_up,watch,up,2026-03,,,P1,69.7385121843,69.1730299038,resolved,"escalon al alza en el nivel del score: el score cae 0,6 puntos hasta 69,2 (sana)."
ALERT_00314,COMP_0376,GROUP_0070,level_shift_down,review,down,2026-03,,,P1,52.3041990882,51.2259371183,open,"escalon a la baja en el nivel del score: el score cae 1,1 puntos hasta 51,2 (vigilar)."
ALERT_00315,COMP_0402,GROUP_0131,level_shift_up,watch,up,2026-03,,,L3,64.7879732659,63.2022122273,resolved,"escalon al alza en el nivel del score: el score cae 1,6 puntos hasta 63,2 (sana)."
ALERT_00316,COMP_0428,GROUP_0213,level_shift_up,watch,up,2026-03,,,L1,65.2441486882,67.0729167722,resolved,"escalon al alza en el nivel del score: el score sube 1,8 puntos hasta 67,1 (sana)."
ALERT_00317,COMP_0434,GROUP_0134,level_shift_down,review,down,2026-03,,,L3,46.7084942181,45.6708609124,resolved,"escalon a la baja en el nivel del score: el score cae 1,0 puntos hasta 45,7 (vigilar)."
ALERT_00318,COMP_0495,GROUP_0124,level_shift_up,watch,up,2026-03,,,L3,72.9080814355,78.1431639637,resolved,"escalon al alza en el nivel del score: el score sube 5,2 puntos hasta 78,1 (sana)."
ALERT_00319,COMP_0505,GROUP_0092,level_shift_down,review,down,2026-03,,,L1,53.2534448556,52.3499475396,resolved,"escalon a la baja en el nivel del score: el score cae 0,9 puntos hasta 52,3 (vigilar)."
ALERT_00320,COMP_0518,GROUP_0101,level_shift_down,review,down,2026-03,,,A1,33.4951272088,30.386081803,resolved,"escalon a la baja en el nivel del score: el score cae 3,1 puntos hasta 30,4 (tension)."
ALERT_00321,COMP_0577,GROUP_0172,regime_deteriorating,review,down,2026-03,,,D2,44.2276869436,46.9723309742,resolved,"deterioro confirmado dos meses seguidos: el score sube 2,7 puntos hasta 47,0 (vigilar)."
ALERT_00322,COMP_0579,GROUP_0132,level_shift_down,review,down,2026-03,,,C1,49.1062205425,49.2784632944,resolved,"escalon a la baja en el nivel del score: el score sube 0,2 puntos hasta 49,3 (vigilar)."
ALERT_00323,COMP_0582,GROUP_0159,cap_NEGCASH,urgent,down,2026-03,2026-04,1,NEGCASH,42.8624269456,37.8219905874,resolved,"caja agregada en negativo dos meses seguidos: el score cae 5,0 puntos hasta 37,8 (tension)."
ALERT_00324,COMP_0585,GROUP_0004,level_shift_up,watch,up,2026-03,,,L3,69.3109955005,72.8669193189,resolved,"escalon al alza en el nivel del score: el score sube 3,6 puntos hasta 72,9 (sana)."
ALERT_00325,COMP_0611,GROUP_0099,regime_improving,review,up,2026-03,,,L1,91.1823252488,92.0338050709,resolved,"mejora confirmada dos meses seguidos: el score sube 0,9 puntos hasta 92,0 (excepcionalmente solida)."
ALERT_00326,COMP_0642,GROUP_0072,level_shift_up,watch,up,2026-03,,,P1,73.1609924819,70.8507483197,resolved,"escalon al alza en el nivel del score: el score cae 2,3 puntos hasta 70,9 (sana)."
ALERT_00327,COMP_0809,GROUP_0250,regime_deteriorating,watch,down,2026-03,,,A1,56.3177134129,58.1273307668,open,"deterioro confirmado dos meses seguidos: el score sube 1,8 puntos hasta 58,1 (vigilar)."
ALERT_00328,COMP_0859,GROUP_0150,level_shift_up,watch,up,2026-03,,,L1,76.1033974202,75.4990633745,resolved,"escalon al alza en el nivel del score: el score cae 0,6 puntos hasta 75,5 (sana)."
ALERT_00329,COMP_1004,GROUP_0109,regime_deteriorating,watch,down,2026-03,,,A2,48.4409026528,52.0039297112,open,"deterioro confirmado dos meses seguidos: el score sube 3,6 puntos hasta 52,0 (vigilar)."
ALERT_00330,COMP_1009,GROUP_0059,level_shift_down,review,down,2026-03,,,L3,44.808850544,43.7237193069,resolved,"escalon a la baja en el nivel del score: el score cae 1,1 puntos hasta 43,7 (vigilar)."
ALERT_00331,COMP_1009,GROUP_0059,regime_deteriorating,review,down,2026-03,,,L3,44.808850544,43.7237193069,resolved,"deterioro confirmado dos meses seguidos: el score cae 1,1 puntos hasta 43,7 (vigilar)."
ALERT_00332,COMP_1015,GROUP_0132,regime_deteriorating,watch,down,2026-03,,,L5,69.0593115773,69.903230075,open,"deterioro confirmado dos meses seguidos: el score sube 0,8 puntos hasta 69,9 (sana)."
ALERT_00333,COMP_1066,GROUP_0051,level_shift_down,review,down,2026-03,,,D2,45.2011085851,46.27423191,resolved,"escalon a la baja en el nivel del score: el score sube 1,1 puntos hasta 46,3 (vigilar)."
ALERT_00334,COMP_1090,GROUP_0070,level_shift_up,watch,up,2026-03,,,A1,77.2317887796,75.974079508,resolved,"escalon al alza en el nivel del score: el score cae 1,3 puntos hasta 76,0 (sana)."
ALERT_00335,COMP_1170,GROUP_0090,level_shift_down,review,down,2026-03,,,L3,25.5292387451,24.1707247967,resolved,"escalon a la baja en el nivel del score: el score cae 1,4 puntos hasta 24,2 (tension)."
ALERT_00336,COMP_1226,GROUP_0160,level_shift_up,watch,up,2026-03,,,A2,52.1628921537,56.9339909745,resolved,"escalon al alza en el nivel del score: el score sube 4,8 puntos hasta 56,9 (vigilar)."
ALERT_00337,COMP_1278,GROUP_0222,regime_improving,review,up,2026-03,,,A2,74.8597205842,76.7315206473,resolved,"mejora confirmada dos meses seguidos: el score sube 1,9 puntos hasta 76,7 (sana)."
ALERT_00338,COMP_0018,GROUP_0250,level_shift_up,watch,up,2026-04,,,L1,94.0467629797,96.2220994386,resolved,"escalon al alza en el nivel del score: el score sube 2,2 puntos hasta 96,2 (excepcionalmente solida)."
ALERT_00339,COMP_0024,GROUP_0222,regime_improving,review,up,2026-04,,,L1,80.4065435053,79.8376788512,resolved,"mejora confirmada dos meses seguidos: el score cae 0,6 puntos hasta 79,8 (sana)."
ALERT_00340,COMP_0089,GROUP_0153,cap_NEGCASH,urgent,down,2026-04,2026-05,1,NEGCASH,72.3286346187,40,resolved,"caja agregada en negativo dos meses seguidos: el score cae 32,3 puntos hasta 40,0 (vigilar)."
ALERT_00341,COMP_0094,GROUP_0021,level_shift_down,review,down,2026-04,2026-06,2,L1,61.6112836407,76.0219083648,open,"escalon a la baja en el nivel del score: el score sube 14,4 puntos hasta 76,0 (sana)."
ALERT_00342,COMP_0117,GROUP_0101,level_shift_down,review,down,2026-04,,,L1,58.9127484116,58.5707848209,open,"escalon a la baja en el nivel del score: el score cae 0,3 puntos hasta 58,6 (vigilar)."
ALERT_00343,COMP_0125,GROUP_0250,level_shift_down,review,down,2026-04,,,L1,37.3919764139,37.6863055977,resolved,"escalon a la baja en el nivel del score: el score sube 0,3 puntos hasta 37,7 (tension)."
ALERT_00344,COMP_0125,GROUP_0250,regime_deteriorating,review,down,2026-04,,,L1,37.3919764139,37.6863055977,resolved,"deterioro confirmado dos meses seguidos: el score sube 0,3 puntos hasta 37,7 (tension)."
ALERT_00345,COMP_0139,GROUP_0217,regime_improving,review,up,2026-04,,,D4,58.6839907392,57.1465468153,resolved,"mejora confirmada dos meses seguidos: el score cae 1,5 puntos hasta 57,1 (vigilar)."
ALERT_00346,COMP_0140,GROUP_0072,level_shift_down,review,down,2026-04,,,D2,52.810851674,49.7521853908,resolved,"escalon a la baja en el nivel del score: el score cae 3,1 puntos hasta 49,8 (vigilar)."
ALERT_00347,COMP_0149,GROUP_0132,regime_deteriorating,watch,down,2026-04,,,L3,57.1144119728,57.334442285,open,"deterioro confirmado dos meses seguidos: el score sube 0,2 puntos hasta 57,3 (vigilar)."
ALERT_00348,COMP_0161,GROUP_0079,regime_improving,review,up,2026-04,,,L1,80.7216615246,84.4802339808,resolved,"mejora confirmada dos meses seguidos: el score sube 3,8 puntos hasta 84,5 (excepcionalmente solida)."
ALERT_00349,COMP_0269,GROUP_0156,cap_DEBTSTOP,urgent,down,2026-04,2026-05,1,DEBTSTOP,61.4332817873,50,resolved,"dos meses sin amortizar deuda que venia pagando: el score cae 11,4 puntos hasta 50,0 (vigilar)."
ALERT_00350,COMP_0273,GROUP_0155,level_shift_down,review,down,2026-04,,,D4,48.461815339,48.0170360515,resolved,"escalon a la baja en el nivel del score: el score cae 0,4 puntos hasta 48,0 (vigilar)."
ALERT_00351,COMP_0306,GROUP_0094,regime_deteriorating,watch,down,2026-04,,,L3,52.8014241399,52.1307597613,open,"deterioro confirmado dos meses seguidos: el score cae 0,7 puntos hasta 52,1 (vigilar)."
ALERT_00352,COMP_0325,GROUP_0101,level_shift_down,review,down,2026-04,,,L4,41.6944927529,38.9816335631,resolved,"escalon a la baja en el nivel del score: el score cae 2,7 puntos hasta 39,0 (tension)."
ALERT_00353,COMP_0346,GROUP_0097,cap_NEGCASH,urgent,down,2026-04,2026-05,1,NEGCASH,75.920845044,40,resolved,"caja agregada en negativo dos meses seguidos: el score cae 35,9 puntos hasta 40,0 (vigilar)."
ALERT_00354,COMP_0379,GROUP_0112,level_shift_down,review,down,2026-04,,,A2,27.1622509752,24.2002968959,resolved,"escalon a la baja en el nivel del score: el score cae 3,0 puntos hasta 24,2 (tension)."
ALERT_00355,COMP_0384,GROUP_0094,regime_deteriorating,review,down,2026-04,,,P2,35.4846461002,33.2912561417,resolved,"deterioro confirmado dos meses seguidos: el score cae 2,2 puntos hasta 33,3 (tension)."
ALERT_00356,COMP_0405,GROUP_0035,level_shift_up,watch,up,2026-04,,,L3,92.6203912753,93.6946228839,resolved,"escalon al alza en el nivel del score: el score sube 1,1 puntos hasta 93,7 (excepcionalmente solida)."
ALERT_00357,COMP_0585,GROUP_0004,regime_improving,review,up,2026-04,,,L1,72.8669193189,73.5123014673,resolved,"mejora confirmada dos meses seguidos: el score sube 0,6 puntos hasta 73,5 (sana)."
ALERT_00358,COMP_0648,GROUP_0053,level_shift_down,review,down,2026-04,2026-06,2,A1,62.9096240849,61.2307928612,open,"escalon a la baja en el nivel del score: el score cae 1,7 puntos hasta 61,2 (sana)."
ALERT_00359,COMP_0648,GROUP_0053,regime_deteriorating,review,down,2026-04,2026-06,2,A1,62.9096240849,61.2307928612,open,"deterioro confirmado dos meses seguidos: el score cae 1,7 puntos hasta 61,2 (sana)."
ALERT_00360,COMP_0665,GROUP_0150,level_shift_up,watch,up,2026-04,,,A2,76.1409912168,76.7543630431,resolved,"escalon al alza en el nivel del score: el score sube 0,6 puntos hasta 76,8 (sana)."
ALERT_00361,COMP_0713,GROUP_0023,level_shift_up,watch,up,2026-04,,,P1,74.9484529031,76.3490970894,resolved,"escalon al alza en el nivel del score: el score sube 1,4 puntos hasta 76,3 (sana)."
ALERT_00362,COMP_0721,GROUP_0113,level_shift_down,review,down,2026-04,,,P1,49.8232034093,51.7936701116,open,"escalon a la baja en el nivel del score: el score sube 2,0 puntos hasta 51,8 (vigilar)."
ALERT_00363,COMP_0760,GROUP_0249,level_shift_up,watch,up,2026-04,,,A3,69.2871766047,67.259281956,resolved,"escalon al alza en el nivel del score: el score cae 2,0 puntos hasta 67,3 (sana)."
ALERT_00364,COMP_0764,GROUP_0022,level_shift_up,watch,up,2026-04,,,P1,63.5922765632,63.7951262629,resolved,"escalon al alza en el nivel del score: el score sube 0,2 puntos hasta 63,8 (sana)."
ALERT_00365,COMP_0775,GROUP_0211,level_shift_down,review,down,2026-04,,,P1,63.6825405195,53.3255573471,resolved,"escalon a la baja en el nivel del score: el score cae 10,4 puntos hasta 53,3 (vigilar)."
ALERT_00366,COMP_0805,GROUP_0213,level_shift_down,review,down,2026-04,,,L2,44.2554921635,57.6573773372,resolved,"escalon a la baja en el nivel del score: el score sube 13,4 puntos hasta 57,7 (vigilar)."
ALERT_00367,COMP_0829,GROUP_0153,regime_improving,watch,up,2026-04,,,L2,60.3180439776,59.9518373371,resolved,"mejora confirmada dos meses seguidos: el score cae 0,4 puntos hasta 60,0 (vigilar)."
ALERT_00368,COMP_0863,GROUP_0142,level_shift_up,watch,up,2026-04,,,D3,67.6749245104,65.6586099439,resolved,"escalon al alza en el nivel del score: el score cae 2,0 puntos hasta 65,7 (sana)."
ALERT_00369,COMP_0905,GROUP_0065,cap_NEGCASH,urgent,down,2026-04,2026-05,1,NEGCASH,49.259646441,40,resolved,"caja agregada en negativo dos meses seguidos: el score cae 9,3 puntos hasta 40,0 (vigilar)."
ALERT_00370,COMP_0905,GROUP_0065,level_shift_down,review,down,2026-04,2026-05,1,L3,49.259646441,40,resolved,"escalon a la baja en el nivel del score: el score cae 9,3 puntos hasta 40,0 (vigilar)."
ALERT_00371,COMP_0917,GROUP_0217,level_shift_up,watch,up,2026-04,,,L3,70.7282946938,67.3385839147,resolved,"escalon al alza en el nivel del score: el score cae 3,4 puntos hasta 67,3 (sana)."
ALERT_00372,COMP_0940,GROUP_0217,regime_deteriorating,review,down,2026-04,,,C3,74.5293011843,73.1107952435,resolved,"deterioro confirmado dos meses seguidos: el score cae 1,4 puntos hasta 73,1 (sana)."
ALERT_00373,COMP_1029,GROUP_0016,regime_improving,review,up,2026-04,,,P1,58.5892261475,59.5751748032,resolved,"mejora confirmada dos meses seguidos: el score sube 1,0 puntos hasta 59,6 (vigilar)."
ALERT_00374,COMP_1038,GROUP_0018,cap_DEBTSTOP,urgent,down,2026-04,2026-05,1,DEBTSTOP,39.3171783653,41.8686806977,resolved,"dos meses sin amortizar deuda que venia pagando: el score sube 2,6 puntos hasta 41,9 (vigilar)."
ALERT_00375,COMP_1039,GROUP_0146,cap_NEGCASH,urgent,down,2026-04,2026-05,1,NEGCASH,76.3514355194,40,resolved,"caja agregada en negativo dos meses seguidos: el score cae 36,4 puntos hasta 40,0 (vigilar)."
ALERT_00376,COMP_1073,GROUP_0142,regime_deteriorating,watch,down,2026-04,,,C5,68.9144692403,70.5260357908,resolved,"deterioro confirmado dos meses seguidos: el score sube 1,6 puntos hasta 70,5 (sana)."
ALERT_00377,COMP_1124,GROUP_0148,level_shift_up,watch,up,2026-04,,,L3,88.0845799152,90.728905811,resolved,"escalon al alza en el nivel del score: el score sube 2,6 puntos hasta 90,7 (excepcionalmente solida)."
ALERT_00378,COMP_1174,GROUP_0148,level_shift_down,review,down,2026-04,,,P1,32.3951817448,36.2693108101,open,"escalon a la baja en el nivel del score: el score sube 3,9 puntos hasta 36,3 (tension)."
ALERT_00379,COMP_1199,GROUP_0016,regime_deteriorating,review,down,2026-04,,,L1,30.957293878,31.9470449826,open,"deterioro confirmado dos meses seguidos: el score sube 1,0 puntos hasta 31,9 (tension)."
ALERT_00380,COMP_1213,GROUP_0158,level_shift_up,watch,up,2026-04,,,P6,58.1334740956,57.095343085,resolved,"escalon al alza en el nivel del score: el score cae 1,0 puntos hasta 57,1 (vigilar)."
ALERT_00381,COMP_1226,GROUP_0160,regime_improving,review,up,2026-04,,,A2,56.9339909745,59.5462177828,resolved,"mejora confirmada dos meses seguidos: el score sube 2,6 puntos hasta 59,5 (vigilar)."
ALERT_00382,COMP_1250,GROUP_0065,cap_NEGCASH,urgent,down,2026-04,2026-05,1,NEGCASH,50.2073693384,40,resolved,"caja agregada en negativo dos meses seguidos: el score cae 10,2 puntos hasta 40,0 (vigilar)."
ALERT_00383,COMP_1250,GROUP_0065,level_shift_down,review,down,2026-04,2026-05,1,L3,50.2073693384,40,resolved,"escalon a la baja en el nivel del score: el score cae 10,2 puntos hasta 40,0 (vigilar)."
ALERT_00384,COMP_1271,GROUP_0172,level_shift_up,watch,up,2026-04,,,L1,94.9422954357,95.8798395528,resolved,"escalon al alza en el nivel del score: el score sube 0,9 puntos hasta 95,9 (excepcionalmente solida)."
ALERT_00385,COMP_1271,GROUP_0172,regime_improving,review,up,2026-04,,,L1,94.9422954357,95.8798395528,resolved,"mejora confirmada dos meses seguidos: el score sube 0,9 puntos hasta 95,9 (excepcionalmente solida)."
ALERT_00386,COMP_0018,GROUP_0250,regime_improving,review,up,2026-05,,,L1,96.2220994386,96.8274176455,resolved,"mejora confirmada dos meses seguidos: el score sube 0,6 puntos hasta 96,8 (excepcionalmente solida)."
ALERT_00387,COMP_0047,GROUP_0018,level_shift_down,review,down,2026-05,2026-06,1,L3,55.7804313237,52.7978136492,open,"escalon a la baja en el nivel del score: el score cae 3,0 puntos hasta 52,8 (vigilar)."
ALERT_00388,COMP_0050,GROUP_0230,level_shift_down,review,down,2026-05,,,L4,44.7079830168,43.5118393714,resolved,"escalon a la baja en el nivel del score: el score cae 1,2 puntos hasta 43,5 (vigilar)."
ALERT_00389,COMP_0089,GROUP_0153,level_shift_down,review,down,2026-05,2026-06,1,L3,40,40,resolved,"escalon a la baja en el nivel del score: el score sube 0,0 puntos hasta 40,0 (vigilar)."
ALERT_00390,COMP_0128,GROUP_0103,cap_LOCFULL,urgent,down,2026-05,2026-06,1,LOCFULL,33.0977850501,30.4567122533,open,"linea de credito practicamente agotada: el score cae 2,6 puntos hasta 30,5 (tension)."
ALERT_00391,COMP_0161,GROUP_0079,level_shift_up,watch,up,2026-05,,,L1,84.4802339808,85.2959413548,resolved,"escalon al alza en el nivel del score: el score sube 0,8 puntos hasta 85,3 (excepcionalmente solida)."
ALERT_00392,COMP_0173,GROUP_0019,level_shift_down,review,down,2026-05,,,D2,48.209287525,49.896697395,resolved,"escalon a la baja en el nivel del score: el score sube 1,7 puntos hasta 49,9 (vigilar)."
ALERT_00393,COMP_0193,GROUP_0224,regime_improving,review,up,2026-05,,,D3,69.6443057438,73.25712601,resolved,"mejora confirmada dos meses seguidos: el score sube 3,6 puntos hasta 73,3 (sana)."
ALERT_00394,COMP_0227,GROUP_0092,level_shift_down,review,down,2026-05,,,D2,60.1695975913,58.9129142583,open,"escalon a la baja en el nivel del score: el score cae 1,3 puntos hasta 58,9 (vigilar)."
ALERT_00395,COMP_0227,GROUP_0092,regime_deteriorating,review,down,2026-05,,,D2,60.1695975913,58.9129142583,open,"deterioro confirmado dos meses seguidos: el score cae 1,3 puntos hasta 58,9 (vigilar)."
ALERT_00396,COMP_0253,GROUP_0055,level_shift_up,watch,up,2026-05,,,P1,77.852483361,73.3743742095,resolved,"escalon al alza en el nivel del score: el score cae 4,5 puntos hasta 73,4 (sana)."
ALERT_00397,COMP_0253,GROUP_0055,regime_improving,review,up,2026-05,,,P1,77.852483361,73.3743742095,resolved,"mejora confirmada dos meses seguidos: el score cae 4,5 puntos hasta 73,4 (sana)."
ALERT_00398,COMP_0262,GROUP_0211,level_shift_up,watch,up,2026-05,,,L1,83.3153728631,83.3323810923,resolved,"escalon al alza en el nivel del score: el score sube 0,0 puntos hasta 83,3 (excepcionalmente solida)."
ALERT_00399,COMP_0269,GROUP_0156,level_shift_down,review,down,2026-05,,,D2,50,45.0928308543,resolved,"escalon a la baja en el nivel del score: el score cae 4,9 puntos hasta 45,1 (vigilar)."
ALERT_00400,COMP_0278,GROUP_0162,level_shift_up,watch,up,2026-05,,,L3,51.5038270348,54.2221659009,resolved,"escalon al alza en el nivel del score: el score sube 2,7 puntos hasta 54,2 (vigilar)."
ALERT_00401,COMP_0346,GROUP_0097,level_shift_down,review,down,2026-05,2026-06,1,L3,40,40,resolved,"escalon a la baja en el nivel del score: el score sube 0,0 puntos hasta 40,0 (vigilar)."
ALERT_00402,COMP_0349,GROUP_0101,regime_deteriorating,watch,down,2026-05,2026-06,1,A2,63.3893413931,63.9075608476,open,"deterioro confirmado dos meses seguidos: el score sube 0,5 puntos hasta 63,9 (sana)."
ALERT_00403,COMP_0375,GROUP_0143,level_shift_down,review,down,2026-05,,,A2,55.7700622874,55.822291847,resolved,"escalon a la baja en el nivel del score: el score sube 0,1 puntos hasta 55,8 (vigilar)."
ALERT_00404,COMP_0418,GROUP_0070,level_shift_down,review,down,2026-05,,,P1,55.1896608881,56.0694661611,open,"escalon a la baja en el nivel del score: el score sube 0,9 puntos hasta 56,1 (vigilar)."
ALERT_00405,COMP_0523,GROUP_0122,cap_NEGCASH,urgent,down,2026-05,2026-06,1,NEGCASH,46.2674499272,40,resolved,"caja agregada en negativo dos meses seguidos: el score cae 6,3 puntos hasta 40,0 (vigilar)."
ALERT_00406,COMP_0546,GROUP_0095,level_shift_down,review,down,2026-05,,,L1,67.8268239765,66.6111587658,open,"escalon a la baja en el nivel del score: el score cae 1,2 puntos hasta 66,6 (sana)."
ALERT_00407,COMP_0553,GROUP_0217,level_shift_down,review,down,2026-05,,,A2,57.0482582628,53.5277196026,resolved,"escalon a la baja en el nivel del score: el score cae 3,5 puntos hasta 53,5 (vigilar)."
ALERT_00408,COMP_0601,GROUP_0070,regime_deteriorating,watch,down,2026-05,,,P1,59.4299688029,59.6781193185,open,"deterioro confirmado dos meses seguidos: el score sube 0,2 puntos hasta 59,7 (vigilar)."
ALERT_00409,COMP_0645,GROUP_0217,level_shift_down,review,down,2026-05,2026-06,1,P1,39.4190180704,40.3046528657,open,"escalon a la baja en el nivel del score: el score sube 0,9 puntos hasta 40,3 (vigilar)."
ALERT_00410,COMP_0701,GROUP_0211,regime_deteriorating,review,down,2026-05,,,D4,68.0615065938,71.7199816913,open,"deterioro confirmado dos meses seguidos: el score sube 3,7 puntos hasta 71,7 (sana)."
ALERT_00411,COMP_0729,GROUP_0018,level_shift_down,review,down,2026-05,,,A2,40.7233033475,40.5920986218,resolved,"escalon a la baja en el nivel del score: el score cae 0,1 puntos hasta 40,6 (vigilar)."
ALERT_00412,COMP_0741,GROUP_0013,level_shift_down,review,down,2026-05,,,A2,39.419840708,39.7482927745,open,"escalon a la baja en el nivel del score: el score sube 0,3 puntos hasta 39,7 (tension)."
ALERT_00413,COMP_0775,GROUP_0211,regime_deteriorating,review,down,2026-05,,,A1,53.3255573471,54.4742619259,resolved,"deterioro confirmado dos meses seguidos: el score sube 1,1 puntos hasta 54,5 (vigilar)."
ALERT_00414,COMP_0779,GROUP_0108,regime_deteriorating,review,down,2026-05,,,L5,84.296308467,81.813569521,resolved,"deterioro confirmado dos meses seguidos: el score cae 2,5 puntos hasta 81,8 (excepcionalmente solida)."
ALERT_00415,COMP_0780,GROUP_0065,level_shift_down,review,down,2026-05,,,A2,39.3947174904,38.0751560193,open,"escalon a la baja en el nivel del score: el score cae 1,3 puntos hasta 38,1 (tension)."
ALERT_00416,COMP_0807,GROUP_0101,level_shift_down,review,down,2026-05,,,A1,48.2074501876,50.8486285251,resolved,"escalon a la baja en el nivel del score: el score sube 2,6 puntos hasta 50,8 (vigilar)."
ALERT_00417,COMP_0832,GROUP_0014,level_shift_down,review,down,2026-05,,,L3,55.6043599093,53.4898265606,resolved,"escalon a la baja en el nivel del score: el score cae 2,1 puntos hasta 53,5 (vigilar)."
ALERT_00418,COMP_0834,GROUP_0096,level_shift_down,review,down,2026-05,,,L3,56.929134712,51.356267926,resolved,"escalon a la baja en el nivel del score: el score cae 5,6 puntos hasta 51,4 (vigilar)."
ALERT_00419,COMP_0834,GROUP_0096,regime_deteriorating,review,down,2026-05,,,L3,56.929134712,51.356267926,resolved,"deterioro confirmado dos meses seguidos: el score cae 5,6 puntos hasta 51,4 (vigilar)."
ALERT_00420,COMP_0857,GROUP_0097,cap_NEGCASH,urgent,down,2026-05,2026-06,1,NEGCASH,63.1339088455,40,open,"caja agregada en negativo dos meses seguidos: el score cae 23,1 puntos hasta 40,0 (vigilar)."
ALERT_00421,COMP_0859,GROUP_0150,regime_improving,review,up,2026-05,,,L3,76.7344709647,90.8414844956,resolved,"mejora confirmada dos meses seguidos: el score sube 14,1 puntos hasta 90,8 (excepcionalmente solida)."
ALERT_00422,COMP_0904,GROUP_0129,level_shift_down,review,down,2026-05,2026-06,1,P1,63.2537570619,62.3594445203,open,"escalon a la baja en el nivel del score: el score cae 0,9 puntos hasta 62,4 (sana)."
ALERT_00423,COMP_0904,GROUP_0129,regime_deteriorating,review,down,2026-05,2026-06,1,P1,63.2537570619,62.3594445203,open,"deterioro confirmado dos meses seguidos: el score cae 0,9 puntos hasta 62,4 (sana)."
ALERT_00424,COMP_0917,GROUP_0217,regime_improving,review,up,2026-05,,,L3,67.3385839147,65.0828699455,resolved,"mejora confirmada dos meses seguidos: el score cae 2,3 puntos hasta 65,1 (sana)."
ALERT_00425,COMP_0919,GROUP_0230,level_shift_down,review,down,2026-05,,,L3,30.4461468479,33.3092420564,resolved,"escalon a la baja en el nivel del score: el score sube 2,9 puntos hasta 33,3 (tension)."
ALERT_00426,COMP_0952,GROUP_0103,level_shift_up,watch,up,2026-05,,,L3,81.23518738,78.9749428548,resolved,"escalon al alza en el nivel del score: el score cae 2,3 puntos hasta 79,0 (sana)."
ALERT_00427,COMP_0961,GROUP_0101,regime_deteriorating,review,down,2026-05,,,L3,44.2072785632,46.6168747847,open,"deterioro confirmado dos meses seguidos: el score sube 2,4 puntos hasta 46,6 (vigilar)."
ALERT_00428,COMP_0979,GROUP_0018,level_shift_down,review,down,2026-05,,,L3,32.9912116953,35.7956893567,open,"escalon a la baja en el nivel del score: el score sube 2,8 puntos hasta 35,8 (tension)."
ALERT_00429,COMP_1037,GROUP_0081,level_shift_up,watch,up,2026-05,,,L1,83.2805819796,84.6125958115,resolved,"escalon al alza en el nivel del score: el score sube 1,3 puntos hasta 84,6 (excepcionalmente solida)."
ALERT_00430,COMP_1039,GROUP_0146,level_shift_down,review,down,2026-05,,,P6,40,40,resolved,"escalon a la baja en el nivel del score: el score sube 0,0 puntos hasta 40,0 (vigilar)."
ALERT_00431,COMP_1138,GROUP_0155,cap_NEGCASH,urgent,down,2026-05,2026-06,1,NEGCASH,87.0109428014,40,resolved,"caja agregada en negativo dos meses seguidos: el score cae 47,0 puntos hasta 40,0 (vigilar)."
ALERT_00432,COMP_1194,GROUP_0230,level_shift_down,review,down,2026-05,,,D2,52.0265409966,51.2334394964,resolved,"escalon a la baja en el nivel del score: el score cae 0,8 puntos hasta 51,2 (vigilar)."
ALERT_00433,COMP_1194,GROUP_0230,regime_deteriorating,review,down,2026-05,,,D2,52.0265409966,51.2334394964,resolved,"deterioro confirmado dos meses seguidos: el score cae 0,8 puntos hasta 51,2 (vigilar)."
ALERT_00434,COMP_1223,GROUP_0141,level_shift_down,review,down,2026-05,,,L1,48.6843629672,47.4657248426,open,"escalon a la baja en el nivel del score: el score cae 1,2 puntos hasta 47,5 (vigilar)."
ALERT_00435,COMP_1258,GROUP_0056,level_shift_up,watch,up,2026-05,,,L1,92.605158302,91.7047904809,resolved,"escalon al alza en el nivel del score: el score cae 0,9 puntos hasta 91,7 (excepcionalmente solida)."
ALERT_00436,COMP_0008,GROUP_0195,level_shift_up,watch,up,2026-06,,,L1,83.8136271329,81.2982088926,resolved,"escalon al alza en el nivel del score: el score cae 2,5 puntos hasta 81,3 (excepcionalmente solida)."
ALERT_00437,COMP_0008,GROUP_0195,regime_improving,review,up,2026-06,,,L1,83.8136271329,81.2982088926,resolved,"mejora confirmada dos meses seguidos: el score cae 2,5 puntos hasta 81,3 (excepcionalmente solida)."
ALERT_00438,COMP_0009,GROUP_0225,level_shift_up,watch,up,2026-06,,,L1,74.1692326101,76.3461879548,resolved,"escalon al alza en el nivel del score: el score sube 2,2 puntos hasta 76,3 (sana)."
ALERT_00439,COMP_0009,GROUP_0225,regime_improving,review,up,2026-06,,,L1,74.1692326101,76.3461879548,resolved,"mejora confirmada dos meses seguidos: el score sube 2,2 puntos hasta 76,3 (sana)."
ALERT_00440,COMP_0050,GROUP_0230,regime_deteriorating,review,down,2026-06,,,L1,43.5118393714,46.3945599949,open,"deterioro confirmado dos meses seguidos: el score sube 2,9 puntos hasta 46,4 (vigilar)."
ALERT_00441,COMP_0060,GROUP_0112,level_shift_down,review,down,2026-06,,,P1,64.015940383,63.5326426577,resolved,"escalon a la baja en el nivel del score: el score cae 0,5 puntos hasta 63,5 (sana)."
ALERT_00442,COMP_0083,GROUP_0133,cap_NEGCASH,urgent,down,2026-06,2026-07,1,NEGCASH,70.4438240881,40,open,"caja agregada en negativo dos meses seguidos: el score cae 30,4 puntos hasta 40,0 (vigilar)."
ALERT_00443,COMP_0091,GROUP_0237,cap_LOCFULL,urgent,down,2026-06,2026-07,1,LOCFULL,60.6411452942,60,open,"linea de credito practicamente agotada: el score cae 0,6 puntos hasta 60,0 (sana)."
ALERT_00444,COMP_0094,GROUP_0021,cap_LOCFULL,urgent,down,2026-06,2026-07,1,LOCFULL,77.2249033955,60,open,"linea de credito practicamente agotada: el score cae 17,2 puntos hasta 60,0 (sana)."
ALERT_00445,COMP_0141,GROUP_0220,level_shift_down,review,down,2026-06,,,L3,48.7131424927,49.5330369616,open,"escalon a la baja en el nivel del score: el score sube 0,8 puntos hasta 49,5 (vigilar)."
ALERT_00446,COMP_0160,GROUP_0106,regime_deteriorating,review,down,2026-06,,,D4,73.8284772628,72.1635855514,open,"deterioro confirmado dos meses seguidos: el score cae 1,7 puntos hasta 72,2 (sana)."
ALERT_00447,COMP_0162,GROUP_0095,level_shift_up,watch,up,2026-06,,,L1,77.0020074944,72.8553237008,resolved,"escalon al alza en el nivel del score: el score cae 4,1 puntos hasta 72,9 (sana)."
ALERT_00448,COMP_0178,GROUP_0220,regime_deteriorating,review,down,2026-06,,,D2,52.7024762714,51.3813390495,resolved,"deterioro confirmado dos meses seguidos: el score cae 1,3 puntos hasta 51,4 (vigilar)."
ALERT_00449,COMP_0193,GROUP_0224,level_shift_up,watch,up,2026-06,,,L3,73.25712601,72.5453430415,resolved,"escalon al alza en el nivel del score: el score cae 0,7 puntos hasta 72,5 (sana)."
ALERT_00450,COMP_0195,GROUP_0065,cap_LOCFULL,urgent,down,2026-06,,,LOCFULL,53.554209298,21.1895081547,resolved,"linea de credito practicamente agotada: el score cae 32,4 puntos hasta 21,2 (tension)."
ALERT_00451,COMP_0197,GROUP_0035,regime_deteriorating,review,down,2026-06,,,L3,29.5554997175,28.8725571357,resolved,"deterioro confirmado dos meses seguidos: el score cae 0,7 puntos hasta 28,9 (tension)."
ALERT_00452,COMP_0210,GROUP_0117,level_shift_down,review,down,2026-06,,,D2,63.61585012,61.2677363249,resolved,"escalon a la baja en el nivel del score: el score cae 2,3 puntos hasta 61,3 (sana)."
ALERT_00453,COMP_0210,GROUP_0117,regime_deteriorating,review,down,2026-06,,,D2,63.61585012,61.2677363249,resolved,"deterioro confirmado dos meses seguidos: el score cae 2,3 puntos hasta 61,3 (sana)."
ALERT_00454,COMP_0220,GROUP_0124,cap_LOCFULL,urgent,down,2026-06,2026-07,1,LOCFULL,50.1009785147,51.1523932661,open,"linea de credito practicamente agotada: el score sube 1,1 puntos hasta 51,2 (vigilar)."
ALERT_00455,COMP_0239,GROUP_0202,regime_improving,watch,up,2026-06,,,L2,82.5486103042,82.6543877614,resolved,"mejora confirmada dos meses seguidos: el score sube 0,1 puntos hasta 82,7 (excepcionalmente solida)."
ALERT_00456,COMP_0248,GROUP_0095,level_shift_down,review,down,2026-06,,,D2,76.0745319381,78.7028183765,resolved,"escalon a la baja en el nivel del score: el score sube 2,6 puntos hasta 78,7 (sana)."
ALERT_00457,COMP_0279,GROUP_0022,level_shift_down,review,down,2026-06,,,L1,28.9071356464,28.8185877628,resolved,"escalon a la baja en el nivel del score: el score cae 0,1 puntos hasta 28,8 (tension)."
ALERT_00458,COMP_0287,GROUP_0231,level_shift_down,review,down,2026-06,,,D2,58.2144774469,58.9780616024,open,"escalon a la baja en el nivel del score: el score sube 0,8 puntos hasta 59,0 (vigilar)."
ALERT_00459,COMP_0294,GROUP_0217,level_shift_down,review,down,2026-06,,,L2,41.4966217874,44.9932344273,resolved,"escalon a la baja en el nivel del score: el score sube 3,5 puntos hasta 45,0 (vigilar)."
ALERT_00460,COMP_0321,GROUP_0159,regime_improving,watch,up,2026-06,,,D1,55.5643185279,56.4911680712,resolved,"mejora confirmada dos meses seguidos: el score sube 0,9 puntos hasta 56,5 (vigilar)."
ALERT_00461,COMP_0340,GROUP_0116,cap_LOCFULL,urgent,down,2026-06,2026-07,1,LOCFULL,71.5937755868,60,open,"linea de credito practicamente agotada: el score cae 11,6 puntos hasta 60,0 (sana)."
ALERT_00462,COMP_0378,GROUP_0234,regime_deteriorating,review,down,2026-06,,,P1,84.7312950048,68.2395985335,open,"deterioro confirmado dos meses seguidos: el score cae 16,5 puntos hasta 68,2 (sana)."
ALERT_00463,COMP_0382,GROUP_0068,level_shift_up,watch,up,2026-06,,,P1,79.6814409469,80.2237751829,resolved,"escalon al alza en el nivel del score: el score sube 0,5 puntos hasta 80,2 (excepcionalmente solida)."
ALERT_00464,COMP_0416,GROUP_0040,level_shift_up,watch,up,2026-06,,,D4,62.6472578487,63.8592353609,resolved,"escalon al alza en el nivel del score: el score sube 1,2 puntos hasta 63,9 (sana)."
ALERT_00465,COMP_0416,GROUP_0040,regime_improving,review,up,2026-06,,,D4,62.6472578487,63.8592353609,resolved,"mejora confirmada dos meses seguidos: el score sube 1,2 puntos hasta 63,9 (sana)."
ALERT_00466,COMP_0418,GROUP_0070,regime_deteriorating,review,down,2026-06,,,A1,56.0694661611,56.46445943,open,"deterioro confirmado dos meses seguidos: el score sube 0,4 puntos hasta 56,5 (vigilar)."
ALERT_00467,COMP_0453,GROUP_0023,regime_improving,watch,up,2026-06,,,L1,85.4297759754,83.0459670345,resolved,"mejora confirmada dos meses seguidos: el score cae 2,4 puntos hasta 83,0 (excepcionalmente solida)."
ALERT_00468,COMP_0465,GROUP_0246,cap_LOCFULL,urgent,down,2026-06,2026-07,1,LOCFULL,70.224702557,60,open,"linea de credito practicamente agotada: el score cae 10,2 puntos hasta 60,0 (sana)."
ALERT_00469,COMP_0474,GROUP_0141,cap_LOCFULL,urgent,down,2026-06,2026-07,1,LOCFULL,70.7495724902,60,open,"linea de credito practicamente agotada: el score cae 10,7 puntos hasta 60,0 (sana)."
ALERT_00470,COMP_0491,GROUP_0146,cap_LOCFULL,urgent,down,2026-06,2026-07,1,LOCFULL,74.2727225682,60,open,"linea de credito practicamente agotada: el score cae 14,3 puntos hasta 60,0 (sana)."
ALERT_00471,COMP_0506,GROUP_0217,regime_deteriorating,watch,down,2026-06,,,A1,61.8120120533,62.8799254099,open,"deterioro confirmado dos meses seguidos: el score sube 1,1 puntos hasta 62,9 (sana)."
ALERT_00472,COMP_0515,GROUP_0117,cap_LOCFULL,urgent,down,2026-06,2026-07,1,LOCFULL,67.4276085985,60,open,"linea de credito practicamente agotada: el score cae 7,4 puntos hasta 60,0 (sana)."
ALERT_00473,COMP_0522,GROUP_0066,level_shift_down,review,down,2026-06,,,P4,70.2518624508,67.8083781591,resolved,"escalon a la baja en el nivel del score: el score cae 2,4 puntos hasta 67,8 (sana)."
ALERT_00474,COMP_0534,GROUP_0184,regime_deteriorating,review,down,2026-06,,,P1,61.6933145873,38.7583163285,resolved,"deterioro confirmado dos meses seguidos: el score cae 22,9 puntos hasta 38,8 (tension)."
ALERT_00475,COMP_0548,GROUP_0217,level_shift_down,review,down,2026-06,2026-08,2,P1,42.8284512265,43.2212851111,open,"escalon a la baja en el nivel del score: el score sube 0,4 puntos hasta 43,2 (vigilar)."
ALERT_00476,COMP_0548,GROUP_0217,regime_deteriorating,review,down,2026-06,2026-08,2,P1,42.8284512265,43.2212851111,open,"deterioro confirmado dos meses seguidos: el score sube 0,4 puntos hasta 43,2 (vigilar)."
ALERT_00477,COMP_0559,GROUP_0188,regime_deteriorating,watch,down,2026-06,,,A3,39.7908852146,39.5596585646,resolved,"deterioro confirmado dos meses seguidos: el score cae 0,2 puntos hasta 39,6 (tension)."
ALERT_00478,COMP_0563,GROUP_0200,level_shift_down,review,down,2026-06,,,L3,44.7335049609,48.1565961834,resolved,"escalon a la baja en el nivel del score: el score sube 3,4 puntos hasta 48,2 (vigilar)."
ALERT_00479,COMP_0564,GROUP_0212,cap_LOCFULL,urgent,down,2026-06,2026-07,1,LOCFULL,43.7747070821,45.9165568264,resolved,"linea de credito practicamente agotada: el score sube 2,1 puntos hasta 45,9 (vigilar)."
ALERT_00480,COMP_0616,GROUP_0017,level_shift_down,review,down,2026-06,,,L1,51.9658141893,51.3110593131,resolved,"escalon a la baja en el nivel del score: el score cae 0,7 puntos hasta 51,3 (vigilar)."
ALERT_00481,COMP_0625,GROUP_0159,regime_improving,review,up,2026-06,,,A1,72.8391500214,75.0593609905,resolved,"mejora confirmada dos meses seguidos: el score sube 2,2 puntos hasta 75,1 (sana)."
ALERT_00482,COMP_0638,GROUP_0108,level_shift_down,review,down,2026-06,,,C2,45.6832154905,52.34440723,resolved,"escalon a la baja en el nivel del score: el score sube 6,7 puntos hasta 52,3 (vigilar)."
ALERT_00483,COMP_0745,GROUP_0058,regime_deteriorating,review,down,2026-06,,,L1,29.8249351832,26.6615950291,open,"deterioro confirmado dos meses seguidos: el score cae 3,2 puntos hasta 26,7 (tension)."
ALERT_00484,COMP_0751,GROUP_0142,level_shift_down,review,down,2026-06,,,L1,29.9310691445,32.5879755604,open,"escalon a la baja en el nivel del score: el score sube 2,7 puntos hasta 32,6 (tension)."
ALERT_00485,COMP_0751,GROUP_0142,regime_deteriorating,review,down,2026-06,,,L1,29.9310691445,32.5879755604,open,"deterioro confirmado dos meses seguidos: el score sube 2,7 puntos hasta 32,6 (tension)."
ALERT_00486,COMP_0825,GROUP_0043,cap_LOCFULL,urgent,down,2026-06,2026-07,1,LOCFULL,97.1297833952,60,open,"linea de credito practicamente agotada: el score cae 37,1 puntos hasta 60,0 (sana)."
ALERT_00487,COMP_0833,GROUP_0158,level_shift_down,review,down,2026-06,,,L1,51.4375097957,51.6087732824,open,"escalon a la baja en el nivel del score: el score sube 0,2 puntos hasta 51,6 (vigilar)."
ALERT_00488,COMP_0857,GROUP_0097,level_shift_down,review,down,2026-06,2026-07,1,L3,40,40,open,"escalon a la baja en el nivel del score: el score sube 0,0 puntos hasta 40,0 (vigilar)."
ALERT_00489,COMP_0859,GROUP_0150,level_shift_up,watch,up,2026-06,,,L1,90.8414844956,90.8284452847,resolved,"escalon al alza en el nivel del score: el score cae 0,0 puntos hasta 90,8 (excepcionalmente solida)."
ALERT_00490,COMP_0870,GROUP_0142,cap_LOCFULL,urgent,down,2026-06,2026-07,1,LOCFULL,56.8635769082,56.9876507855,resolved,"linea de credito practicamente agotada: el score sube 0,1 puntos hasta 57,0 (vigilar)."
ALERT_00491,COMP_0875,GROUP_0141,cap_LOCFULL,urgent,down,2026-06,2026-07,1,LOCFULL,92.0889923699,60,open,"linea de credito practicamente agotada: el score cae 32,1 puntos hasta 60,0 (sana)."
ALERT_00492,COMP_0885,GROUP_0158,level_shift_up,watch,up,2026-06,,,L1,96.2522973416,97.2580931153,resolved,"escalon al alza en el nivel del score: el score sube 1,0 puntos hasta 97,3 (excepcionalmente solida)."
ALERT_00493,COMP_0907,GROUP_0022,cap_LOCFULL,urgent,down,2026-06,2026-07,1,LOCFULL,50.897341964,51.6653770866,resolved,"linea de credito practicamente agotada: el score sube 0,8 puntos hasta 51,7 (vigilar)."
ALERT_00494,COMP_0935,GROUP_0018,level_shift_down,review,down,2026-06,,,P1,50.370380209,44.2541947414,resolved,"escalon a la baja en el nivel del score: el score cae 6,1 puntos hasta 44,3 (vigilar)."
ALERT_00495,COMP_0952,GROUP_0103,cap_LOCFULL,urgent,down,2026-06,2026-07,1,LOCFULL,78.9749428548,60,open,"linea de credito practicamente agotada: el score cae 19,0 puntos hasta 60,0 (sana)."
ALERT_00496,COMP_0961,GROUP_0101,level_shift_down,review,down,2026-06,,,L3,46.6168747847,44.2457796532,open,"escalon a la baja en el nivel del score: el score cae 2,4 puntos hasta 44,2 (vigilar)."
ALERT_00497,COMP_0974,GROUP_0195,cap_LOCFULL,urgent,down,2026-06,2026-07,1,LOCFULL,82.1750789847,60,open,"linea de credito practicamente agotada: el score cae 22,2 puntos hasta 60,0 (sana)."
ALERT_00498,COMP_0979,GROUP_0018,regime_deteriorating,review,down,2026-06,,,C1,35.7956893567,36.2932348755,open,"deterioro confirmado dos meses seguidos: el score sube 0,5 puntos hasta 36,3 (tension)."
ALERT_00499,COMP_0982,GROUP_0207,cap_LOCFULL,urgent,down,2026-06,2026-07,1,LOCFULL,35.3288807125,38.1197938193,open,"linea de credito practicamente agotada: el score sube 2,8 puntos hasta 38,1 (tension)."
ALERT_00500,COMP_0992,GROUP_0185,level_shift_down,review,down,2026-06,,,L1,32.9403096442,34.7154817592,open,"escalon a la baja en el nivel del score: el score sube 1,8 puntos hasta 34,7 (tension)."
ALERT_00501,COMP_0995,GROUP_0113,cap_LOCFULL,urgent,down,2026-06,2026-07,1,LOCFULL,62.2003347604,58.6716209137,open,"linea de credito practicamente agotada: el score cae 3,5 puntos hasta 58,7 (vigilar)."
ALERT_00502,COMP_1000,GROUP_0105,level_shift_down,review,down,2026-06,,,A1,62.3192249895,65.6992774038,resolved,"escalon a la baja en el nivel del score: el score sube 3,4 puntos hasta 65,7 (sana)."
ALERT_00503,COMP_1000,GROUP_0105,regime_deteriorating,review,down,2026-06,,,A1,62.3192249895,65.6992774038,resolved,"deterioro confirmado dos meses seguidos: el score sube 3,4 puntos hasta 65,7 (sana)."
ALERT_00504,COMP_1016,GROUP_0069,cap_LOCFULL,urgent,down,2026-06,2026-07,1,LOCFULL,57.3121650962,53.9945757942,open,"linea de credito practicamente agotada: el score cae 3,3 puntos hasta 54,0 (vigilar)."
ALERT_00505,COMP_1049,GROUP_0025,cap_LOCFULL,urgent,down,2026-06,2026-07,1,LOCFULL,77.432799129,60,open,"linea de credito practicamente agotada: el score cae 17,4 puntos hasta 60,0 (sana)."
ALERT_00506,COMP_1058,GROUP_0124,level_shift_up,watch,up,2026-06,,,L3,74.8949152961,75.808595432,resolved,"escalon al alza en el nivel del score: el score sube 0,9 puntos hasta 75,8 (sana)."
ALERT_00507,COMP_1091,GROUP_0103,cap_LOCFULL,urgent,down,2026-06,2026-07,1,LOCFULL,73.9104558442,60,open,"linea de credito practicamente agotada: el score cae 13,9 puntos hasta 60,0 (sana)."
ALERT_00508,COMP_1130,GROUP_0126,cap_LOCFULL,urgent,down,2026-06,2026-07,1,LOCFULL,35.773686522,40.3873112528,open,"linea de credito practicamente agotada: el score sube 4,6 puntos hasta 40,4 (vigilar)."
ALERT_00509,COMP_1137,GROUP_0159,level_shift_down,review,down,2026-06,2026-07,1,L2,65.3963332909,63.109754007,open,"escalon a la baja en el nivel del score: el score cae 2,3 puntos hasta 63,1 (sana)."
ALERT_00510,COMP_1145,GROUP_0092,level_shift_up,watch,up,2026-06,,,P5,55.211032446,58.2836980995,resolved,"escalon al alza en el nivel del score: el score sube 3,1 puntos hasta 58,3 (vigilar)."
ALERT_00511,COMP_1165,GROUP_0108,level_shift_up,watch,up,2026-06,,,L1,94.8052077868,96.607327832,resolved,"escalon al alza en el nivel del score: el score sube 1,8 puntos hasta 96,6 (excepcionalmente solida)."
ALERT_00512,COMP_1167,GROUP_0212,regime_improving,review,up,2026-06,,,L1,93.5019479375,96.8581590977,resolved,"mejora confirmada dos meses seguidos: el score sube 3,4 puntos hasta 96,9 (excepcionalmente solida)."
ALERT_00513,COMP_1198,GROUP_0218,level_shift_down,review,down,2026-06,,,A1,57.3225390931,54.4789830524,open,"escalon a la baja en el nivel del score: el score cae 2,8 puntos hasta 54,5 (vigilar)."
ALERT_00514,COMP_1219,GROUP_0142,cap_LOCFULL,urgent,down,2026-06,2026-07,1,LOCFULL,41.6575516011,42.3460691138,open,"linea de credito practicamente agotada: el score sube 0,7 puntos hasta 42,3 (vigilar)."
ALERT_00515,COMP_1230,GROUP_0019,cap_LOCFULL,urgent,down,2026-06,,,LOCFULL,40.3354094433,40.5700701996,open,"linea de credito practicamente agotada: el score sube 0,2 puntos hasta 40,6 (vigilar)."
ALERT_00516,COMP_1230,GROUP_0019,level_shift_down,review,down,2026-06,,,D1,40.3354094433,40.5700701996,open,"escalon a la baja en el nivel del score: el score sube 0,2 puntos hasta 40,6 (vigilar)."
ALERT_00517,COMP_1235,GROUP_0054,level_shift_up,watch,up,2026-06,,,A3,61.6017014333,61.6059590484,resolved,"escalon al alza en el nivel del score: el score sube 0,0 puntos hasta 61,6 (sana)."
ALERT_00518,COMP_1272,GROUP_0077,cap_LOCFULL,urgent,down,2026-06,2026-07,1,LOCFULL,67.6649360211,60,open,"linea de credito practicamente agotada: el score cae 7,7 puntos hasta 60,0 (sana)."
ALERT_00519,COMP_1286,GROUP_0030,cap_LOCFULL,urgent,down,2026-06,2026-07,1,LOCFULL,53.1430680747,55.7704928649,open,"linea de credito practicamente agotada: el score sube 2,6 puntos hasta 55,8 (vigilar)."
ALERT_00520,COMP_0023,GROUP_0237,level_shift_up,watch,up,2026-07,,,A2,76.6325493017,76.1228777457,resolved,"escalon al alza en el nivel del score: el score cae 0,5 puntos hasta 76,1 (sana)."
ALERT_00521,COMP_0047,GROUP_0018,regime_deteriorating,review,down,2026-07,,,A2,39.7382070034,38.9369841082,resolved,"deterioro confirmado dos meses seguidos: el score cae 0,8 puntos hasta 38,9 (tension)."
ALERT_00522,COMP_0085,GROUP_0155,level_shift_down,review,down,2026-07,,,P1,45.5926847446,44.1436620422,resolved,"escalon a la baja en el nivel del score: el score cae 1,4 puntos hasta 44,1 (vigilar)."
ALERT_00523,COMP_0091,GROUP_0237,regime_improving,watch,up,2026-07,,,A1,60,60,resolved,"mejora confirmada dos meses seguidos: el score sube 0,0 puntos hasta 60,0 (sana)."
ALERT_00524,COMP_0094,GROUP_0021,level_shift_down,review,down,2026-07,2026-08,1,D1,60,60,open,"escalon a la baja en el nivel del score: el score sube 0,0 puntos hasta 60,0 (sana)."
ALERT_00525,COMP_0095,GROUP_0240,cap_NEGCASH,urgent,down,2026-07,2026-08,1,NEGCASH,79.1823814869,40,open,"caja agregada en negativo dos meses seguidos: el score cae 39,2 puntos hasta 40,0 (vigilar)."
ALERT_00526,COMP_0131,GROUP_0070,level_shift_down,review,down,2026-07,,,P1,54.1826137533,50.9762519298,open,"escalon a la baja en el nivel del score: el score cae 3,2 puntos hasta 51,0 (vigilar)."
ALERT_00527,COMP_0131,GROUP_0070,regime_deteriorating,review,down,2026-07,,,P1,54.1826137533,50.9762519298,open,"deterioro confirmado dos meses seguidos: el score cae 3,2 puntos hasta 51,0 (vigilar)."
ALERT_00528,COMP_0154,GROUP_0003,cap_NEGCASH,urgent,down,2026-07,2026-08,1,NEGCASH,67.1003777019,40,open,"caja agregada en negativo dos meses seguidos: el score cae 27,1 puntos hasta 40,0 (vigilar)."
ALERT_00529,COMP_0195,GROUP_0065,level_shift_down,review,down,2026-07,,,L1,21.1895081547,34.0989147825,resolved,"escalon a la baja en el nivel del score: el score sube 12,9 puntos hasta 34,1 (tension)."
ALERT_00530,COMP_0200,GROUP_0224,level_shift_down,review,down,2026-07,,,D3,58.8737971301,53.7355359107,open,"escalon a la baja en el nivel del score: el score cae 5,1 puntos hasta 53,7 (vigilar)."
ALERT_00531,COMP_0279,GROUP_0022,regime_deteriorating,watch,down,2026-07,,,L1,28.8185877628,30.960252473,open,"deterioro confirmado dos meses seguidos: el score sube 2,1 puntos hasta 31,0 (tension)."
ALERT_00532,COMP_0340,GROUP_0116,level_shift_down,review,down,2026-07,2026-08,1,D1,60,60,open,"escalon a la baja en el nivel del score: el score sube 0,0 puntos hasta 60,0 (sana)."
ALERT_00533,COMP_0430,GROUP_0182,regime_deteriorating,review,down,2026-07,2026-08,1,L3,58.0414173539,54.5686561455,open,"deterioro confirmado dos meses seguidos: el score cae 3,5 puntos hasta 54,6 (vigilar)."
ALERT_00534,COMP_0447,GROUP_0190,level_shift_up,watch,up,2026-07,,,D1,79.6104932954,78.2542383661,resolved,"escalon al alza en el nivel del score: el score cae 1,4 puntos hasta 78,3 (sana)."
ALERT_00535,COMP_0447,GROUP_0190,regime_improving,review,up,2026-07,,,D1,79.6104932954,78.2542383661,resolved,"mejora confirmada dos meses seguidos: el score cae 1,4 puntos hasta 78,3 (sana)."
ALERT_00536,COMP_0469,GROUP_0149,cap_NEGCASH,urgent,down,2026-07,2026-08,1,NEGCASH,39.4270370434,40,open,"caja agregada en negativo dos meses seguidos: el score sube 0,6 puntos hasta 40,0 (vigilar)."
ALERT_00537,COMP_0474,GROUP_0141,level_shift_down,review,down,2026-07,2026-08,1,D1,60,60,open,"escalon a la baja en el nivel del score: el score sube 0,0 puntos hasta 60,0 (sana)."
ALERT_00538,COMP_0491,GROUP_0146,level_shift_down,review,down,2026-07,2026-08,1,D1,60,60,open,"escalon a la baja en el nivel del score: el score sube 0,0 puntos hasta 60,0 (sana)."
ALERT_00539,COMP_0494,GROUP_0142,level_shift_down,review,down,2026-07,,,L1,38.6350589264,40.7018531656,resolved,"escalon a la baja en el nivel del score: el score sube 2,1 puntos hasta 40,7 (vigilar)."
ALERT_00540,COMP_0515,GROUP_0117,level_shift_down,review,down,2026-07,2026-08,1,D1,60,60,open,"escalon a la baja en el nivel del score: el score sube 0,0 puntos hasta 60,0 (sana)."
ALERT_00541,COMP_0517,GROUP_0165,level_shift_down,review,down,2026-07,,,L1,63.1082036286,65.9664196913,resolved,"escalon a la baja en el nivel del score: el score sube 2,9 puntos hasta 66,0 (sana)."
ALERT_00542,COMP_0522,GROUP_0066,regime_deteriorating,review,down,2026-07,,,A5,67.8083781591,69.8413641214,open,"deterioro confirmado dos meses seguidos: el score sube 2,0 puntos hasta 69,8 (sana)."
ALERT_00543,COMP_0534,GROUP_0184,level_shift_down,review,down,2026-07,,,P1,38.7583163285,40.5004221396,resolved,"escalon a la baja en el nivel del score: el score sube 1,7 puntos hasta 40,5 (vigilar)."
ALERT_00544,COMP_0588,GROUP_0218,level_shift_down,review,down,2026-07,,,L3,12.8786362784,15.8763993547,open,"escalon a la baja en el nivel del score: el score sube 3,0 puntos hasta 15,9 (tension)."
ALERT_00545,COMP_0591,GROUP_0185,level_shift_down,review,down,2026-07,,,A1,46.825122053,51.7418712313,open,"escalon a la baja en el nivel del score: el score sube 4,9 puntos hasta 51,7 (vigilar)."
ALERT_00546,COMP_0599,GROUP_0018,regime_deteriorating,watch,down,2026-07,,,L1,50.9165043773,52.5757747245,open,"deterioro confirmado dos meses seguidos: el score sube 1,7 puntos hasta 52,6 (vigilar)."
ALERT_00547,COMP_0616,GROUP_0017,regime_deteriorating,review,down,2026-07,,,L1,51.3110593131,57.1753549332,open,"deterioro confirmado dos meses seguidos: el score sube 5,9 puntos hasta 57,2 (vigilar)."
ALERT_00548,COMP_0631,GROUP_0222,level_shift_down,review,down,2026-07,,,C1,47.3355969429,47.4823336791,open,"escalon a la baja en el nivel del score: el score sube 0,1 puntos hasta 47,5 (vigilar)."
ALERT_00549,COMP_0662,GROUP_0054,level_shift_down,review,down,2026-07,,,D2,26.0795245785,40.1923259275,resolved,"escalon a la baja en el nivel del score: el score sube 14,1 puntos hasta 40,2 (vigilar)."
ALERT_00550,COMP_0662,GROUP_0054,regime_deteriorating,review,down,2026-07,,,D2,26.0795245785,40.1923259275,resolved,"deterioro confirmado dos meses seguidos: el score sube 14,1 puntos hasta 40,2 (vigilar)."
ALERT_00551,COMP_0719,GROUP_0068,level_shift_up,watch,up,2026-07,,,C1,58.6733388476,62.1866937215,resolved,"escalon al alza en el nivel del score: el score sube 3,5 puntos hasta 62,2 (sana)."
ALERT_00552,COMP_0719,GROUP_0068,regime_improving,review,up,2026-07,,,C1,58.6733388476,62.1866937215,resolved,"mejora confirmada dos meses seguidos: el score sube 3,5 puntos hasta 62,2 (sana)."
ALERT_00553,COMP_0728,GROUP_0183,regime_deteriorating,watch,down,2026-07,,,D4,64.5532267792,65.8186752318,open,"deterioro confirmado dos meses seguidos: el score sube 1,3 puntos hasta 65,8 (sana)."
ALERT_00554,COMP_0747,GROUP_0172,level_shift_up,watch,up,2026-07,,,A2,64.8728168885,65.8061867863,resolved,"escalon al alza en el nivel del score: el score sube 0,9 puntos hasta 65,8 (sana)."
ALERT_00555,COMP_0747,GROUP_0172,regime_improving,review,up,2026-07,,,A2,64.8728168885,65.8061867863,resolved,"mejora confirmada dos meses seguidos: el score sube 0,9 puntos hasta 65,8 (sana)."
ALERT_00556,COMP_0797,GROUP_0081,level_shift_down,review,down,2026-07,,,C3,54.4395742891,56.636039942,open,"escalon a la baja en el nivel del score: el score sube 2,2 puntos hasta 56,6 (vigilar)."
ALERT_00557,COMP_0825,GROUP_0043,level_shift_down,review,down,2026-07,2026-08,1,D1,60,60,open,"escalon a la baja en el nivel del score: el score sube 0,0 puntos hasta 60,0 (sana)."
ALERT_00558,COMP_0833,GROUP_0158,regime_deteriorating,review,down,2026-07,,,A2,51.6087732824,51.9903853358,open,"deterioro confirmado dos meses seguidos: el score sube 0,4 puntos hasta 52,0 (vigilar)."
ALERT_00559,COMP_0838,GROUP_0250,level_shift_down,review,down,2026-07,,,P1,75.1052421106,72.9683442851,resolved,"escalon a la baja en el nivel del score: el score cae 2,1 puntos hasta 73,0 (sana)."
ALERT_00560,COMP_0861,GROUP_0226,level_shift_up,watch,up,2026-07,,,L1,72.2700477762,76.2263998495,resolved,"escalon al alza en el nivel del score: el score sube 4,0 puntos hasta 76,2 (sana)."
ALERT_00561,COMP_0866,GROUP_0102,regime_improving,watch,up,2026-07,,,A2,59.5996995653,61.5579252473,resolved,"mejora confirmada dos meses seguidos: el score sube 2,0 puntos hasta 61,6 (sana)."
ALERT_00562,COMP_0875,GROUP_0141,level_shift_down,review,down,2026-07,2026-08,1,D1,60,60,open,"escalon a la baja en el nivel del score: el score sube 0,0 puntos hasta 60,0 (sana)."
ALERT_00563,COMP_0877,GROUP_0127,level_shift_up,watch,up,2026-07,,,L1,91.4760644162,93.7643446642,resolved,"escalon al alza en el nivel del score: el score sube 2,3 puntos hasta 93,8 (excepcionalmente solida)."
ALERT_00564,COMP_0877,GROUP_0127,regime_improving,review,up,2026-07,,,L1,91.4760644162,93.7643446642,resolved,"mejora confirmada dos meses seguidos: el score sube 2,3 puntos hasta 93,8 (excepcionalmente solida)."
ALERT_00565,COMP_0906,GROUP_0238,level_shift_up,watch,up,2026-07,,,D1,64.7848902988,69.0634015665,resolved,"escalon al alza en el nivel del score: el score sube 4,3 puntos hasta 69,1 (sana)."
ALERT_00566,COMP_0936,GROUP_0046,regime_deteriorating,watch,down,2026-07,,,P4,55.8235569892,57.0944380858,open,"deterioro confirmado dos meses seguidos: el score sube 1,3 puntos hasta 57,1 (vigilar)."
ALERT_00567,COMP_0955,GROUP_0035,regime_deteriorating,review,down,2026-07,,,C3,59.3612284873,57.3899121583,resolved,"deterioro confirmado dos meses seguidos: el score cae 2,0 puntos hasta 57,4 (vigilar)."
ALERT_00568,COMP_0974,GROUP_0195,level_shift_down,review,down,2026-07,2026-08,1,D1,60,60,open,"escalon a la baja en el nivel del score: el score sube 0,0 puntos hasta 60,0 (sana)."
ALERT_00569,COMP_0994,GROUP_0037,level_shift_up,watch,up,2026-07,,,A3,55.0636379188,56.2964128404,resolved,"escalon al alza en el nivel del score: el score sube 1,2 puntos hasta 56,3 (vigilar)."
ALERT_00570,COMP_1024,GROUP_0226,level_shift_down,review,down,2026-07,,,L1,26.4210825994,27.7677049817,open,"escalon a la baja en el nivel del score: el score sube 1,3 puntos hasta 27,8 (tension)."
ALERT_00571,COMP_1091,GROUP_0103,level_shift_down,review,down,2026-07,2026-08,1,D1,60,60,open,"escalon a la baja en el nivel del score: el score sube 0,0 puntos hasta 60,0 (sana)."
ALERT_00572,COMP_1124,GROUP_0148,regime_improving,watch,up,2026-07,,,L1,94.5047685864,94.3426194427,resolved,"mejora confirmada dos meses seguidos: el score cae 0,2 puntos hasta 94,3 (excepcionalmente solida)."
ALERT_00573,COMP_1137,GROUP_0159,regime_deteriorating,watch,down,2026-07,,,L1,63.109754007,59.3705718913,resolved,"deterioro confirmado dos meses seguidos: el score cae 3,7 puntos hasta 59,4 (vigilar)."
ALERT_00574,COMP_1142,GROUP_0202,level_shift_up,watch,up,2026-07,,,P1,77.1437028461,78.6745545361,resolved,"escalon al alza en el nivel del score: el score sube 1,5 puntos hasta 78,7 (sana)."
ALERT_00575,COMP_1165,GROUP_0108,regime_improving,review,up,2026-07,,,L1,96.607327832,96.3813727096,resolved,"mejora confirmada dos meses seguidos: el score cae 0,2 puntos hasta 96,4 (excepcionalmente solida)."
ALERT_00576,COMP_1236,GROUP_0157,level_shift_down,review,down,2026-07,,,L3,48.2893905104,45.7254154272,open,"escalon a la baja en el nivel del score: el score cae 2,6 puntos hasta 45,7 (vigilar)."
ALERT_00577,COMP_1257,GROUP_0222,level_shift_down,review,down,2026-07,,,P2,49.8546134032,49.6739985903,resolved,"escalon a la baja en el nivel del score: el score cae 0,2 puntos hasta 49,7 (vigilar)."
ALERT_00578,COMP_1262,GROUP_0026,cap_NEGCASH,urgent,down,2026-07,2026-08,1,NEGCASH,73.3893469523,40,open,"caja agregada en negativo dos meses seguidos: el score cae 33,4 puntos hasta 40,0 (vigilar)."
ALERT_00579,COMP_1279,GROUP_0035,regime_improving,review,up,2026-07,,,A1,76.3868975289,82.1437376919,resolved,"mejora confirmada dos meses seguidos: el score sube 5,8 puntos hasta 82,1 (excepcionalmente solida)."
ALERT_00580,COMP_0004,GROUP_0058,regime_deteriorating,watch,down,2026-08,,,L4,30.3938093726,41.0023677156,open,"deterioro confirmado dos meses seguidos: el score sube 10,6 puntos hasta 41,0 (vigilar)."
ALERT_00581,COMP_0073,GROUP_0101,level_shift_up,watch,up,2026-08,,,P1,76.1731614717,78.0823711091,resolved,"escalon al alza en el nivel del score: el score sube 1,9 puntos hasta 78,1 (sana)."
ALERT_00582,COMP_0079,GROUP_0203,level_shift_up,watch,up,2026-08,,,L1,71.271628973,71.896359292,resolved,"escalon al alza en el nivel del score: el score sube 0,6 puntos hasta 71,9 (sana)."
ALERT_00583,COMP_0095,GROUP_0240,level_shift_down,review,down,2026-08,,,L5,40,40,open,"escalon a la baja en el nivel del score: el score sube 0,0 puntos hasta 40,0 (vigilar)."
ALERT_00584,COMP_0124,GROUP_0136,regime_improving,review,up,2026-08,,,P1,85.8839885754,88.2773849357,resolved,"mejora confirmada dos meses seguidos: el score sube 2,4 puntos hasta 88,3 (excepcionalmente solida)."
ALERT_00585,COMP_0137,GROUP_0217,level_shift_up,watch,up,2026-08,,,A1,62.2227930096,64.3234178367,resolved,"escalon al alza en el nivel del score: el score sube 2,1 puntos hasta 64,3 (sana)."
ALERT_00586,COMP_0137,GROUP_0217,regime_improving,review,up,2026-08,,,A1,62.2227930096,64.3234178367,resolved,"mejora confirmada dos meses seguidos: el score sube 2,1 puntos hasta 64,3 (sana)."
ALERT_00587,COMP_0166,GROUP_0149,level_shift_down,review,down,2026-08,,,L3,51.9940733423,51.5168535369,open,"escalon a la baja en el nivel del score: el score cae 0,5 puntos hasta 51,5 (vigilar)."
ALERT_00588,COMP_0166,GROUP_0149,regime_deteriorating,review,down,2026-08,,,L3,51.9940733423,51.5168535369,open,"deterioro confirmado dos meses seguidos: el score cae 0,5 puntos hasta 51,5 (vigilar)."
ALERT_00589,COMP_0179,GROUP_0017,cap_DEBTSTOP,urgent,down,2026-08,,,DEBTSTOP,54.9839951382,50,open,"dos meses sin amortizar deuda que venia pagando: el score cae 5,0 puntos hasta 50,0 (vigilar)."
ALERT_00590,COMP_0190,GROUP_0182,level_shift_up,watch,up,2026-08,,,A1,77.4289452536,73.0523570768,resolved,"escalon al alza en el nivel del score: el score cae 4,4 puntos hasta 73,1 (sana)."
ALERT_00591,COMP_0200,GROUP_0224,regime_deteriorating,review,down,2026-08,,,A1,53.7355359107,48.8121932413,open,"deterioro confirmado dos meses seguidos: el score cae 4,9 puntos hasta 48,8 (vigilar)."
ALERT_00592,COMP_0255,GROUP_0025,regime_improving,review,up,2026-08,,,L3,80.6442821443,78.6010598656,resolved,"mejora confirmada dos meses seguidos: el score cae 2,0 puntos hasta 78,6 (sana)."
ALERT_00593,COMP_0262,GROUP_0211,regime_improving,watch,up,2026-08,,,P1,86.2576325367,87.9994307053,resolved,"mejora confirmada dos meses seguidos: el score sube 1,7 puntos hasta 88,0 (excepcionalmente solida)."
ALERT_00594,COMP_0298,GROUP_0063,level_shift_down,review,down,2026-08,,,A2,32.2876010131,29.564059008,open,"escalon a la baja en el nivel del score: el score cae 2,7 puntos hasta 29,6 (tension)."
ALERT_00595,COMP_0309,GROUP_0250,level_shift_down,review,down,2026-08,,,L1,55.0054294028,54.7725966535,open,"escalon a la baja en el nivel del score: el score cae 0,2 puntos hasta 54,8 (vigilar)."
ALERT_00596,COMP_0332,GROUP_0149,cap_NEGCASH,urgent,down,2026-08,,,NEGCASH,82.9279184709,40,open,"caja agregada en negativo dos meses seguidos: el score cae 42,9 puntos hasta 40,0 (vigilar)."
ALERT_00597,COMP_0370,GROUP_0164,level_shift_down,review,down,2026-08,,,A4,75.8702518994,75.3369034908,open,"escalon a la baja en el nivel del score: el score cae 0,5 puntos hasta 75,3 (sana)."
ALERT_00598,COMP_0370,GROUP_0164,regime_deteriorating,review,down,2026-08,,,A4,75.8702518994,75.3369034908,open,"deterioro confirmado dos meses seguidos: el score cae 0,5 puntos hasta 75,3 (sana)."
ALERT_00599,COMP_0378,GROUP_0234,level_shift_down,review,down,2026-08,,,P1,67.3012081093,67.7061926625,open,"escalon a la baja en el nivel del score: el score sube 0,4 puntos hasta 67,7 (sana)."
ALERT_00600,COMP_0385,GROUP_0145,cap_DEBTSTOP,urgent,down,2026-08,,,DEBTSTOP,58.3137490978,50,open,"dos meses sin amortizar deuda que venia pagando: el score cae 8,3 puntos hasta 50,0 (vigilar)."
ALERT_00601,COMP_0397,GROUP_0155,level_shift_down,review,down,2026-08,,,L1,36.5616612916,36.0406313687,open,"escalon a la baja en el nivel del score: el score cae 0,5 puntos hasta 36,0 (tension)."
ALERT_00602,COMP_0397,GROUP_0155,regime_deteriorating,review,down,2026-08,,,L1,36.5616612916,36.0406313687,open,"deterioro confirmado dos meses seguidos: el score cae 0,5 puntos hasta 36,0 (tension)."
ALERT_00603,COMP_0430,GROUP_0182,level_shift_down,review,down,2026-08,,,L3,54.5686561455,42.4886175847,open,"escalon a la baja en el nivel del score: el score cae 12,1 puntos hasta 42,5 (vigilar)."
ALERT_00604,COMP_0482,GROUP_0211,level_shift_down,review,down,2026-08,,,C3,46.4094335538,60.8763942578,open,"escalon a la baja en el nivel del score: el score sube 14,5 puntos hasta 60,9 (sana)."
ALERT_00605,COMP_0485,GROUP_0052,level_shift_down,review,down,2026-08,,,L1,35.6772134004,33.9615178212,open,"escalon a la baja en el nivel del score: el score cae 1,7 puntos hasta 34,0 (tension)."
ALERT_00606,COMP_0498,GROUP_0153,level_shift_down,review,down,2026-08,,,P4,84.2100166186,83.3454450499,open,"escalon a la baja en el nivel del score: el score cae 0,9 puntos hasta 83,3 (excepcionalmente solida)."
ALERT_00607,COMP_0505,GROUP_0092,level_shift_down,review,down,2026-08,,,A2,56.1791573739,55.7981306893,open,"escalon a la baja en el nivel del score: el score cae 0,4 puntos hasta 55,8 (vigilar)."
ALERT_00608,COMP_0507,GROUP_0023,regime_deteriorating,review,down,2026-08,,,A1,58.1468986454,51.9798494674,open,"deterioro confirmado dos meses seguidos: el score cae 6,2 puntos hasta 52,0 (vigilar)."
ALERT_00609,COMP_0532,GROUP_0017,level_shift_up,watch,up,2026-08,,,A2,86.6358162681,82.6032886981,resolved,"escalon al alza en el nivel del score: el score cae 4,0 puntos hasta 82,6 (excepcionalmente solida)."
ALERT_00610,COMP_0561,GROUP_0063,cap_SSMISS,urgent,down,2026-08,,,SSMISS,47.7997540044,45,open,"dos meses sin pagar la Seguridad Social: el score cae 2,8 puntos hasta 45,0 (vigilar)."
ALERT_00611,COMP_0673,GROUP_0203,level_shift_down,review,down,2026-08,,,L1,54.2003479261,52.8937010309,open,"escalon a la baja en el nivel del score: el score cae 1,3 puntos hasta 52,9 (vigilar)."
ALERT_00612,COMP_0680,GROUP_0089,level_shift_down,review,down,2026-08,,,P1,22.5595811166,24.9146845843,open,"escalon a la baja en el nivel del score: el score sube 2,4 puntos hasta 24,9 (tension)."
ALERT_00613,COMP_0732,GROUP_0022,level_shift_up,watch,up,2026-08,,,L1,94.4417000249,91.3388111395,resolved,"escalon al alza en el nivel del score: el score cae 3,1 puntos hasta 91,3 (excepcionalmente solida)."
ALERT_00614,COMP_0737,GROUP_0205,level_shift_up,watch,up,2026-08,,,L1,51.1778143768,51.8291356679,resolved,"escalon al alza en el nivel del score: el score sube 0,7 puntos hasta 51,8 (vigilar)."
ALERT_00615,COMP_0737,GROUP_0205,regime_improving,review,up,2026-08,,,L1,51.1778143768,51.8291356679,resolved,"mejora confirmada dos meses seguidos: el score sube 0,7 puntos hasta 51,8 (vigilar)."
ALERT_00616,COMP_0745,GROUP_0058,level_shift_down,review,down,2026-08,,,L1,27.0814691057,25.7558693307,open,"escalon a la baja en el nivel del score: el score cae 1,3 puntos hasta 25,8 (tension)."
ALERT_00617,COMP_0746,GROUP_0222,level_shift_down,review,down,2026-08,,,P4,56.9862524464,57.7253987448,open,"escalon a la baja en el nivel del score: el score sube 0,7 puntos hasta 57,7 (vigilar)."
ALERT_00618,COMP_0770,GROUP_0082,level_shift_down,review,down,2026-08,,,L1,59.1923907684,59.7281959294,open,"escalon a la baja en el nivel del score: el score sube 0,5 puntos hasta 59,7 (vigilar)."
ALERT_00619,COMP_0785,GROUP_0140,level_shift_up,watch,up,2026-08,,,A1,91.7008415363,90.8823223616,resolved,"escalon al alza en el nivel del score: el score cae 0,8 puntos hasta 90,9 (excepcionalmente solida)."
ALERT_00620,COMP_0785,GROUP_0140,regime_improving,review,up,2026-08,,,A1,91.7008415363,90.8823223616,resolved,"mejora confirmada dos meses seguidos: el score cae 0,8 puntos hasta 90,9 (excepcionalmente solida)."
ALERT_00621,COMP_0827,GROUP_0078,level_shift_down,review,down,2026-08,,,L3,50.4562537495,49.6842468698,open,"escalon a la baja en el nivel del score: el score cae 0,8 puntos hasta 49,7 (vigilar)."
ALERT_00622,COMP_0874,GROUP_0185,level_shift_down,review,down,2026-08,,,D4,55.5364688285,53.8495321564,open,"escalon a la baja en el nivel del score: el score cae 1,7 puntos hasta 53,8 (vigilar)."
ALERT_00623,COMP_0878,GROUP_0147,cap_DEBTSTOP,urgent,down,2026-08,,,DEBTSTOP,31.4750946436,31.5091953211,open,"dos meses sin amortizar deuda que venia pagando: el score sube 0,0 puntos hasta 31,5 (tension)."
ALERT_00624,COMP_0896,GROUP_0114,level_shift_up,watch,up,2026-08,,,L1,93.9813659568,90.8563484694,resolved,"escalon al alza en el nivel del score: el score cae 3,1 puntos hasta 90,9 (excepcionalmente solida)."
ALERT_00625,COMP_0910,GROUP_0172,level_shift_up,watch,up,2026-08,,,D3,54.1019141739,55.9250830901,resolved,"escalon al alza en el nivel del score: el score sube 1,8 puntos hasta 55,9 (vigilar)."
ALERT_00626,COMP_0912,GROUP_0185,regime_deteriorating,review,down,2026-08,,,L1,34.1171162018,29.9487278051,open,"deterioro confirmado dos meses seguidos: el score cae 4,2 puntos hasta 29,9 (tension)."
ALERT_00627,COMP_0968,GROUP_0129,level_shift_up,watch,up,2026-08,,,C4,53.6127938746,53.0300787188,resolved,"escalon al alza en el nivel del score: el score cae 0,6 puntos hasta 53,0 (vigilar)."
ALERT_00628,COMP_0988,GROUP_0236,level_shift_up,watch,up,2026-08,,,L1,94.568344084,96.4161164865,resolved,"escalon al alza en el nivel del score: el score sube 1,8 puntos hasta 96,4 (excepcionalmente solida)."
ALERT_00629,COMP_0988,GROUP_0236,regime_improving,review,up,2026-08,,,L1,94.568344084,96.4161164865,resolved,"mejora confirmada dos meses seguidos: el score sube 1,8 puntos hasta 96,4 (excepcionalmente solida)."
ALERT_00630,COMP_0990,GROUP_0211,level_shift_up,watch,up,2026-08,,,L4,65.9574724092,63.2504489687,resolved,"escalon al alza en el nivel del score: el score cae 2,7 puntos hasta 63,3 (sana)."
ALERT_00631,COMP_0999,GROUP_0222,level_shift_up,watch,up,2026-08,,,L1,96.692517304,97.0109006259,resolved,"escalon al alza en el nivel del score: el score sube 0,3 puntos hasta 97,0 (excepcionalmente solida)."
ALERT_00632,COMP_1065,GROUP_0215,level_shift_up,watch,up,2026-08,,,L3,92.687817953,95.6152820335,resolved,"escalon al alza en el nivel del score: el score sube 2,9 puntos hasta 95,6 (excepcionalmente solida)."
ALERT_00633,COMP_1074,GROUP_0238,regime_deteriorating,watch,down,2026-08,,,A3,48.3605817349,46.1358187094,open,"deterioro confirmado dos meses seguidos: el score cae 2,2 puntos hasta 46,1 (vigilar)."
ALERT_00634,COMP_1105,GROUP_0094,regime_deteriorating,watch,down,2026-08,,,L1,61.0429331435,60.856388348,open,"deterioro confirmado dos meses seguidos: el score cae 0,2 puntos hasta 60,9 (sana)."
ALERT_00635,COMP_1182,GROUP_0022,cap_LOCFULL,urgent,down,2026-08,,,LOCFULL,33.3108609938,24.2672417722,open,"linea de credito practicamente agotada: el score cae 9,0 puntos hasta 24,3 (tension)."
ALERT_00636,COMP_1207,GROUP_0132,level_shift_down,review,down,2026-08,,,A2,34.5494446802,31.9500178979,open,"escalon a la baja en el nivel del score: el score cae 2,6 puntos hasta 32,0 (tension)."
ALERT_00637,COMP_1213,GROUP_0158,level_shift_up,watch,up,2026-08,,,L4,56.6977502524,58.7385694437,resolved,"escalon al alza en el nivel del score: el score sube 2,0 puntos hasta 58,7 (vigilar)."
ALERT_00638,COMP_1285,GROUP_0149,level_shift_down,review,down,2026-08,,,A2,34.0511988766,35.0875232036,open,"escalon a la baja en el nivel del score: el score sube 1,0 puntos hasta 35,1 (tension)."
