company_id,group_id,name,country,currency,erp,created_at,first_activity,last_activity,months_hist,has_invoices,has_debt,has_debt_repayment,has_lineofcredit,branch,n_banking_products,n_debt_products,n_invoices,n_transactions,op_in_12m,cash_quality
COMP_0001,GROUP_0147,Talleres Aranda S.L.U.,,EUR,sage200,2026-03-11,2026-01-14,2026-08-31,8,True,False,False,False,no_debt,2,0,627,198,548427.74,ok
COMP_0002,GROUP_0125,Grupo Herrera S.L.U.,PT,EUR,,2024-05-30,2024-09-02,2025-04-14,8,False,False,True,False,no_invoices_no_debt,2,0,0,581,0,ok
COMP_0003,GROUP_0044,Alimentaria Yuste S.L.U.,,EUR,businessCentral,2026-06-19,2026-01-02,2026-08-31,8,True,False,False,False,no_debt,2,0,37,425,354217.73,ok
COMP_0004,GROUP_0058,Textil Navarro S.L.,ES,EUR,businessCentral,2026-02-25,2025-12-27,2026-08-31,9,True,True,True,True,full,12,14,826,2073,7150028.04,ok
COMP_0005,GROUP_0092,Logistica Jimena S.L.,,EUR,,2026-07-02,2025-01-10,2026-08-31,19,False,False,False,False,no_invoices_no_debt,1,0,0,171,371166.88,ok
COMP_0006,GROUP_0195,Comercial Carrion S.L.,,EUR,businessCentral,2026-01-09,2025-09-01,2026-08-31,12,True,False,False,False,no_debt,2,0,224,266,133165.02,ok
COMP_0007,GROUP_0064,Industrias Quintana S.L.,,EUR,,2026-03-10,2024-12-31,2026-08-31,21,False,True,True,True,no_invoices,43,48,0,6151,70428353.97,ok
COMP_0008,GROUP_0195,Transportes Yuste S.L.U.,,EUR,businessCentral,2026-01-09,2025-09-01,2026-08-31,12,True,False,False,False,no_debt,9,0,593,1585,396885.21,ok
COMP_0009,GROUP_0225,Suministros Doriga S.L.U.,,EUR,businessCentral,2025-08-07,2024-09-02,2026-08-31,24,True,True,True,False,full,7,4,272,1216,36343681.44,ok
COMP_0010,GROUP_0013,Construcciones Salazar S.L.U.,,EUR,sageX3,2024-05-23,2024-09-04,2026-08-31,24,True,False,False,False,no_debt,1,0,602,240,573859,ok
COMP_0011,GROUP_0234,Distribuciones Arga S.L.U.,,EUR,businessOne,2025-10-20,2025-12-22,2026-08-31,9,True,False,False,False,no_debt,5,0,48,105,3489807.71,ok
COMP_0012,GROUP_0087,Hermanos Doriga S.L.U.,,EUR,,2025-10-06,2025-08-28,2026-08-29,13,False,False,False,False,no_invoices_no_debt,2,0,0,148,101703.74,ok
COMP_0013,GROUP_0203,Electro Carrion S.L.U.,,EUR,netsuite,2026-02-19,2025-12-31,2026-08-31,9,True,True,True,False,full,4,2,1431,785,324820.26,ok
COMP_0014,GROUP_0173,Quimica Navarro S.L.,,CAD,businessCentral,2026-01-21,2026-01-02,2026-08-31,8,True,False,False,False,no_debt,1,0,2019,2741,1659976.89,low
COMP_0015,GROUP_0068,Agricola Beltran S.L.,,EUR,businessCentral,2025-04-24,2025-04-01,2026-08-03,17,True,False,False,False,no_debt,1,0,13,27,0,ok
COMP_0016,GROUP_0070,Suministros Gallardo S.L.,ES,EUR,businessCentral,2023-06-06,2024-09-02,2026-08-27,24,True,False,True,False,no_debt,11,0,257,734,5929570.83,ok
COMP_0017,GROUP_0073,Transportes Quintana S.L.,,EUR,businessCentral,2025-04-15,2025-03-21,2026-08-26,18,True,False,False,False,no_debt,1,0,48,74,147404.6,ok
COMP_0018,GROUP_0250,Industrias Pinilla S.L.U.,,EUR,distritoK,2022-04-22,2024-09-02,2026-08-24,24,True,False,False,False,no_debt,1,0,371,337,99008.35,ok
COMP_0019,GROUP_0212,Comercial Herrera S.L.U.,,EUR,,2024-07-10,2024-09-02,2026-08-31,24,False,False,False,False,no_invoices_no_debt,3,0,0,7184,2771889.35,ok
COMP_0020,GROUP_0007,Transportes Beltran y Cia. S.L.,,EUR,,2026-04-27,2026-01-01,2026-08-12,8,False,True,False,True,no_invoices,6,2,0,297,14075517.69,ok
COMP_0021,GROUP_0023,Suministros Arga y Cia. S.L.,,EUR,sage200,2026-03-26,2026-02-06,2026-08-31,7,True,False,False,False,no_debt,1,0,88,101,1119233.13,ok
COMP_0022,GROUP_0065,Agricola Moncayo y Cia. S.L.,,EUR,,2024-10-10,2024-09-01,2026-08-31,24,True,False,False,False,no_debt,4,0,1691,7006,1022094.94,ok
COMP_0023,GROUP_0237,Quimica Tudela y Cia. S.L.,BE,EUR,netsuite,2025-05-28,2025-03-31,2026-08-31,18,True,True,False,True,full,3,4,3586,2438,3817530.94,ok
COMP_0024,GROUP_0222,Electro Ribera S.A.,,EUR,businessCentral,2025-01-16,2025-01-03,2026-08-31,20,True,False,True,False,no_debt,2,0,2378,2279,1529622.98,ok
COMP_0025,GROUP_0211,Hermanos Xativa S.A.,,USD,netsuite,2024-12-13,2025-06-09,2026-08-31,15,True,False,False,False,no_debt,5,0,850,889,6235639.66,ok
COMP_0026,GROUP_0236,Distribuciones Yuste S.A.,,EUR,,2026-03-02,2026-01-02,2026-08-31,8,False,False,True,False,no_invoices_no_debt,2,0,0,639,12104663.31,ok
COMP_0027,GROUP_0241,Construcciones Ulzama S.A.,,EUR,businessCentral,2026-05-08,2026-01-07,2026-08-31,8,True,True,True,True,full,7,1,3042,1133,4229594.75,ok
COMP_0028,GROUP_0218,Servicios Gallardo y Cia. S.L.,ES,EUR,businessCentral,2024-02-01,2024-09-07,2026-07-24,17,False,False,False,False,no_invoices_no_debt,4,0,0,38,207.01,ok
COMP_0029,GROUP_0013,Talleres Quintana y Cia. S.L.,,EUR,sageX3,2024-05-23,2024-09-05,2026-08-25,24,True,False,False,False,no_debt,6,0,703,332,318327.74,ok
COMP_0030,GROUP_0126,Industrias Olmedo y Cia. S.L.,,EUR,m3Rosetta,2024-05-21,2024-09-05,2026-08-31,24,False,False,False,False,no_invoices_no_debt,3,0,0,4210,47014089.33,ok
COMP_0031,GROUP_0035,Comercial Ebro y Cia. S.L.,ES,EUR,businessCentral,2025-12-26,2025-11-07,2026-08-31,10,True,False,True,False,no_debt,3,0,467,4919,4608781.15,ok
COMP_0032,GROUP_0094,Logistica Doriga y Cia. S.L.,,EUR,netsuite,2024-11-07,2024-10-01,2026-01-01,14,True,False,False,False,no_debt,1,0,16,31,0,ok
COMP_0033,GROUP_0130,Textil Yuste y Cia. S.L.,FR,EUR,,2025-11-19,2025-10-19,2026-06-17,9,False,False,True,False,no_invoices_no_debt,3,0,0,792,4500210.68,ok
COMP_0034,GROUP_0172,Alimentaria Iranzo S.A.,,EUR,,2025-05-22,2025-03-24,2026-08-31,18,False,True,True,False,no_invoices,11,1,0,5857,13298585.86,ok
COMP_0035,GROUP_0115,Grupo Olmedo S.A.,,EUR,,2022-11-14,2024-09-02,2026-08-31,24,False,False,False,False,no_invoices_no_debt,8,0,0,123,235000,ok
COMP_0036,GROUP_0103,Talleres Yuste S.A.,,EUR,,2025-03-13,2025-01-20,2026-08-31,20,False,False,True,False,no_invoices_no_debt,1,0,0,1166,3763329.45,ok
COMP_0037,GROUP_0222,Servicios Quintana S.A.,,EUR,businessCentral,2025-01-16,2025-01-07,2026-08-31,20,True,False,False,False,no_debt,2,0,440,560,571618.99,low
COMP_0038,GROUP_0104,Construcciones Gallardo y Cia. S.L.,,EUR,,2026-02-27,2026-01-15,2026-08-31,8,True,True,True,False,full,23,2,179,1363,4755121.29,ok
COMP_0039,GROUP_0225,Distribuciones Zubiri y Cia. S.L.,,EUR,businessCentral,2025-09-21,2024-09-05,2026-08-31,24,True,False,False,False,no_debt,2,0,23,416,140000,ok
COMP_0040,GROUP_0178,Suministros Fuentes S.L.,,EUR,,2026-03-09,2026-01-12,2026-07-31,7,False,True,True,True,no_invoices,8,2,0,81,2056259.97,low
COMP_0041,GROUP_0149,Transportes Valverde S.L.,,EUR,m3Rosetta,2026-02-16,2025-12-29,2026-08-31,9,True,True,True,False,full,4,2,59,360,919347.73,ok
COMP_0042,GROUP_0162,Quimica Herrera S.L.,US,USD,businessOne,2022-04-06,2024-09-03,2026-08-31,24,True,True,False,False,full,20,1,1399,3368,9605391.2,ok
COMP_0043,GROUP_0185,Agricola Gallardo S.L.,,EUR,businessCentral,2026-02-27,2025-12-29,2026-08-31,9,True,False,False,False,no_debt,3,0,639,1588,2100083.38,ok
COMP_0044,GROUP_0241,Hermanos Ebro S.L.U.,,EUR,businessCentral,2026-05-08,2026-01-07,2026-08-31,8,True,False,False,False,no_debt,1,0,383,349,735742.69,ok
COMP_0045,GROUP_0242,Electro Xativa S.L.U.,,EUR,,2026-03-12,2026-01-26,2026-08-31,8,False,False,False,False,no_invoices_no_debt,1,0,0,186,234159.65,ok
COMP_0046,GROUP_0062,Construcciones Carrion S.L.U.,,EUR,a3,2025-10-15,2025-08-21,2026-07-10,12,False,True,True,False,no_invoices,1,2,0,123,1842938.48,ok
COMP_0047,GROUP_0018,Distribuciones Zubiri S.L.U.,,EUR,businessCentral,2025-09-02,2025-01-01,2026-07-05,19,True,True,True,True,full,21,25,1006,3282,10663804.06,ok
COMP_0048,GROUP_0241,Talleres Pinilla S.L.,,EUR,businessCentral,2026-05-08,2026-01-02,2026-08-31,8,True,True,False,True,full,1,3,1691,735,886993.3,ok
COMP_0049,GROUP_0180,Servicios Doriga S.L.,,EUR,businessCentral,2025-01-13,2025-01-01,2026-08-31,20,True,True,True,True,full,13,3,1737,2771,30559687.54,ok
COMP_0050,GROUP_0230,Comercial Fuentes S.L.,,USD,r3,2025-10-31,2025-09-08,2026-08-25,12,True,False,False,False,no_debt,2,0,62,142,419788.67,ok
COMP_0051,GROUP_0163,Industrias Ebro S.L.,,EUR,navision,2024-02-13,2024-09-02,2026-08-31,24,True,True,True,True,full,5,4,1520,2246,22391539.43,ok
COMP_0052,GROUP_0142,Textil Ulzama S.L.,,EUR,,2024-09-10,2024-09-03,2026-08-13,24,True,False,False,False,no_debt,2,0,77,404,105108.59,ok
COMP_0053,GROUP_0174,Logistica Gallardo S.L.,,EUR,dynamicsAx,2026-04-24,2026-01-02,2026-08-31,8,True,False,False,False,no_debt,1,0,20,159,288497.02,ok
COMP_0054,GROUP_0217,Grupo Ribera S.L.U.,,EUR,businessCentral,2025-04-04,2025-02-04,2026-08-28,19,True,False,False,False,no_debt,9,0,643,1117,52136124.81,ok
COMP_0055,GROUP_0131,Alimentaria Bierzo S.L.U.,,EUR,r3,2025-11-06,2025-02-01,2026-05-31,13,True,False,True,False,no_debt,3,0,280,551,6399989.59,ok
COMP_0056,GROUP_0234,Servicios Yuste S.L.U.,,EUR,businessOne,2025-10-20,2025-11-24,2026-08-31,10,True,False,False,False,no_debt,2,0,103,234,4728213.75,ok
COMP_0057,GROUP_0122,Talleres Moncayo S.L.U.,,CAD,netsuite,2026-02-24,2026-01-19,2026-08-18,8,True,False,False,False,no_debt,2,0,598,376,681559.31,ok
COMP_0058,GROUP_0104,Distribuciones Tudela S.L.,ES,EUR,libra,2026-02-27,2026-01-12,2026-08-31,8,True,True,True,True,full,23,34,4345,4948,123404498.32,ok
COMP_0059,GROUP_0101,Construcciones Ulzama S.L.,,EUR,,2024-11-04,2024-09-14,2026-08-28,24,True,False,True,False,no_debt,7,0,970,1007,604278.96,ok
COMP_0060,GROUP_0112,Talleres Salazar S.A.,,EUR,businessCentral,2024-06-11,2024-09-02,2026-04-29,19,True,False,False,False,no_debt,1,0,65,119,4934876.93,ok
COMP_0061,GROUP_0022,Servicios Aranda S.A.,,EUR,,2025-11-17,2025-11-27,2026-07-24,9,False,False,True,False,no_invoices_no_debt,3,0,0,2087,2229465.94,ok
COMP_0062,GROUP_0165,Alimentaria Ulzama S.A.,,EUR,,2025-12-18,2025-01-02,2026-04-30,16,False,False,True,False,no_invoices_no_debt,2,0,0,949,5911.26,ok
COMP_0063,GROUP_0011,Grupo Tudela S.A.,,EUR,,2026-01-20,2026-02-26,2026-08-31,7,False,False,False,False,no_invoices_no_debt,1,0,0,843,1808932.83,ok
COMP_0064,GROUP_0174,Logistica Valverde y Cia. S.L.,,EUR,dynamicsAx,2026-04-24,2026-01-02,2026-08-31,8,True,False,True,False,no_debt,1,0,183,403,4358093.92,low
COMP_0065,GROUP_0139,Textil Olmedo y Cia. S.L.,ES,EUR,businessCentral,2024-06-24,2024-09-03,2026-08-31,24,True,True,True,True,full,6,9,943,1136,1270366.24,ok
COMP_0066,GROUP_0115,Industrias Yuste y Cia. S.L.,,EUR,,2022-11-14,2024-11-15,2026-07-06,13,False,False,False,False,no_invoices_no_debt,4,0,0,151,842,ok
COMP_0067,GROUP_0064,Comercial Duero y Cia. S.L.,,EUR,,2026-03-10,2025-03-27,2026-08-18,11,False,False,False,False,no_invoices_no_debt,2,0,0,25,2733.28,ok
COMP_0068,GROUP_0142,Suministros Gallardo S.A.,,EUR,,2024-09-10,2024-09-02,2026-08-31,24,True,False,False,False,no_debt,1,0,898,2755,245749.41,ok
COMP_0069,GROUP_0175,Transportes Quintana S.A.,,DKK,netsuite,2025-09-23,2025-12-30,2026-08-31,9,True,False,True,False,no_debt,1,0,3770,2383,1911208.57,ok
COMP_0070,GROUP_0230,Distribuciones Jimena S.A.,,EUR,r3,2025-10-31,2025-09-21,2026-07-16,11,True,True,False,False,full,7,3,3176,3904,10952705.48,ok
COMP_0071,GROUP_0102,Construcciones Iranzo S.A.,,EUR,,2025-01-20,2024-12-10,2026-08-26,21,True,True,False,True,full,3,4,315,217,3244.06,ok
COMP_0072,GROUP_0003,Electro Doriga S.A.,,GBP,businessOne,2026-03-17,2026-01-20,2026-08-28,8,True,False,False,False,no_debt,2,0,50,66,1114.13,ok
COMP_0073,GROUP_0101,Hermanos Pinilla S.A.,,EUR,,2024-11-04,2024-09-23,2026-08-28,24,True,False,False,False,no_debt,12,0,921,953,371446.19,ok
COMP_0074,GROUP_0088,Agricola Aranda y Cia. S.L.,,EUR,sageX3,2025-02-20,2025-01-17,2026-08-31,20,True,True,True,True,full,10,12,1558,7472,15005915.15,ok
COMP_0075,GROUP_0115,Quimica Salazar y Cia. S.L.,,EUR,,2022-08-18,2024-09-01,2026-08-31,24,False,True,True,True,no_invoices,15,1,0,3433,6990565.72,ok
COMP_0076,GROUP_0146,Transportes Lacalle y Cia. S.L.,ES,EUR,,2024-09-23,2024-09-24,2026-08-31,24,False,True,True,True,no_invoices,1,3,0,119,31406.14,ok
COMP_0077,GROUP_0213,Suministros Quintana y Cia. S.L.,,EUR,businessCentral,2024-01-12,2024-09-01,2026-08-31,24,True,False,False,False,no_debt,2,0,293,295,3841854.27,ok
COMP_0078,GROUP_0246,Comercial Tudela S.A.,,EUR,businessCentral,2026-04-14,2026-01-01,2026-08-31,8,True,True,True,True,full,1,3,1099,318,9511013.71,low
COMP_0079,GROUP_0203,Industrias Herrera S.A.,,EUR,netsuite,2026-02-19,2025-12-29,2026-08-31,9,True,True,True,True,full,4,6,3383,2184,1155363.37,ok
COMP_0080,GROUP_0112,Quimica Jimena y Cia. S.L.,,EUR,,2025-05-19,2025-03-24,2026-05-22,13,False,False,False,False,no_invoices_no_debt,1,0,0,83,19250253.41,ok
COMP_0081,GROUP_0217,Agricola Ebro y Cia. S.L.,,EUR,businessCentral,2025-04-04,2025-02-06,2026-08-31,19,True,False,False,False,no_debt,1,0,1171,1315,11253224.18,ok
COMP_0082,GROUP_0172,Suministros Duero y Cia. S.L.,,EUR,,2025-05-22,2025-03-23,2026-08-31,18,False,True,True,False,no_invoices,10,1,0,7965,21600469.93,ok
COMP_0083,GROUP_0133,Transportes Cardona y Cia. S.L.,,EUR,businessCentral,2026-03-19,2026-01-31,2026-08-25,8,True,False,False,False,no_debt,5,0,6,39,15484945.07,ok
COMP_0084,GROUP_0138,Construcciones Valverde S.A.,,EUR,dynamicsAx,2026-04-08,2026-02-19,2026-08-31,7,False,False,True,False,no_invoices_no_debt,1,0,0,611,656964.03,ok
COMP_0085,GROUP_0155,Distribuciones Jimena S.A.,PT,EUR,etendo,2023-01-13,2024-09-02,2026-08-31,24,True,False,False,False,no_debt,1,0,367,862,351040.86,ok
COMP_0086,GROUP_0168,Hermanos Cardona S.A.,,EUR,,2026-06-17,2025-09-01,2026-08-31,5,False,False,False,False,no_invoices_no_debt,3,0,0,650,497151.92,ok
COMP_0087,GROUP_0065,Electro Quintana S.A.,,EUR,,2024-10-10,2024-09-01,2026-08-31,24,False,True,True,True,no_invoices,23,28,0,3973,58221348.43,ok
COMP_0088,GROUP_0172,Alimentaria Cardona y Cia. S.L.,,EUR,,2025-05-22,2025-03-23,2026-08-31,18,False,True,True,False,no_invoices,3,1,0,1948,1519086.1,ok
COMP_0089,GROUP_0153,Grupo Zubiri y Cia. S.L.,,EUR,sage200,2023-08-02,2024-09-02,2026-08-31,24,True,False,False,False,no_debt,3,0,896,946,414714.3,ok
COMP_0090,GROUP_0116,Textil Fuentes y Cia. S.L.,,EUR,netsuite,2023-08-17,2024-09-02,2026-08-14,20,True,False,False,False,no_debt,3,0,31,111,328364.68,ok
COMP_0091,GROUP_0237,Logistica Iranzo y Cia. S.L.,,EUR,netsuite,2025-06-30,2025-05-02,2026-08-31,16,True,True,False,True,full,1,1,973,925,1668478.72,ok
COMP_0092,GROUP_0159,Comercial Quintana y Cia. S.L.,,EUR,,2024-09-25,2024-09-02,2026-08-31,24,False,False,False,False,no_invoices_no_debt,1,0,0,690,7946877.94,ok
COMP_0093,GROUP_0149,Industrias Yuste y Cia. S.L.,,GBP,m3Rosetta,2026-02-16,2025-12-19,2026-07-20,8,True,False,False,False,no_debt,1,0,15,124,102798.52,ok
COMP_0094,GROUP_0021,Servicios Aranda S.A.,,EUR,a3,2023-11-08,2024-09-02,2026-08-31,24,True,True,True,True,full,12,9,3637,1989,6385100.19,ok
COMP_0095,GROUP_0240,Talleres Jimena S.A.,,EUR,sageX3,2025-10-21,2025-11-19,2026-08-31,10,True,False,False,False,no_debt,1,0,183,196,227057.88,ok
COMP_0096,GROUP_0217,Grupo Pinilla S.A.,,EUR,businessCentral,2025-04-04,2025-02-11,2026-08-25,19,True,False,False,False,no_debt,3,0,37,138,1659311.92,ok
COMP_0097,GROUP_0170,Alimentaria Duero S.A.,,USD,,2025-06-10,2025-10-14,2026-08-28,11,False,False,False,False,no_invoices_no_debt,1,0,0,82,4653130,low
COMP_0098,GROUP_0132,Electro Pinilla y Cia. S.L.,,EUR,netsuite,2024-03-15,2024-09-02,2026-08-31,24,True,False,False,False,no_debt,1,0,458,705,615641.5,ok
COMP_0099,GROUP_0238,Hermanos Duero y Cia. S.L.,ES,EUR,sage200,2023-10-06,2024-09-01,2026-08-31,24,True,True,True,False,full,3,6,1940,2696,900433.55,ok
COMP_0100,GROUP_0129,Distribuciones Tudela y Cia. S.L.,,EUR,businessCentral,2025-04-21,2025-01-01,2026-08-31,20,True,True,True,False,full,11,7,247,703,10056924.74,ok
COMP_0101,GROUP_0108,Construcciones Moncayo y Cia. S.L.,ES,EUR,businessCentral,2024-12-09,2024-10-07,2026-08-31,23,True,True,True,True,full,16,11,1219,5864,11731346.9,ok
COMP_0102,GROUP_0158,Electro Ebro y Cia. S.L.,,EUR,,2023-05-02,2024-09-18,2026-08-21,24,False,False,False,False,no_invoices_no_debt,2,0,0,236,29997.13,ok
COMP_0103,GROUP_0170,Hermanos Salazar y Cia. S.L.,,EUR,,2025-06-10,2025-04-17,2026-08-31,17,False,False,False,False,no_invoices_no_debt,1,0,0,247,72859.11,ok
COMP_0104,GROUP_0173,Agricola Doriga S.A.,,NZD,businessCentral,2026-01-21,2026-02-22,2026-08-31,7,True,False,False,False,no_debt,2,0,303,595,38915.6,ok
COMP_0105,GROUP_0079,Quimica Cardona S.A.,,EUR,dynamicsAx,2024-11-28,2024-10-28,2026-08-31,23,True,True,True,False,full,2,1,2128,2198,1573015.92,ok
COMP_0106,GROUP_0022,Transportes Beltran S.A.,,EUR,netsuite,2024-07-29,2024-09-05,2026-08-11,23,True,False,False,False,no_debt,2,0,2,55,4.15,ok
COMP_0107,GROUP_0094,Suministros Valverde S.A.,,PEN,netsuite,2024-11-07,2024-09-02,2026-08-31,24,True,False,False,False,no_debt,3,0,513,1224,314256.37,ok
COMP_0108,GROUP_0179,Comercial Salazar y Cia. S.L.,,EUR,,2025-10-29,2024-09-01,2026-08-25,24,False,False,False,False,no_invoices_no_debt,1,0,0,365,124882.6,ok
COMP_0109,GROUP_0170,Industrias Valverde y Cia. S.L.,,EUR,,2025-06-10,2025-04-13,2026-08-31,17,False,False,True,False,no_invoices_no_debt,5,0,0,7469,3159889.51,ok
COMP_0110,GROUP_0008,Talleres Carrion y Cia. S.L.,,EUR,businessCentral,2026-04-01,2026-02-26,2026-08-28,7,True,False,False,False,no_debt,3,0,259,211,547504222,ok
COMP_0111,GROUP_0243,Servicios Zubiri y Cia. S.L.,,EUR,,2026-04-22,2026-02-26,2026-08-28,7,False,False,False,False,no_invoices_no_debt,1,0,0,392,551654.14,ok
COMP_0112,GROUP_0222,Alimentaria Valverde y Cia. S.L.,,EUR,businessCentral,2025-01-16,2025-01-07,2026-08-31,20,True,False,True,False,no_debt,2,0,610,785,317104.66,ok
COMP_0113,GROUP_0070,Grupo Beltran y Cia. S.L.,ES,EUR,businessCentral,2023-03-21,2024-09-03,2026-08-31,24,True,False,False,False,no_debt,5,0,89,526,2724677.31,ok
COMP_0114,GROUP_0044,Logistica Duero S.A.,,EUR,businessCentral,2026-06-19,2026-01-06,2026-08-26,8,True,False,False,False,no_debt,1,0,16,105,79931.46,ok
COMP_0115,GROUP_0095,Textil Pinilla S.A.,,EUR,,2025-11-26,2025-01-03,2026-08-31,20,False,False,False,False,no_invoices_no_debt,1,0,0,252,557810.56,ok
COMP_0116,GROUP_0195,Industrias Olmedo S.A.,,EUR,businessCentral,2026-01-09,2025-09-01,2026-08-31,12,True,False,False,False,no_debt,2,0,265,541,265991.02,ok
COMP_0117,GROUP_0101,Comercial Navarro S.A.,,EUR,,2024-11-04,2024-09-14,2026-08-31,24,True,False,False,False,no_debt,6,0,611,992,2577.82,ok
COMP_0118,GROUP_0138,Suministros Jimena y Cia. S.L.,,EUR,dynamicsAx,2026-04-08,2026-02-20,2026-08-31,7,False,False,False,False,no_invoices_no_debt,2,0,0,243,25399.49,ok
COMP_0119,GROUP_0048,Transportes Arga y Cia. S.L.,,EUR,businessCentral,2026-03-10,2026-01-12,2026-08-31,8,True,True,True,False,full,7,1,1396,1319,16889504.34,ok
COMP_0120,GROUP_0210,Comercial Yuste S.L.U.,DE,EUR,netsuite,2026-06-19,2026-01-23,2026-08-31,6,True,False,True,False,no_debt,4,0,3305,571,1434912.74,ok
COMP_0121,GROUP_0158,Industrias Ulzama S.L.U.,,EUR,,2023-05-02,2024-09-04,2026-08-31,24,False,False,False,False,no_invoices_no_debt,2,0,0,463,680817.6,ok
COMP_0122,GROUP_0086,Textil Valverde S.L.U.,,EUR,,2024-10-18,2024-09-02,2026-08-31,24,False,False,False,False,no_invoices_no_debt,1,0,0,8970,4254008.17,ok
COMP_0123,GROUP_0153,Logistica Xativa S.L.U.,,EUR,sage200,2023-08-02,2024-09-02,2026-08-31,24,True,True,True,False,full,4,5,1388,968,2019018.34,ok
COMP_0124,GROUP_0136,Grupo Moncayo S.L.,,EUR,netsuite,2026-05-26,2026-01-02,2026-08-31,8,True,False,True,False,no_debt,7,0,482,377,6925.7,ok
COMP_0125,GROUP_0250,Alimentaria Yuste S.L.,,EUR,distritoK,2022-04-22,2024-09-02,2026-08-17,24,True,False,False,False,no_debt,1,0,146,101,61050.15,ok
COMP_0126,GROUP_0220,Servicios Bierzo S.L.,,EUR,navision,2024-03-21,2024-12-02,2026-08-31,21,True,True,True,True,full,8,2,260,1897,7935033.02,ok
COMP_0127,GROUP_0064,Talleres Aranda S.L.,,EUR,,2026-05-06,2025-02-28,2026-08-21,15,False,False,False,False,no_invoices_no_debt,1,0,0,24,555,ok
COMP_0128,GROUP_0103,Distribuciones Jimena S.L.U.,,EUR,,2025-03-13,2025-01-16,2026-08-27,20,False,True,True,True,no_invoices,1,3,0,992,652369.14,ok
COMP_0129,GROUP_0185,Construcciones Ebro S.L.U.,,EUR,businessCentral,2026-02-27,2025-10-20,2026-08-31,11,True,False,False,False,no_debt,4,0,171,938,2424626.32,ok
COMP_0130,GROUP_0079,Suministros Carrion S.L.U.,,EUR,dynamicsAx,2024-11-28,2024-10-21,2026-08-28,23,True,False,True,False,no_debt,4,0,4259,1647,5482276.69,low
COMP_0131,GROUP_0070,Transportes Doriga S.L.U.,ES,EUR,businessCentral,2025-09-08,2025-11-05,2026-08-17,9,True,False,True,False,no_debt,2,0,18,40,19069065.08,ok
COMP_0132,GROUP_0104,Quimica Arga S.L.U.,ES,EUR,libra,2026-02-27,2026-01-12,2026-08-31,8,True,True,True,False,full,5,1,610,693,8535368.66,ok
COMP_0133,GROUP_0103,Agricola Fuentes S.L.U.,,EUR,,2025-03-13,2025-01-20,2026-08-06,15,False,False,False,False,no_invoices_no_debt,2,0,0,35,32734.66,low
COMP_0134,GROUP_0169,Hermanos Moncayo S.L.,FR,EUR,,2025-09-10,2025-07-21,2026-08-27,14,False,False,False,False,no_invoices_no_debt,1,0,0,115,0,ok
COMP_0135,GROUP_0050,Electro Gallardo S.L.,,EUR,,2024-01-03,2024-09-06,2026-08-27,24,False,False,False,False,no_invoices_no_debt,3,0,0,1229,4667424.69,ok
COMP_0136,GROUP_0142,Construcciones Beltran S.L.,,EUR,,2024-09-10,2024-09-02,2026-08-31,24,True,True,True,False,full,12,2,824,4367,4548816.46,ok
COMP_0137,GROUP_0217,Distribuciones Ribera S.L.,,EUR,businessCentral,2025-04-04,2025-02-11,2026-08-25,19,True,False,False,False,no_debt,5,0,42,145,1519090.71,ok
COMP_0138,GROUP_0035,Talleres Bierzo S.L.U.,ES,EUR,businessCentral,2024-03-06,2024-09-01,2026-08-31,24,True,True,True,True,full,7,5,3211,14852,4348594.08,ok
COMP_0139,GROUP_0217,Servicios Aranda S.L.U.,,EUR,businessCentral,2025-04-04,2025-02-03,2026-08-31,19,True,False,False,False,no_debt,13,0,701,552,89053882.54,ok
COMP_0140,GROUP_0072,Industrias Lacalle S.A.,,EUR,businessCentral,2025-07-21,2025-05-30,2026-08-31,16,True,True,False,False,full,2,3,961,5428,1601519,ok
COMP_0141,GROUP_0220,Comercial Ulzama S.A.,,EUR,navision,2025-09-24,2025-08-25,2026-08-31,13,True,False,True,False,no_debt,3,0,49,862,5601834.19,ok
COMP_0142,GROUP_0217,Logistica Aranda S.A.,,EUR,businessCentral,2025-04-04,2025-02-07,2026-08-31,19,True,False,False,False,no_debt,1,0,2089,2533,25063258.94,ok
COMP_0143,GROUP_0146,Textil Xativa S.A.,ES,EUR,sage200,2024-09-23,2024-09-01,2026-08-03,23,True,True,True,True,full,3,1,51,302,252003.45,low
COMP_0144,GROUP_0236,Alimentaria Herrera y Cia. S.L.,,EUR,,2026-03-02,2026-01-02,2026-08-31,8,False,False,False,False,no_invoices_no_debt,1,0,0,853,2368069.92,ok
COMP_0145,GROUP_0007,Grupo Cardona y Cia. S.L.,,GBP,,2026-04-27,2026-01-02,2026-08-31,8,False,False,False,False,no_invoices_no_debt,5,0,0,2314,228106.69,ok
COMP_0146,GROUP_0020,Talleres Jimena y Cia. S.L.,,EUR,,2025-06-23,2025-07-14,2026-08-27,12,False,False,False,False,no_invoices_no_debt,1,0,0,93,109369.52,ok
COMP_0147,GROUP_0227,Servicios Iranzo y Cia. S.L.,,EUR,,2024-10-13,2024-09-02,2025-04-22,8,True,False,False,False,no_debt,2,0,4,748,0,ok
COMP_0148,GROUP_0016,Construcciones Salazar S.A.,,EUR,,2025-04-21,2025-07-09,2026-03-18,9,False,False,False,False,no_invoices_no_debt,1,0,0,49,753058.51,ok
COMP_0149,GROUP_0132,Distribuciones Arga S.A.,,ARS,netsuite,2024-03-15,2024-09-02,2026-08-31,24,True,False,False,False,no_debt,2,0,958,1684,608649279.42,low
COMP_0150,GROUP_0081,Transportes Carrion S.A.,,EUR,a3,2025-09-09,2025-04-10,2026-08-31,17,True,True,True,False,full,5,2,651,2643,2325614.99,ok
COMP_0151,GROUP_0101,Suministros Moncayo S.A.,,EUR,,2023-06-30,2024-09-27,2026-08-25,24,True,False,False,False,no_debt,3,0,55,171,55770.16,ok
COMP_0152,GROUP_0037,Agricola Ebro S.A.,ES,EUR,navision,2024-11-20,2024-09-01,2026-08-31,24,True,False,True,False,no_debt,3,0,1543,2301,7108428.6,ok
COMP_0153,GROUP_0115,Quimica Bierzo S.A.,,EUR,,2022-11-14,2024-09-02,2026-08-31,24,False,False,False,False,no_invoices_no_debt,1,0,0,96,789035,ok
COMP_0154,GROUP_0003,Electro Zubiri y Cia. S.L.,,GBP,businessOne,2026-03-17,2026-01-19,2026-08-21,8,True,False,True,False,no_debt,1,0,9,37,0,ok
COMP_0155,GROUP_0143,Hermanos Cardona y Cia. S.L.,,EUR,businessCentral,2024-04-11,2024-09-02,2026-08-26,24,True,False,False,False,no_debt,1,0,316,510,173899.22,ok
COMP_0156,GROUP_0187,Distribuciones Jimena y Cia. S.L.,,EUR,,2026-06-03,2024-12-31,2026-08-31,21,False,False,False,False,no_invoices_no_debt,2,0,0,2559,4785405.62,ok
COMP_0157,GROUP_0146,Construcciones Ribera y Cia. S.L.,,EUR,,2025-05-23,2025-04-15,2026-08-10,17,False,False,True,False,no_invoices_no_debt,3,0,0,282,235965.3,ok
COMP_0158,GROUP_0001,Servicios Xativa S.A.,,USD,,2026-03-19,2026-02-09,2026-08-31,7,False,False,False,False,no_invoices_no_debt,3,0,0,514,14936353.55,ok
COMP_0159,GROUP_0102,Talleres Valverde S.A.,,EUR,businessCentral,2025-01-20,2024-11-28,2026-08-31,22,True,False,False,False,no_debt,2,0,29,219,328910.66,ok
COMP_0160,GROUP_0106,Construcciones Carrion S.L.,ES,EUR,,2025-02-10,2024-09-02,2026-08-31,24,False,True,True,False,no_invoices,5,3,0,1742,3792295.77,ok
COMP_0161,GROUP_0079,Distribuciones Herrera S.L.,,EUR,dynamicsAx,2024-11-28,2024-12-23,2026-08-12,20,True,False,False,False,no_debt,2,0,311,244,201811.6,ok
COMP_0162,GROUP_0095,Hermanos Navarro S.L.,,EUR,,2025-11-26,2024-12-31,2026-08-31,21,False,False,False,False,no_invoices_no_debt,3,0,0,305,71645.37,ok
COMP_0163,GROUP_0094,Electro Fuentes S.L.,,MXN,netsuite,2024-11-07,2024-09-02,2026-08-28,24,True,False,False,False,no_debt,4,0,1407,1486,3788553.76,low
COMP_0164,GROUP_0154,Quimica Zubiri S.L.U.,,EUR,businessCentral,2023-07-04,2024-09-02,2026-08-31,24,True,False,True,False,no_debt,4,0,177,558,213397.15,ok
COMP_0165,GROUP_0035,Agricola Yuste S.L.U.,ES,EUR,businessCentral,2024-03-06,2024-09-14,2026-08-26,24,False,True,True,False,no_invoices,1,1,0,74,74400,ok
COMP_0166,GROUP_0149,Suministros Olmedo S.L.U.,,GBP,m3Rosetta,2026-02-16,2025-12-19,2026-07-20,8,True,False,False,False,no_debt,2,0,164,131,627297.01,ok
COMP_0167,GROUP_0218,Transportes Aranda S.L.U.,ES,EUR,businessCentral,2024-02-01,2024-09-02,2026-08-31,24,True,False,False,False,no_debt,5,0,393,737,988510.73,ok
COMP_0168,GROUP_0061,Industrias Bierzo S.L.,MY,MYR,netsuite,2025-09-15,2025-11-13,2026-08-26,10,True,True,False,True,full,1,1,2155,145,2432174.14,ok
COMP_0169,GROUP_0090,Comercial Valverde S.L.,,EUR,businessCentral,2025-04-24,2024-09-01,2026-08-31,24,True,True,True,True,full,6,10,3406,6222,3471265.12,ok
COMP_0170,GROUP_0128,Servicios Tudela S.L.,,EUR,,2026-03-25,2025-07-24,2026-04-02,10,False,False,False,False,no_invoices_no_debt,1,0,0,55,65723.27,ok
COMP_0171,GROUP_0048,Talleres Zubiri S.L.,,EUR,businessCentral,2026-03-10,2026-01-20,2026-08-25,8,True,False,False,False,no_debt,1,0,36,59,1005008.7,ok
COMP_0172,GROUP_0212,Grupo Navarro S.L.,,EUR,,2024-07-08,2024-09-02,2026-08-31,24,False,False,True,False,no_invoices_no_debt,3,0,0,4378,13623293.02,ok
COMP_0173,GROUP_0019,Alimentaria Jimena S.L.,,EUR,businessCentral,2025-06-17,2025-01-01,2026-08-31,20,True,True,True,False,full,4,9,1619,1609,5650167.53,ok
COMP_0174,GROUP_0017,Textil Herrera S.L.U.,ES,EUR,,2024-06-17,2024-09-02,2026-08-31,24,False,False,False,False,no_invoices_no_debt,4,0,0,870,2674129.99,ok
COMP_0175,GROUP_0143,Logistica Tudela S.L.U.,,EUR,,2026-02-09,2025-12-12,2026-08-31,9,False,False,True,False,no_invoices_no_debt,2,0,0,14598,28924683.05,ok
COMP_0176,GROUP_0225,Comercial Fuentes S.L.U.,,EUR,businessCentral,2025-08-07,2024-09-03,2026-08-31,24,True,False,False,False,no_debt,2,0,54,270,229674.04,low
COMP_0177,GROUP_0185,Industrias Ebro S.L.U.,,EUR,businessCentral,2026-02-27,2025-10-11,2026-08-31,11,True,False,False,False,no_debt,3,0,111,921,3536470.37,ok
COMP_0178,GROUP_0220,Transportes Bierzo S.L.,,EUR,navision,2024-03-21,2024-09-01,2026-08-31,24,True,True,False,True,full,4,1,51,1093,333272.12,ok
COMP_0179,GROUP_0017,Suministros Aranda S.L.,ES,EUR,,2024-06-17,2024-09-02,2026-08-31,24,False,False,True,False,no_invoices_no_debt,3,0,0,752,20572593.56,ok
COMP_0180,GROUP_0055,Logistica Carrion S.L.U.,,EUR,dynamicsAx,2024-02-16,2024-09-01,2026-08-31,24,True,True,True,False,full,6,15,2544,2387,9053551.55,ok
COMP_0181,GROUP_0045,Textil Ulzama S.L.U.,,EUR,businessCentral,2023-10-25,2024-09-02,2026-08-31,24,True,True,True,True,full,3,3,1359,2502,8018922.67,low
COMP_0182,GROUP_0179,Industrias Arga S.L.U.,,EUR,,2025-10-29,2025-09-01,2026-08-31,12,False,False,False,False,no_invoices_no_debt,16,0,0,4541,5262201.17,ok
COMP_0183,GROUP_0232,Comercial Xativa S.L.U.,,EUR,sageX3,2025-11-20,2025-09-30,2026-08-31,12,True,True,False,True,full,11,1,148,184,9761974.65,ok
COMP_0184,GROUP_0044,Talleres Duero S.L.,,EUR,businessCentral,2026-06-19,2026-01-02,2026-08-31,8,True,False,False,False,no_debt,1,0,216,161,6403170.08,ok
COMP_0185,GROUP_0044,Servicios Yuste S.L.,,EUR,businessCentral,2026-06-19,2026-01-01,2026-08-31,8,True,True,True,True,full,10,2,4403,3213,46471942.01,ok
COMP_0186,GROUP_0142,Alimentaria Xativa S.L.,,EUR,,2024-09-10,2024-09-11,2026-08-31,24,True,True,True,False,full,2,1,61,1666,1132437.36,ok
COMP_0187,GROUP_0044,Grupo Ribera S.L.,,PLN,businessCentral,2026-06-19,2026-01-31,2026-08-31,8,True,False,False,False,no_debt,1,0,10,30,0,ok
COMP_0188,GROUP_0158,Hermanos Fuentes S.L.U.,,EUR,,2023-05-02,2024-09-09,2026-04-16,20,False,False,False,False,no_invoices_no_debt,2,0,0,493,4223108.2,ok
COMP_0189,GROUP_0211,Electro Arga S.L.U.,,GBP,netsuite,2024-12-13,2025-06-12,2026-08-28,15,True,False,True,False,no_debt,6,0,509,291,2000531.97,ok
COMP_0190,GROUP_0182,Agricola Tudela S.L.U.,,EUR,netsuite,2025-12-09,2025-10-17,2026-08-31,11,True,False,False,False,no_debt,4,0,673,969,307790.91,ok
COMP_0191,GROUP_0132,Quimica Duero S.L.U.,,GBP,netsuite,2024-03-15,2024-09-02,2026-08-31,24,True,False,False,False,no_debt,2,0,1503,1536,6905816.72,ok
COMP_0192,GROUP_0048,Transportes Iranzo S.L.U.,,EUR,businessCentral,2026-03-10,2026-01-12,2026-08-31,8,True,False,False,False,no_debt,5,0,1107,2551,4464568.28,ok
COMP_0193,GROUP_0224,Suministros Xativa S.L.U.,,EUR,sage200,2025-09-02,2025-10-03,2026-08-31,11,True,True,True,False,full,6,1,1219,6756,4023502.2,ok
COMP_0194,GROUP_0035,Distribuciones Moncayo S.L.,,EUR,businessCentral,2024-03-06,2024-09-02,2026-08-31,24,True,False,False,False,no_debt,1,0,24,114,20138.89,ok
COMP_0195,GROUP_0065,Construcciones Tudela S.L.,,EUR,,2024-10-10,2024-09-02,2026-08-29,24,False,True,True,True,no_invoices,9,3,0,2258,47669533.63,ok
COMP_0196,GROUP_0199,Electro Salazar S.L.,,EUR,,2025-09-10,2025-12-04,2026-08-31,9,False,False,False,False,no_invoices_no_debt,3,0,0,741,9522066.98,ok
COMP_0197,GROUP_0035,Hermanos Aranda S.L.,ES,EUR,businessCentral,2024-03-06,2024-11-26,2026-08-25,22,True,False,False,False,no_debt,2,0,62,61,27736,ok
COMP_0198,GROUP_0037,Grupo Xativa S.L.U.,ES,EUR,navision,2024-11-20,2024-09-04,2026-08-27,21,True,False,False,False,no_debt,2,0,24,67,3627.05,ok
COMP_0199,GROUP_0179,Alimentaria Iranzo S.L.U.,,EUR,,2025-10-29,2025-09-01,2026-08-27,12,False,False,False,False,no_invoices_no_debt,2,0,0,298,470190.25,ok
COMP_0200,GROUP_0224,Agricola Moncayo S.L.,,EUR,sage200,2025-09-02,2025-10-03,2026-08-31,11,True,True,True,False,full,3,2,966,822,6030000,ok
COMP_0201,GROUP_0101,Quimica Gallardo S.L.,,EUR,,2024-11-04,2024-09-09,2026-08-31,24,True,False,True,False,no_debt,4,0,1157,1355,114367.53,ok
COMP_0202,GROUP_0194,Transportes Jimena S.L.,,AED,,2024-10-29,2025-11-12,2026-06-30,8,False,False,False,False,no_invoices_no_debt,1,0,0,718,24972728.91,ok
COMP_0203,GROUP_0016,Suministros Arga S.L.,ES,EUR,businessOne,2023-09-12,2024-09-01,2026-08-31,24,True,True,True,True,full,16,12,2878,9644,23992931.54,low
COMP_0204,GROUP_0052,Distribuciones Yuste S.L.U.,,EUR,netsuite,2025-11-24,2025-12-29,2026-08-31,9,True,False,False,False,no_debt,1,0,51,58,152037.11,ok
COMP_0205,GROUP_0175,Construcciones Herrera S.L.U.,,USD,netsuite,2025-09-23,2025-08-04,2026-08-31,13,True,False,False,False,no_debt,2,0,275,483,279477.86,ok
COMP_0206,GROUP_0239,Electro Ribera S.L.U.,,EUR,,2026-03-11,2026-01-18,2026-08-21,8,False,False,False,False,no_invoices_no_debt,1,0,0,2653,1728336.08,ok
COMP_0207,GROUP_0153,Hermanos Jimena S.L.U.,,EUR,sage200,2023-08-02,2024-09-01,2026-08-31,24,True,True,True,False,full,2,1,745,917,124042.04,ok
COMP_0208,GROUP_0003,Grupo Aranda S.L.,,GBP,businessOne,2026-03-17,2026-01-30,2026-08-28,8,True,False,False,False,no_debt,1,0,1819,432,106734.05,ok
COMP_0209,GROUP_0221,Alimentaria Xativa S.L.,,EUR,businessCentral,2026-02-10,2025-12-16,2026-08-31,9,True,False,False,False,no_debt,1,0,186,338,452278.38,ok
COMP_0210,GROUP_0117,Logistica Zubiri S.L.,,EUR,,2025-10-06,2025-08-15,2026-08-31,13,True,True,False,True,full,5,6,182,619,7788667.44,ok
COMP_0211,GROUP_0243,Textil Carrion S.L.,,EUR,,2026-04-22,2026-02-26,2026-08-31,7,False,False,False,False,no_invoices_no_debt,2,0,0,299,1294561,ok
COMP_0212,GROUP_0199,Industrias Xativa S.L.,,SEK,,2025-09-10,2025-12-11,2026-08-26,9,False,False,False,False,no_invoices_no_debt,5,0,0,91,0,ok
COMP_0213,GROUP_0170,Comercial Arga S.L.,,NZD,,2025-06-10,2025-08-09,2026-08-31,13,False,False,False,False,no_invoices_no_debt,2,0,0,2401,547961.76,ok
COMP_0214,GROUP_0112,Talleres Cardona S.L.U.,,EUR,,2025-05-19,2025-03-27,2026-06-04,16,False,False,False,False,no_invoices_no_debt,1,0,0,80,1013933.36,ok
COMP_0215,GROUP_0070,Servicios Herrera S.L.U.,ES,EUR,businessCentral,2023-03-21,2024-10-21,2026-08-17,16,True,False,True,False,no_debt,4,0,23,61,3820905.33,ok
COMP_0216,GROUP_0067,Alimentaria Aranda S.L.U.,,EUR,,2025-10-02,2025-01-01,2026-08-31,20,False,True,True,True,no_invoices,5,8,0,9868,3208870.35,ok
COMP_0217,GROUP_0087,Grupo Salazar S.L.U.,NL,EUR,,2025-10-06,2025-08-28,2026-08-31,13,False,False,False,False,no_invoices_no_debt,2,0,0,56,115000,ok
COMP_0218,GROUP_0113,Hermanos Iranzo S.L.,,EUR,,2025-03-07,2025-01-17,2026-08-31,20,True,False,True,False,no_debt,5,0,64,309,650033.43,ok
COMP_0219,GROUP_0132,Electro Xativa S.L.,,BRL,netsuite,2024-03-15,2024-09-02,2026-08-31,24,True,False,False,False,no_debt,3,0,3060,8931,15545528.06,ok
COMP_0220,GROUP_0124,Grupo Herrera S.A.,,EUR,,2025-12-04,2025-01-01,2026-08-31,20,True,True,True,True,full,5,12,1162,1433,9683178.57,ok
COMP_0221,GROUP_0138,Alimentaria Lacalle S.A.,,EUR,dynamicsAx,2026-04-08,2026-02-19,2026-08-31,7,False,True,True,True,no_invoices,1,1,0,1136,499788.61,ok
COMP_0222,GROUP_0064,Servicios Xativa S.A.,,EUR,,2026-04-21,2025-01-02,2026-08-26,20,False,False,False,False,no_invoices_no_debt,1,0,0,491,512371.7,ok
COMP_0223,GROUP_0078,Talleres Aranda S.A.,,EUR,,2022-12-12,2024-09-30,2025-12-19,16,False,False,False,False,no_invoices_no_debt,2,0,0,44,0,ok
COMP_0224,GROUP_0234,Comercial Gallardo y Cia. S.L.,,EUR,,2025-11-04,2025-11-07,2026-08-31,10,False,False,False,False,no_invoices_no_debt,2,0,0,236,4477242.04,ok
COMP_0225,GROUP_0118,Industrias Ulzama y Cia. S.L.,,EUR,businessCentral,2023-10-05,2025-02-17,2026-08-31,19,True,False,False,False,no_debt,3,0,148,2087,709661.51,ok
COMP_0226,GROUP_0013,Textil Arga y Cia. S.L.,,EUR,sageX3,2024-05-23,2025-08-21,2026-08-11,12,True,False,False,False,no_debt,1,0,1477,238,547146.9,ok
COMP_0227,GROUP_0092,Logistica Olmedo y Cia. S.L.,,EUR,,2026-07-02,2025-01-02,2026-08-31,20,False,True,False,True,no_invoices,3,2,0,1833,3499340.44,ok
COMP_0228,GROUP_0081,Agricola Aranda S.A.,,EUR,a3,2025-09-09,2025-01-01,2026-08-31,20,True,True,True,False,full,13,2,1636,6858,5056130.62,ok
COMP_0229,GROUP_0101,Quimica Olmedo S.A.,,EUR,,2024-11-04,2024-09-17,2026-08-17,24,True,False,False,False,no_debt,1,0,1,25,0,low
COMP_0230,GROUP_0213,Hermanos Moncayo S.A.,,EUR,,2025-10-03,2025-09-01,2026-08-28,12,False,False,False,False,no_invoices_no_debt,2,0,0,88,19756.94,ok
COMP_0231,GROUP_0108,Electro Gallardo S.A.,,EUR,businessCentral,2024-12-09,2024-10-14,2026-08-31,23,True,False,True,False,no_debt,5,0,330,679,4238955.14,ok
COMP_0232,GROUP_0038,Construcciones Beltran S.A.,,EUR,sageX3,2025-06-05,2025-06-02,2026-08-10,15,True,False,False,False,no_debt,2,0,188,126,1454577.3,ok
COMP_0233,GROUP_0150,Distribuciones Valverde S.A.,,EUR,,2024-04-24,2024-09-30,2026-08-31,24,False,False,False,False,no_invoices_no_debt,7,0,0,4430,4448418866.68,ok
COMP_0234,GROUP_0101,Suministros Carrion y Cia. S.L.,,EUR,,2024-11-04,2024-09-09,2026-08-31,24,True,False,True,False,no_debt,15,0,2887,4776,1766730.89,ok
COMP_0235,GROUP_0028,Transportes Ulzama y Cia. S.L.,,EUR,,2025-10-27,2024-09-02,2026-08-31,24,False,True,True,False,no_invoices,5,29,0,14464,5082317.53,low
COMP_0236,GROUP_0243,Quimica Ebro y Cia. S.L.,,EUR,,2026-04-16,2026-02-26,2026-08-31,7,False,False,False,False,no_invoices_no_debt,9,0,0,4998,19664975.64,ok
COMP_0237,GROUP_0044,Agricola Salazar y Cia. S.L.,,GBP,businessCentral,2026-06-19,2026-01-07,2026-08-28,8,True,False,False,False,no_debt,2,0,87,168,1411575.1,ok
COMP_0238,GROUP_0149,Logistica Ribera S.A.,,EUR,m3Rosetta,2026-02-16,2025-12-19,2026-08-31,9,True,False,True,False,no_debt,6,0,338,749,6037122.43,ok
COMP_0239,GROUP_0202,Textil Olmedo S.A.,,EUR,businessCentral,2024-10-31,2024-09-05,2026-08-28,24,True,False,False,False,no_debt,1,0,333,496,1112413.45,ok
COMP_0240,GROUP_0009,Alimentaria Ulzama S.L.U.,,CAD,,2025-12-10,2026-02-20,2026-08-27,7,False,False,False,False,no_invoices_no_debt,4,0,0,72,381186.6,ok
COMP_0241,GROUP_0050,Grupo Pinilla S.L.U.,,EUR,,2024-01-03,2024-09-02,2026-08-31,24,False,False,False,False,no_invoices_no_debt,6,0,0,6105,10230.03,ok
COMP_0242,GROUP_0108,Talleres Beltran S.L.U.,ES,EUR,businessCentral,2026-06-18,2026-03-05,2026-08-31,4,True,False,False,False,no_debt,1,0,41,22,143091.91,ok
COMP_0243,GROUP_0170,Servicios Valverde S.L.U.,,EUR,,2025-06-10,2025-04-11,2026-08-31,17,False,False,True,False,no_invoices_no_debt,9,0,0,9838,60490677.19,ok
COMP_0244,GROUP_0212,Industrias Pinilla S.L.,,EUR,,2024-07-10,2024-09-02,2026-08-31,24,False,False,False,False,no_invoices_no_debt,3,0,0,4063,3070707.47,ok
COMP_0245,GROUP_0096,Comercial Herrera S.L.,ES,EUR,netsuite,2025-07-31,2025-06-10,2026-08-31,15,True,False,False,False,no_debt,1,0,51,226,460589.4,ok
COMP_0246,GROUP_0213,Logistica Aranda S.L.,,EUR,businessCentral,2024-01-12,2024-09-01,2026-08-31,24,True,True,False,True,full,7,2,4702,2613,23950463.02,ok
COMP_0247,GROUP_0218,Textil Jimena S.L.,US,EUR,businessCentral,2025-04-24,2024-10-14,2026-08-25,23,True,False,False,False,no_debt,5,0,394,1175,1316445.59,ok
COMP_0248,GROUP_0095,Quimica Arga S.L.U.,,EUR,businessCentral,2025-10-31,2025-01-01,2026-08-31,20,True,True,True,True,full,7,41,3130,4047,10209171.55,ok
COMP_0249,GROUP_0194,Agricola Salazar S.L.U.,GB,GBP,netsuite,2023-04-03,2024-09-03,2026-08-28,24,False,False,False,False,no_invoices_no_debt,5,0,0,491,1585052.57,ok
COMP_0250,GROUP_0065,Electro Moncayo S.L.U.,,EUR,netsuite,2024-10-10,2024-09-02,2026-08-30,24,True,True,True,False,full,2,3,543,1462,781212.08,ok
COMP_0251,GROUP_0170,Hermanos Tudela S.L.U.,,PEN,,2025-06-10,2025-08-09,2026-08-31,13,False,False,False,False,no_invoices_no_debt,1,0,0,635,246128.29,ok
COMP_0252,GROUP_0179,Distribuciones Fuentes S.L.U.,,EUR,,2025-10-29,2025-12-29,2026-08-31,9,False,False,False,False,no_invoices_no_debt,49,0,0,3464,276418955.96,ok
COMP_0253,GROUP_0055,Construcciones Navarro S.L.U.,,EUR,dynamicsAx,2024-02-16,2024-09-02,2026-08-31,24,True,False,False,False,no_debt,5,0,520,582,1627663.51,ok
COMP_0254,GROUP_0158,Transportes Carrion S.L.,,EUR,,2023-05-02,2024-09-01,2026-08-31,24,False,True,True,False,no_invoices,2,1,0,1486,921662.18,ok
COMP_0255,GROUP_0025,Suministros Ulzama S.L.,,EUR,dynamicsAx,2026-03-09,2026-01-10,2026-08-31,8,True,True,False,True,full,15,4,3652,3007,3175540.64,ok
COMP_0256,GROUP_0170,Agricola Valverde S.L.,,USD,,2025-06-10,2025-04-15,2026-08-24,17,False,False,False,False,no_invoices_no_debt,3,0,0,214,9638016.36,ok
COMP_0257,GROUP_0023,Quimica Fuentes S.L.,,EUR,sage200,2025-03-17,2024-12-31,2026-08-31,21,True,False,True,False,no_debt,8,0,3797,3817,10655580.21,ok
COMP_0258,GROUP_0078,Textil Aranda S.L.U.,,EUR,,2022-12-12,2024-09-06,2026-08-27,23,False,True,True,False,no_invoices,3,4,0,159,442351.25,ok
COMP_0259,GROUP_0198,Logistica Beltran S.L.U.,ES,EUR,navision,2023-04-24,2024-09-06,2025-12-24,16,True,False,True,False,no_debt,2,0,50,106,589651.35,low
COMP_0260,GROUP_0087,Quimica Quintana y Cia. S.L.,NL,EUR,,2025-10-06,2025-08-28,2026-08-27,13,False,False,False,False,no_invoices_no_debt,2,0,0,49,145000,ok
COMP_0261,GROUP_0086,Agricola Pinilla y Cia. S.L.,,EUR,,2024-10-18,2024-09-05,2026-01-08,16,False,True,False,False,no_invoices,1,5,0,303,229000,ok
COMP_0262,GROUP_0211,Suministros Beltran y Cia. S.L.,,USD,netsuite,2024-12-13,2025-05-20,2026-08-31,16,True,False,True,False,no_debt,7,0,2675,5622,9333115.34,ok
COMP_0263,GROUP_0250,Transportes Iranzo y Cia. S.L.,,EUR,distritoK,2022-04-22,2024-09-02,2026-08-17,24,True,False,False,False,no_debt,1,0,139,97,60550.15,ok
COMP_0264,GROUP_0066,Construcciones Tudela S.A.,,EUR,,2024-04-12,2024-09-02,2026-08-31,24,True,False,False,False,no_debt,1,0,3,369,227000,ok
COMP_0265,GROUP_0033,Distribuciones Duero S.A.,,EUR,,2025-09-26,2024-11-15,2026-08-31,22,True,False,False,False,no_debt,8,0,359,542,670997.46,ok
COMP_0266,GROUP_0016,Hermanos Arga S.A.,ES,EUR,businessOne,2023-09-12,2024-09-02,2026-08-31,24,False,False,True,False,no_invoices_no_debt,2,0,0,1472,5235448.67,ok
COMP_0267,GROUP_0155,Electro Olmedo S.A.,ES,EUR,etendo,2023-01-13,2024-09-02,2026-08-31,24,True,False,True,False,no_debt,2,0,818,2287,7360188.27,ok
COMP_0268,GROUP_0094,Alimentaria Arga y Cia. S.L.,,GBP,netsuite,2024-11-07,2024-09-02,2026-08-28,24,True,False,True,False,no_debt,7,0,3545,3870,4597414.26,ok
COMP_0269,GROUP_0156,Grupo Fuentes y Cia. S.L.,,EUR,,2023-07-04,2024-12-21,2025-10-09,8,True,True,True,True,full,9,10,18,1536,0,ok
COMP_0270,GROUP_0116,Textil Doriga y Cia. S.L.,DE,EUR,netsuite,2024-02-15,2026-03-01,2026-08-29,6,True,False,False,False,no_debt,7,0,900,543,332494.62,ok
COMP_0271,GROUP_0138,Logistica Tudela y Cia. S.L.,,EUR,dynamicsAx,2026-04-08,2026-02-12,2026-08-31,7,False,True,True,True,no_invoices,21,8,0,19113,183307016.45,ok
COMP_0272,GROUP_0017,Comercial Beltran y Cia. S.L.,ES,EUR,,2026-04-07,2026-02-06,2026-08-28,7,False,True,True,False,no_invoices,3,1,0,181,30066.37,ok
COMP_0273,GROUP_0155,Industrias Aranda y Cia. S.L.,,EUR,etendo,2023-01-13,2024-09-01,2026-08-27,24,True,False,False,False,no_debt,2,0,19,176,2143016.48,ok
COMP_0274,GROUP_0097,Servicios Cardona S.A.,,EUR,,2025-02-14,2024-12-17,2026-08-31,21,False,False,True,False,no_invoices_no_debt,6,0,0,164,1412657.64,ok
COMP_0275,GROUP_0060,Talleres Quintana S.A.,,USD,netsuite,2025-11-17,2025-12-30,2026-08-31,9,True,False,False,False,no_debt,3,0,151,125,315185.23,ok
COMP_0276,GROUP_0199,Grupo Valverde S.A.,,AOA,,2025-09-10,2026-01-28,2026-08-31,8,False,False,True,False,no_invoices_no_debt,6,0,0,925,0,ok
COMP_0277,GROUP_0236,Alimentaria Fuentes S.A.,,EUR,,2026-03-02,2026-01-01,2026-08-31,8,False,True,True,True,no_invoices,17,2,0,1419,6281461.18,ok
COMP_0278,GROUP_0162,Electro Ebro y Cia. S.L.,FR,EUR,businessOne,2022-04-06,2024-09-02,2026-08-31,24,True,False,False,False,no_debt,4,0,1805,1753,2192921.94,ok
COMP_0279,GROUP_0022,Hermanos Salazar y Cia. S.L.,,EUR,netsuite,2024-07-29,2024-09-03,2026-06-02,22,True,False,False,False,no_debt,3,0,49,72,52000,ok
COMP_0280,GROUP_0107,Talleres Doriga S.A.,,GBP,sageX3,2026-07-14,2026-01-23,2026-08-26,8,True,False,False,False,no_debt,4,0,546,1789,9641543.28,ok
COMP_0281,GROUP_0127,Servicios Tudela S.A.,,EUR,,2025-09-18,2025-07-28,2026-08-31,14,False,True,True,True,no_invoices,5,1,0,2580,5067727.92,ok
COMP_0282,GROUP_0187,Alimentaria Jimena S.A.,,EUR,,2024-02-13,2024-09-01,2026-08-31,24,False,False,False,False,no_invoices_no_debt,36,0,0,8683,366753393.18,ok
COMP_0283,GROUP_0089,Grupo Iranzo S.A.,DE,EUR,netsuite,2026-01-07,2026-01-13,2026-08-28,8,True,False,False,False,no_debt,5,0,450,10513,2747299.69,ok
COMP_0284,GROUP_0163,Logistica Tudela y Cia. S.L.,,EUR,navision,2024-02-13,2024-09-12,2026-08-27,14,True,False,False,False,no_debt,3,0,20,46,5800001,ok
COMP_0285,GROUP_0205,Textil Zubiri y Cia. S.L.,,EUR,,2023-11-08,2024-09-23,2026-08-20,19,False,False,False,False,no_invoices_no_debt,1,0,0,60,1594987.65,ok
COMP_0286,GROUP_0203,Industrias Arga y Cia. S.L.,,EUR,netsuite,2026-04-28,2026-03-02,2026-08-31,6,True,True,True,True,full,4,4,51,244,299045.33,ok
COMP_0287,GROUP_0231,Comercial Bierzo y Cia. S.L.,,EUR,netsuite,2023-10-09,2024-09-02,2026-08-24,24,True,True,False,False,full,3,1,116,161,3123294.68,ok
COMP_0288,GROUP_0075,Suministros Aranda S.A.,,EUR,,2023-02-20,2024-09-01,2026-02-01,18,False,True,True,True,no_invoices,10,1,0,3062,10860,ok
COMP_0289,GROUP_0142,Transportes Olmedo S.A.,,EUR,,2024-09-10,2024-09-02,2026-08-31,24,True,True,True,False,full,6,3,367,1150,3208225.27,ok
COMP_0290,GROUP_0053,Distribuciones Quintana S.A.,ES,EUR,businessOne,2025-05-21,2025-07-14,2026-08-31,14,True,False,False,False,no_debt,2,0,173,2675,923910.01,ok
COMP_0291,GROUP_0104,Construcciones Pinilla S.A.,,EUR,,2026-02-27,2026-01-12,2026-08-31,8,True,False,False,False,no_debt,5,0,193,199,1317564.07,ok
COMP_0292,GROUP_0199,Electro Olmedo S.A.,,GHS,,2025-09-10,2026-01-13,2026-08-31,8,False,False,True,False,no_invoices_no_debt,39,0,0,1166,34855430,ok
COMP_0293,GROUP_0126,Hermanos Aranda S.A.,,EUR,m3Rosetta,2024-05-21,2024-09-02,2026-08-31,24,True,True,True,False,full,6,2,294,1428,5185894.56,ok
COMP_0294,GROUP_0217,Agricola Cardona y Cia. S.L.,,EUR,businessCentral,2025-04-04,2025-02-14,2026-08-27,15,True,False,False,False,no_debt,1,0,33,57,31415.37,ok
COMP_0295,GROUP_0039,Quimica Duero y Cia. S.L.,,EUR,businessCentral,2026-04-10,2026-02-17,2026-08-31,7,True,False,False,False,no_debt,7,0,289,343,133515.78,ok
COMP_0296,GROUP_0199,Transportes Valverde y Cia. S.L.,ES,EUR,,2025-09-10,2025-07-18,2026-08-31,14,False,False,False,False,no_invoices_no_debt,2,0,0,63,404253.83,ok
COMP_0297,GROUP_0011,Suministros Xativa y Cia. S.L.,,EUR,,2026-01-20,2026-02-26,2026-08-31,7,False,True,True,False,no_invoices,4,3,0,412,2403980.89,ok
COMP_0298,GROUP_0063,Comercial Ebro S.A.,,EUR,,2025-04-03,2025-02-27,2026-08-31,19,False,True,True,False,no_invoices,3,1,0,325,154778.07,ok
COMP_0299,GROUP_0087,Industrias Olmedo S.A.,NL,EUR,,2025-10-06,2025-08-28,2026-08-31,13,False,False,False,False,no_invoices_no_debt,4,0,0,810,3936640,ok
COMP_0300,GROUP_0144,Textil Arga S.A.,,EUR,businessCentral,2026-02-12,2025-12-19,2026-08-31,9,True,False,True,False,no_debt,3,0,206,889,766599.81,ok
COMP_0301,GROUP_0009,Logistica Beltran S.A.,,EUR,,2025-12-05,2025-10-13,2026-08-31,11,False,False,True,False,no_invoices_no_debt,7,0,0,872,4586420.74,ok
COMP_0302,GROUP_0243,Comercial Tudela S.A.,,PLN,,2026-04-22,2026-02-26,2026-08-31,7,False,False,False,False,no_invoices_no_debt,6,0,0,237,5399703.92,ok
COMP_0303,GROUP_0239,Industrias Ulzama S.A.,,EUR,,2026-03-11,2026-01-19,2026-08-31,8,False,False,True,False,no_invoices_no_debt,5,0,0,4685,28022780.93,ok
COMP_0304,GROUP_0127,Servicios Bierzo y Cia. S.L.,,EUR,,2025-09-18,2025-07-28,2026-08-31,14,False,True,True,True,no_invoices,4,2,0,3511,7402041.36,ok
COMP_0305,GROUP_0184,Talleres Arga y Cia. S.L.,ES,EUR,,2025-12-29,2025-11-10,2026-08-31,10,False,False,True,False,no_invoices_no_debt,4,0,0,13759,36130331.29,ok
COMP_0306,GROUP_0094,Grupo Duero y Cia. S.L.,,COP,netsuite,2024-11-07,2024-12-01,2026-08-31,21,True,False,False,False,no_debt,1,0,1693,2349,3554573826.62,ok
COMP_0307,GROUP_0112,Alimentaria Tudela y Cia. S.L.,,EUR,businessCentral,2024-06-11,2024-09-05,2025-09-11,13,True,False,False,False,no_debt,1,0,131,239,155.48,ok
COMP_0308,GROUP_0250,Electro Duero S.A.,,EUR,distritoK,2022-04-22,2024-09-02,2026-08-31,24,True,True,True,True,full,2,1,3893,2014,10037516.35,ok
COMP_0309,GROUP_0250,Hermanos Lacalle S.A.,,EUR,distritoK,2022-04-22,2024-09-02,2026-08-17,24,True,False,False,False,no_debt,1,0,145,96,60550.15,ok
COMP_0310,GROUP_0158,Quimica Ribera S.A.,,EUR,,2023-05-02,2024-09-03,2026-08-07,24,False,False,True,False,no_invoices_no_debt,2,0,0,447,652452.65,ok
COMP_0311,GROUP_0175,Agricola Xativa S.A.,,EUR,netsuite,2025-09-23,2025-08-11,2026-08-31,13,True,False,True,False,no_debt,3,0,1820,1646,2186930.25,ok
COMP_0312,GROUP_0194,Suministros Lacalle S.A.,,EUR,,2025-07-07,2025-12-22,2026-08-07,9,False,False,True,False,no_invoices_no_debt,1,0,0,1684,149899.53,ok
COMP_0313,GROUP_0094,Transportes Moncayo S.A.,,EUR,netsuite,2024-11-07,2024-09-10,2026-08-26,24,True,False,False,False,no_debt,3,0,444,804,52168450.02,ok
COMP_0314,GROUP_0101,Construcciones Xativa y Cia. S.L.,,EUR,,2024-11-04,2024-09-16,2026-08-31,24,True,False,True,False,no_debt,9,0,1089,1123,155554.38,ok
COMP_0315,GROUP_0064,Distribuciones Iranzo y Cia. S.L.,,EUR,,2026-03-10,2025-01-14,2026-08-18,16,False,False,False,False,no_invoices_no_debt,1,0,0,38,1230651.24,ok
COMP_0316,GROUP_0150,Hermanos Herrera y Cia. S.L.,ES,EUR,sage200,2023-11-16,2024-09-01,2026-08-31,24,True,False,True,False,no_debt,4,0,781,1241,1140627.28,ok
COMP_0317,GROUP_0170,Electro Carrion y Cia. S.L.,,EUR,,2025-07-24,2025-09-02,2026-08-10,12,False,False,True,False,no_invoices_no_debt,1,0,0,51,0,low
COMP_0318,GROUP_0226,Alimentaria Doriga S.A.,,EUR,businessCentral,2025-10-07,2025-01-08,2026-08-31,20,True,False,False,False,no_debt,2,0,94,339,469691.69,ok
COMP_0319,GROUP_0184,Grupo Cardona S.A.,,EUR,,2026-03-11,2026-01-12,2026-08-31,8,False,False,False,False,no_invoices_no_debt,3,0,0,13238,14865741.18,low
COMP_0320,GROUP_0246,Electro Ebro S.L.,,EUR,businessCentral,2026-04-14,2026-01-28,2026-08-31,8,True,True,True,True,full,4,2,299,472,892900.17,ok
COMP_0321,GROUP_0159,Hermanos Salazar S.L.,,EUR,,2024-10-08,2024-09-02,2026-08-31,24,False,True,True,True,no_invoices,3,1,0,3073,10027815.3,ok
COMP_0322,GROUP_0108,Distribuciones Gallardo S.L.,,EUR,businessCentral,2024-12-09,2024-10-10,2026-08-31,23,True,False,True,False,no_debt,4,0,622,1007,3628536.37,ok
COMP_0323,GROUP_0122,Construcciones Quintana S.L.,,USD,netsuite,2026-02-24,2026-01-15,2026-08-31,8,True,False,False,False,no_debt,3,0,3318,563,8527449.16,low
COMP_0324,GROUP_0138,Transportes Jimena S.L.U.,,EUR,dynamicsAx,2026-04-08,2026-02-13,2026-08-31,7,False,False,True,False,no_invoices_no_debt,14,0,0,6261,31669094.26,ok
COMP_0325,GROUP_0101,Suministros Ribera S.L.U.,,EUR,,2024-11-04,2024-09-17,2026-04-15,20,True,False,False,False,no_debt,1,0,1,21,0,ok
COMP_0326,GROUP_0018,Agricola Doriga S.L.U.,,EUR,businessCentral,2025-09-02,2025-03-24,2026-08-31,16,True,True,True,True,full,7,10,3552,4922,10405181.8,ok
COMP_0327,GROUP_0130,Quimica Carrion S.L.U.,NL,EUR,,2025-11-19,2025-10-18,2026-06-09,9,False,False,False,False,no_invoices_no_debt,1,0,0,962,612670.39,ok
COMP_0328,GROUP_0136,Textil Ulzama S.L.,,EUR,netsuite,2026-05-26,2026-01-02,2026-08-31,8,True,False,True,False,no_debt,7,0,271,296,429980.56,ok
COMP_0329,GROUP_0161,Logistica Gallardo S.L.,,EUR,,2022-03-13,2024-09-01,2026-08-31,24,False,False,False,False,no_invoices_no_debt,3,0,0,993,1950799.89,ok
COMP_0330,GROUP_0088,Alimentaria Ribera S.L.,,EUR,sageX3,2025-02-20,2025-01-27,2026-08-31,20,True,False,False,False,no_debt,3,0,774,255,57086.72,low
COMP_0331,GROUP_0096,Grupo Fuentes S.L.,,EUR,netsuite,2023-07-03,2024-09-17,2026-08-25,16,True,False,False,False,no_debt,1,0,6,30,6733.12,ok
COMP_0332,GROUP_0149,Talleres Tudela S.L.,,EUR,m3Rosetta,2026-02-16,2025-12-19,2026-08-31,9,True,True,True,False,full,1,29,29,679,59175.92,ok
COMP_0333,GROUP_0217,Servicios Herrera S.L.,,EUR,businessCentral,2025-04-04,2025-02-06,2026-08-28,19,True,False,False,False,no_debt,1,0,28,44,14231844.14,ok
COMP_0334,GROUP_0159,Industrias Beltran S.L.U.,,EUR,,2024-09-25,2024-12-19,2026-08-31,21,False,True,True,True,no_invoices,9,1,0,8073,15127244.05,low
COMP_0335,GROUP_0214,Comercial Valverde S.L.U.,,EUR,,2025-11-14,2025-09-29,2026-08-28,12,False,False,True,False,no_invoices_no_debt,4,0,0,1641,11017876.01,ok
COMP_0336,GROUP_0211,Logistica Zubiri S.L.U.,,GBP,netsuite,2024-12-13,2025-06-12,2026-08-31,15,True,False,True,False,no_debt,10,0,2111,1984,6134173.89,ok
COMP_0337,GROUP_0022,Textil Pinilla S.L.U.,,EUR,netsuite,2024-07-29,2024-09-01,2026-04-16,18,True,False,False,False,no_debt,1,0,25,48,1017.27,ok
COMP_0338,GROUP_0088,Quimica Moncayo S.L.,,EUR,sageX3,2025-02-20,2025-01-21,2026-08-31,20,True,False,False,False,no_debt,4,0,661,779,104610.78,ok
COMP_0339,GROUP_0188,Agricola Gallardo S.L.,GB,GBP,netsuite,2024-09-17,2025-05-15,2026-08-26,16,True,False,False,False,no_debt,3,0,223,171,0,ok
COMP_0340,GROUP_0116,Hermanos Arga y Cia. S.L.,,EUR,netsuite,2023-08-17,2024-09-16,2026-08-31,24,True,True,True,True,full,5,3,175,522,11197096.18,ok
COMP_0341,GROUP_0150,Electro Beltran y Cia. S.L.,ES,EUR,sage200,2023-06-19,2024-09-02,2026-08-31,24,True,False,False,False,no_debt,8,0,1138,2206,12565877.28,ok
COMP_0342,GROUP_0079,Construcciones Yuste y Cia. S.L.,,EUR,dynamicsAx,2024-11-28,2024-10-18,2025-12-11,15,True,True,True,True,full,5,2,2445,1672,1367197.94,ok
COMP_0343,GROUP_0167,Distribuciones Zubiri y Cia. S.L.,,EUR,sageX3,2025-09-02,2025-01-01,2025-10-17,10,True,False,True,False,no_debt,5,0,4956,8055,20251960.4,ok
COMP_0344,GROUP_0211,Suministros Bierzo S.A.,,GBP,netsuite,2024-12-13,2025-06-12,2026-08-31,15,True,False,False,False,no_debt,6,0,347,354,1132908.68,ok
COMP_0345,GROUP_0069,Transportes Iranzo S.A.,,EUR,businessCentral,2026-03-20,2026-01-20,2026-08-31,8,True,False,False,False,no_debt,1,0,130,84,399970.22,low
COMP_0346,GROUP_0097,Quimica Doriga S.A.,,EUR,businessCentral,2025-02-14,2025-02-07,2026-08-04,14,True,False,False,False,no_debt,4,0,54,53,0,ok
COMP_0347,GROUP_0117,Agricola Gallardo S.A.,,EUR,,2025-10-06,2025-08-18,2026-08-31,13,True,False,False,False,no_debt,6,0,75,368,849995.8,ok
COMP_0348,GROUP_0138,Logistica Zubiri y Cia. S.L.,,EUR,dynamicsAx,2026-04-08,2026-02-21,2026-08-31,7,False,False,True,False,no_invoices_no_debt,2,0,0,257,23547.87,ok
COMP_0349,GROUP_0101,Textil Yuste y Cia. S.L.,,EUR,,2024-11-04,2024-09-01,2026-08-31,24,True,False,True,False,no_debt,4,0,852,915,500524.62,ok
COMP_0350,GROUP_0189,Grupo Aranda y Cia. S.L.,,EUR,sageX3,2024-07-24,2025-05-05,2026-08-31,16,True,False,False,False,no_debt,1,0,1314,1687,1676694.54,ok
COMP_0351,GROUP_0223,Alimentaria Beltran y Cia. S.L.,,EUR,,2026-06-22,2026-01-01,2026-08-31,8,False,True,True,True,no_invoices,28,26,0,9726,63204099.69,ok
COMP_0352,GROUP_0044,Servicios Gallardo y Cia. S.L.,,EUR,businessCentral,2026-06-19,2025-12-31,2026-08-31,9,True,False,True,False,no_debt,6,0,461,1354,2344566.45,ok
COMP_0353,GROUP_0073,Talleres Herrera y Cia. S.L.,,EUR,businessCentral,2025-11-11,2025-12-10,2026-08-28,9,True,False,False,False,no_debt,1,0,52,66,37680797.38,ok
COMP_0354,GROUP_0220,Comercial Fuentes S.A.,,EUR,navision,2024-03-21,2024-09-01,2026-08-31,24,True,True,False,True,full,10,10,832,3008,16016309.17,ok
COMP_0355,GROUP_0049,Industrias Arga S.A.,,EUR,,2026-03-09,2026-01-16,2026-08-19,7,False,False,False,False,no_invoices_no_debt,1,0,0,22,403474.3,low
COMP_0356,GROUP_0172,Textil Ulzama S.A.,,EUR,,2025-05-22,2025-03-24,2026-08-31,18,False,True,True,False,no_invoices,2,1,0,2142,588274.99,ok
COMP_0357,GROUP_0036,Logistica Gallardo S.A.,,EUR,businessOne,2023-10-11,2024-09-02,2026-08-31,24,True,False,True,False,no_debt,2,0,511,410,1001416.7,ok
COMP_0358,GROUP_0127,Agricola Duero y Cia. S.L.,,EUR,,2025-09-18,2025-07-28,2026-08-05,14,False,False,False,False,no_invoices_no_debt,2,0,0,230,105146.76,ok
COMP_0359,GROUP_0110,Quimica Yuste y Cia. S.L.,,EUR,netsuite,2022-12-29,2024-09-03,2026-08-31,24,True,False,False,False,no_debt,1,0,134,420,192251.81,ok
COMP_0360,GROUP_0138,Logistica Aranda S.L.U.,,EUR,dynamicsAx,2026-04-08,2026-02-16,2026-08-31,7,False,False,True,False,no_invoices_no_debt,10,0,0,2430,19861799.04,ok
COMP_0361,GROUP_0116,Textil Fuentes S.L.U.,,DKK,netsuite,2023-08-17,2024-09-01,2026-08-31,24,True,False,True,False,no_debt,15,0,610,4936,437675.72,ok
COMP_0362,GROUP_0142,Industrias Gallardo S.L.U.,,EUR,,2024-09-10,2024-09-02,2026-08-31,24,True,True,True,False,full,15,1,824,4138,5707217.66,low
COMP_0363,GROUP_0250,Comercial Ulzama S.L.U.,,EUR,distritoK,2022-04-22,2024-09-03,2026-08-31,24,True,False,False,False,no_debt,1,0,62,164,232101.03,ok
COMP_0364,GROUP_0195,Talleres Jimena S.L.,,EUR,businessCentral,2026-01-09,2025-09-01,2026-08-31,12,True,False,False,False,no_debt,2,0,803,1217,1046295.86,ok
COMP_0365,GROUP_0122,Servicios Ribera S.L.,,EUR,netsuite,2026-02-24,2025-12-30,2026-08-31,9,True,True,False,True,full,8,10,2787,1817,28738365.94,ok
COMP_0366,GROUP_0119,Alimentaria Herrera S.L.,,EUR,sageIntacct,2026-03-02,2026-01-12,2026-08-31,8,True,False,True,False,no_debt,4,0,78,794,345393.18,ok
COMP_0367,GROUP_0187,Grupo Lacalle S.L.,,EUR,,2024-02-13,2024-09-01,2026-08-31,24,False,False,False,False,no_invoices_no_debt,7,0,0,1274,5251284.53,ok
COMP_0368,GROUP_0016,Hermanos Duero S.L.U.,ES,EUR,businessOne,2023-09-12,2024-09-03,2026-08-31,24,True,False,False,False,no_debt,2,0,983,813,468118.23,ok
COMP_0369,GROUP_0246,Electro Gallardo S.L.U.,,EUR,businessCentral,2026-04-14,2026-01-20,2026-08-31,8,True,True,True,True,full,1,4,1299,544,12376328.18,ok
COMP_0370,GROUP_0164,Agricola Ribera S.L.U.,,GBP,netsuite,2026-01-22,2025-11-27,2026-08-31,10,True,False,False,False,no_debt,5,0,186,760,185254.28,ok
COMP_0371,GROUP_0122,Quimica Beltran S.L.U.,,EUR,netsuite,2026-02-24,2026-01-05,2026-08-31,8,True,True,False,False,full,1,1,29,56,2533.48,ok
COMP_0372,GROUP_0144,Transportes Lacalle S.L.U.,,EUR,businessCentral,2026-02-12,2025-12-22,2026-08-28,9,True,False,False,False,no_debt,1,0,319,347,108083.99,ok
COMP_0373,GROUP_0192,Suministros Duero S.L.U.,,CHF,,2025-09-29,2025-11-21,2026-08-31,10,False,False,False,False,no_invoices_no_debt,1,0,0,1943,4865461,ok
COMP_0374,GROUP_0020,Distribuciones Olmedo S.L.,,EUR,,2025-09-22,2025-11-11,2026-08-27,10,False,False,False,False,no_invoices_no_debt,1,0,0,132,399446.77,ok
COMP_0375,GROUP_0143,Construcciones Ebro S.L.,,EUR,businessCentral,2024-02-22,2025-07-29,2026-08-31,14,True,False,False,False,no_debt,1,0,52,80,924297.81,ok
COMP_0376,GROUP_0070,Electro Ulzama S.L.,ES,EUR,businessCentral,2025-06-30,2025-07-18,2026-08-31,14,True,False,True,False,no_debt,18,0,282,1602,4678900.36,ok
COMP_0377,GROUP_0009,Hermanos Lacalle S.L.,,EUR,,2025-12-05,2025-11-26,2026-08-28,10,False,False,False,False,no_invoices_no_debt,5,0,0,171,365151.73,ok
COMP_0378,GROUP_0234,Grupo Herrera S.L.U.,,EUR,businessOne,2025-10-28,2025-12-22,2026-08-31,9,True,False,False,False,no_debt,1,0,89,180,797601.64,ok
COMP_0379,GROUP_0112,Alimentaria Tudela S.L.U.,IT,EUR,businessCentral,2024-06-11,2024-09-03,2026-05-14,21,True,False,False,False,no_debt,2,0,521,557,409989.94,ok
COMP_0380,GROUP_0059,Construcciones Aranda S.L.,,EUR,businessCentral,2025-03-03,2025-02-21,2026-07-10,11,True,False,False,False,no_debt,1,0,20,36,0,ok
COMP_0381,GROUP_0079,Distribuciones Xativa S.L.,,EUR,dynamicsAx,2024-11-28,2024-10-04,2026-08-31,23,True,True,True,False,full,3,1,2266,1084,4745068.59,ok
COMP_0382,GROUP_0068,Hermanos Cardona S.L.,,EUR,businessCentral,2025-04-24,2025-04-01,2026-08-01,17,True,False,False,False,no_debt,1,0,2,30,500,ok
COMP_0383,GROUP_0078,Electro Herrera S.L.,,EUR,,2022-12-12,2024-09-01,2026-08-31,24,False,False,True,False,no_invoices_no_debt,9,0,0,454,2302612.04,ok
COMP_0384,GROUP_0094,Quimica Bierzo S.L.U.,,EUR,netsuite,2024-11-07,2024-09-09,2026-08-31,24,True,False,True,False,no_debt,4,0,3193,5369,2045691.25,ok
COMP_0385,GROUP_0145,Agricola Valverde S.L.U.,,EUR,,2025-07-14,2025-05-16,2026-08-31,16,False,True,True,True,no_invoices,17,2,0,7231,236856843.33,low
COMP_0386,GROUP_0020,Suministros Ulzama S.L.U.,,EUR,,2025-06-23,2025-07-14,2026-08-27,10,False,False,False,False,no_invoices_no_debt,1,0,0,26,82381.16,ok
COMP_0387,GROUP_0097,Transportes Lacalle S.L.U.,,EUR,businessCentral,2025-02-14,2024-12-27,2026-08-31,21,True,True,False,True,full,10,2,823,1154,11754977.1,ok
COMP_0388,GROUP_0187,Industrias Herrera S.L.,,EUR,,2024-02-13,2024-09-02,2026-08-31,24,False,False,False,False,no_invoices_no_debt,11,0,0,2181,6847243.58,ok
COMP_0389,GROUP_0150,Comercial Gallardo S.L.,,EUR,,2025-06-17,2025-04-22,2026-08-31,17,False,False,True,False,no_invoices_no_debt,4,0,0,2014,4306157.81,ok
COMP_0390,GROUP_0064,Servicios Ribera S.L.,,EUR,,2026-05-06,2025-01-01,2026-08-31,20,False,False,False,False,no_invoices_no_debt,2,0,0,103,0,ok
COMP_0391,GROUP_0042,Talleres Olmedo S.L.,,EUR,,2026-03-12,2026-01-12,2026-08-31,8,False,True,True,False,no_invoices,4,1,0,207,2069080.36,ok
COMP_0392,GROUP_0222,Grupo Lacalle S.L.,,EUR,businessCentral,2025-01-16,2025-01-03,2026-08-31,20,True,False,True,False,no_debt,2,0,1972,1692,930613.63,ok
COMP_0393,GROUP_0054,Alimentaria Quintana S.L.,,EUR,,2025-10-07,2025-10-06,2026-08-31,11,True,False,False,False,no_debt,1,0,2844,2783,11418805.87,ok
COMP_0394,GROUP_0224,Textil Bierzo S.L.U.,,EUR,sage200,2025-09-02,2025-10-03,2026-08-31,11,True,True,True,False,full,5,1,135,193,6913212.81,ok
COMP_0395,GROUP_0112,Logistica Iranzo S.L.U.,PT,EUR,businessCentral,2024-06-11,2024-09-03,2026-08-31,24,True,False,True,False,no_debt,5,0,3741,3142,563844.57,ok
COMP_0396,GROUP_0096,Comercial Herrera S.L.U.,,EUR,netsuite,2023-07-03,2024-09-03,2026-08-31,24,True,False,False,False,no_debt,1,0,195,457,272672.85,ok
COMP_0397,GROUP_0155,Industrias Lacalle S.L.U.,DE,EUR,etendo,2023-01-13,2025-03-31,2026-08-28,18,True,False,True,False,no_debt,1,0,3207,1984,84036.09,ok
COMP_0398,GROUP_0018,Transportes Doriga S.L.,,EUR,businessCentral,2025-09-02,2025-01-01,2026-05-02,17,True,False,True,False,no_debt,2,0,93,642,137793.8,ok
COMP_0399,GROUP_0115,Suministros Yuste S.L.,,EUR,,2022-11-14,2024-09-01,2026-08-31,24,False,True,True,True,no_invoices,9,1,0,19492,9501779.48,ok
COMP_0400,GROUP_0142,Grupo Navarro S.L.U.,,EUR,,2024-09-10,2024-09-01,2026-08-26,24,True,True,False,True,full,6,1,110,639,1166316.55,ok
COMP_0401,GROUP_0087,Alimentaria Beltran S.L.U.,,EUR,,2025-11-14,2025-09-22,2026-08-28,12,False,False,True,False,no_invoices_no_debt,1,0,0,401,245706.51,ok
COMP_0402,GROUP_0131,Servicios Pinilla S.L.U.,,EUR,,2025-07-22,2025-05-30,2026-08-31,16,False,True,True,True,no_invoices,9,11,0,4955,13416121.77,ok
COMP_0403,GROUP_0201,Talleres Duero S.L.U.,ES,EUR,businessCentral,2025-10-13,2025-10-13,2026-08-25,11,True,True,False,False,full,1,1,351,208,1168113.68,low
COMP_0404,GROUP_0094,Comercial Jimena S.L.,,USD,netsuite,2024-11-07,2024-10-12,2026-08-31,23,True,False,False,False,no_debt,4,0,1074,4910,1465057.77,ok
COMP_0405,GROUP_0035,Industrias Ribera S.L.,ES,EUR,businessCentral,2024-03-06,2024-09-01,2026-08-31,24,True,False,True,False,no_debt,6,0,1127,3405,2230776.6,ok
COMP_0406,GROUP_0034,Textil Moncayo S.L.,,EUR,netsuite,2026-01-09,2026-01-26,2026-08-31,8,True,True,False,False,full,14,2,4654,7940,195219023.59,ok
COMP_0407,GROUP_0067,Logistica Pinilla S.L.,,EUR,,2025-10-02,2025-01-01,2026-08-31,20,False,True,True,True,no_invoices,8,2,0,1576,645655.21,ok
COMP_0408,GROUP_0076,Agricola Herrera S.L.U.,,EUR,,2026-04-13,2026-02-19,2026-08-31,7,False,False,False,False,no_invoices_no_debt,1,0,0,132,116306.08,low
COMP_0409,GROUP_0009,Quimica Lacalle S.L.U.,,BAM,,2025-12-05,2026-01-05,2026-08-14,8,False,False,True,False,no_invoices_no_debt,6,0,0,4017,52456.99,ok
COMP_0410,GROUP_0112,Hermanos Valverde S.L.U.,PT,EUR,businessCentral,2024-06-11,2024-09-23,2026-08-27,24,True,False,False,False,no_debt,1,0,322,578,294277.46,ok
COMP_0411,GROUP_0158,Electro Bierzo S.L.U.,,EUR,,2023-05-02,2024-09-01,2026-08-31,24,False,True,True,True,no_invoices,10,5,0,13225,17296962.27,ok
COMP_0412,GROUP_0016,Construcciones Yuste S.L.U.,ES,EUR,businessOne,2023-09-12,2024-09-01,2026-08-31,24,True,False,False,False,no_debt,2,0,450,1037,196800.09,ok
COMP_0413,GROUP_0130,Distribuciones Moncayo S.L.U.,IT,EUR,,2025-11-19,2026-01-20,2026-08-31,8,False,False,True,False,no_invoices_no_debt,5,0,0,1298,4610731.45,ok
COMP_0414,GROUP_0217,Suministros Jimena S.L.,,EUR,businessCentral,2025-04-04,2025-02-03,2026-08-31,19,True,False,False,False,no_debt,1,0,1456,1797,10988981.35,ok
COMP_0415,GROUP_0204,Transportes Aranda S.L.,,EUR,netsuite,2026-06-09,2026-04-10,2026-08-31,5,True,True,False,False,full,9,8,558,608,35014474.51,ok
COMP_0416,GROUP_0040,Quimica Herrera S.L.,ES,EUR,ekon,2025-12-19,2025-10-31,2026-08-31,11,True,False,True,False,no_debt,6,0,433,783,4428038.53,ok
COMP_0417,GROUP_0092,Agricola Carrion S.L.,,EUR,,2026-07-02,2025-01-02,2026-08-31,20,False,False,False,False,no_invoices_no_debt,2,0,0,712,201787.9,ok
COMP_0418,GROUP_0070,Logistica Quintana S.L.U.,ES,EUR,businessCentral,2023-06-06,2024-09-18,2026-08-19,24,True,False,True,False,no_debt,13,0,138,693,4183868.29,ok
COMP_0419,GROUP_0152,Textil Tudela S.L.U.,,GBP,,2025-12-04,2026-02-13,2026-08-28,7,False,False,False,False,no_invoices_no_debt,2,0,0,135,0,ok
COMP_0420,GROUP_0104,Agricola Ebro y Cia. S.L.,,EUR,,2026-02-27,2026-01-20,2026-08-31,8,True,True,True,False,full,9,8,284,530,714424.47,ok
COMP_0421,GROUP_0230,Quimica Salazar y Cia. S.L.,,EUR,r3,2025-10-31,2025-09-05,2026-07-01,11,True,False,True,False,no_debt,1,0,4,20,0,ok
COMP_0422,GROUP_0018,Transportes Cardona y Cia. S.L.,,EUR,businessCentral,2025-09-02,2025-07-29,2026-08-31,13,True,False,True,False,no_debt,2,0,481,433,491802.37,ok
COMP_0423,GROUP_0162,Suministros Ulzama y Cia. S.L.,,EUR,businessOne,2022-04-06,2024-09-02,2026-08-31,24,True,False,False,False,no_debt,4,0,82,256,2084239.41,ok
COMP_0424,GROUP_0097,Distribuciones Bierzo S.A.,,EUR,businessCentral,2025-02-14,2024-12-19,2026-08-31,21,True,False,False,False,no_debt,5,0,99,363,3412532.67,ok
COMP_0425,GROUP_0097,Construcciones Ribera S.A.,,EUR,,2025-02-14,2024-12-18,2026-08-25,21,False,False,False,False,no_invoices_no_debt,1,0,0,56,1212760.13,ok
COMP_0426,GROUP_0003,Electro Quintana S.A.,,EUR,businessOne,2026-03-17,2026-01-19,2026-08-30,8,True,False,False,False,no_debt,1,0,80,59,56800,ok
COMP_0427,GROUP_0214,Hermanos Gallardo S.A.,,EUR,navision,2023-05-18,2024-09-01,2026-08-31,24,True,False,True,False,no_debt,3,0,1306,1148,1682524.12,ok
COMP_0428,GROUP_0213,Grupo Duero y Cia. S.L.,,EUR,businessCentral,2024-01-12,2024-09-01,2026-08-31,24,True,False,False,False,no_debt,1,0,1612,977,4367069.2,low
COMP_0429,GROUP_0170,Alimentaria Pinilla y Cia. S.L.,,EUR,,2025-06-10,2025-04-29,2026-08-17,17,False,False,False,False,no_invoices_no_debt,1,0,0,89,172219.05,ok
COMP_0430,GROUP_0182,Logistica Arga y Cia. S.L.,,EUR,netsuite,2025-12-09,2025-12-19,2026-08-31,9,True,False,False,False,no_debt,2,0,267,1275,833078.41,ok
COMP_0431,GROUP_0102,Textil Salazar y Cia. S.L.,,EUR,,2025-01-20,2024-11-26,2026-08-31,22,True,True,True,True,full,2,1,247,749,726054.86,ok
COMP_0432,GROUP_0095,Industrias Gallardo y Cia. S.L.,,EUR,,2025-11-26,2024-12-31,2026-08-18,21,False,False,False,False,no_invoices_no_debt,3,0,0,260,75211.24,ok
COMP_0433,GROUP_0023,Comercial Ulzama y Cia. S.L.,,EUR,sage200,2025-03-17,2024-12-30,2026-08-31,21,True,False,False,False,no_debt,5,0,245,927,42793806.24,ok
COMP_0434,GROUP_0134,Talleres Olmedo S.A.,,EUR,,2025-02-17,2025-01-01,2025-10-30,10,True,False,False,False,no_debt,2,0,8,985,631045.61,ok
COMP_0435,GROUP_0048,Servicios Arga S.A.,,EUR,businessCentral,2026-03-10,2026-01-20,2026-08-26,8,True,False,True,False,no_debt,4,0,473,985,1928939.74,ok
COMP_0436,GROUP_0048,Alimentaria Moncayo S.A.,,EUR,businessCentral,2026-03-10,2026-01-20,2026-08-31,8,True,False,False,False,no_debt,5,0,686,2443,2508605.15,ok
COMP_0437,GROUP_0199,Grupo Pinilla S.A.,ES,EUR,,2025-09-10,2025-07-16,2026-08-31,14,False,False,True,False,no_invoices_no_debt,9,0,0,1043,53157740.55,ok
COMP_0438,GROUP_0150,Hermanos Quintana y Cia. S.L.,ES,EUR,sage200,2023-06-19,2024-09-01,2026-08-31,24,True,False,False,False,no_debt,6,0,836,1315,270673.54,ok
COMP_0439,GROUP_0236,Electro Cardona y Cia. S.L.,,EUR,,2026-03-02,2026-02-27,2026-08-31,7,False,False,False,False,no_invoices_no_debt,4,0,0,715,848854.88,ok
COMP_0440,GROUP_0162,Quimica Ribera S.L.,,VND,businessOne,2022-04-06,2024-09-03,2026-05-31,21,True,False,False,False,no_debt,4,0,8,331,154228564.74,ok
COMP_0441,GROUP_0217,Agricola Olmedo S.L.,,EUR,businessCentral,2025-04-04,2025-02-03,2026-08-31,19,True,False,False,False,no_debt,3,0,978,1177,41494513.2,ok
COMP_0442,GROUP_0158,Suministros Gallardo S.L.,,EUR,,2023-05-30,2024-09-01,2026-08-31,24,False,False,False,False,no_invoices_no_debt,2,0,0,2921,2361877.25,ok
COMP_0443,GROUP_0143,Transportes Quintana S.L.,,EUR,,2026-02-09,2025-12-12,2026-08-31,9,False,False,False,False,no_invoices_no_debt,1,0,0,1568,1886309.02,ok
COMP_0444,GROUP_0042,Construcciones Fuentes S.L.U.,,EUR,,2026-03-12,2026-01-12,2026-08-31,8,False,True,True,True,no_invoices,37,23,0,4785,80084397.69,low
COMP_0445,GROUP_0199,Distribuciones Navarro S.L.U.,,GBP,,2025-09-10,2025-07-16,2026-08-31,14,False,False,False,False,no_invoices_no_debt,6,0,0,715,5006832.96,ok
COMP_0446,GROUP_0182,Hermanos Ulzama S.L.U.,,EUR,,2025-12-09,2025-10-17,2026-08-31,11,False,True,True,True,no_invoices,8,6,0,9684,25455850.61,ok
COMP_0447,GROUP_0190,Electro Yuste S.L.U.,,EUR,businessCentral,2025-09-09,2025-07-17,2026-08-31,14,True,True,True,True,full,14,11,1126,2781,6247314.19,ok
COMP_0448,GROUP_0158,Alimentaria Duero S.L.,,EUR,,2023-05-30,2024-09-02,2026-08-19,24,False,False,False,False,no_invoices_no_debt,1,0,0,330,300000,ok
COMP_0449,GROUP_0017,Grupo Yuste S.L.,ES,EUR,,2024-06-17,2024-09-02,2026-08-31,24,False,True,True,False,no_invoices,5,2,0,2893,27440657.43,ok
COMP_0450,GROUP_0202,Textil Iranzo S.L.,,EUR,businessCentral,2024-10-31,2024-09-02,2026-08-12,23,True,True,True,False,full,4,2,49,199,2890313.87,ok
COMP_0451,GROUP_0158,Logistica Xativa S.L.,,EUR,,2023-05-30,2024-09-05,2026-06-05,15,False,False,False,False,no_invoices_no_debt,1,0,0,104,1700000,ok
COMP_0452,GROUP_0103,Comercial Carrion S.L.,,EUR,,2025-03-13,2025-01-16,2026-08-31,20,False,True,True,True,no_invoices,4,1,0,1625,10800557.26,ok
COMP_0453,GROUP_0023,Industrias Moncayo S.L.,,EUR,sage200,2025-03-17,2024-12-31,2026-08-31,21,True,False,False,False,no_debt,2,0,9,162,219297.18,ok
COMP_0454,GROUP_0112,Servicios Olmedo S.L.U.,,EUR,businessCentral,2024-06-11,2024-09-03,2026-08-31,24,True,False,False,False,no_debt,1,0,311,207,227633.75,ok
COMP_0455,GROUP_0222,Talleres Arga S.L.U.,,EUR,businessCentral,2025-01-16,2024-11-29,2026-08-31,22,True,False,False,False,no_debt,2,0,594,763,248739.4,ok
COMP_0456,GROUP_0131,Grupo Herrera S.L.U.,,EUR,,2025-07-22,2025-05-30,2026-08-31,16,False,True,True,False,no_invoices,5,4,0,681,1042464.94,ok
COMP_0457,GROUP_0129,Alimentaria Carrion S.L.U.,,EUR,businessCentral,2025-04-21,2025-01-09,2026-08-31,20,True,False,True,False,no_debt,1,0,1083,1015,2924337.31,ok
COMP_0458,GROUP_0212,Electro Ulzama S.L.,,EUR,,2025-09-04,2025-07-07,2026-08-14,14,False,False,False,False,no_invoices_no_debt,1,0,0,44,120000,ok
COMP_0459,GROUP_0051,Hermanos Lacalle S.L.,,EUR,,2025-09-22,2025-08-04,2026-08-31,13,False,False,True,False,no_invoices_no_debt,2,0,0,972,289647.99,ok
COMP_0460,GROUP_0116,Alimentaria Ribera S.A.,,GBP,netsuite,2023-08-17,2024-09-01,2026-08-30,24,True,False,False,False,no_debt,11,0,710,2484,4838802.5,ok
COMP_0461,GROUP_0070,Grupo Beltran S.A.,ES,EUR,businessCentral,2023-03-21,2024-09-01,2026-08-31,24,True,False,True,False,no_debt,5,0,466,5716,2067378.73,ok
COMP_0462,GROUP_0194,Talleres Cardona S.A.,,EUR,netsuite,2022-10-14,2024-09-02,2026-08-31,24,False,False,False,False,no_invoices_no_debt,2,0,0,1014,1389596.71,ok
COMP_0463,GROUP_0086,Servicios Ulzama S.A.,,USD,,2024-10-18,2024-09-03,2026-08-31,24,False,False,False,False,no_invoices_no_debt,1,0,0,2652,5029624.84,ok
COMP_0464,GROUP_0008,Industrias Fuentes y Cia. S.L.,,EUR,businessCentral,2026-04-01,2026-02-13,2026-08-26,7,True,False,False,False,no_debt,2,0,14,22,370334.07,ok
COMP_0465,GROUP_0246,Comercial Valverde y Cia. S.L.,,EUR,businessCentral,2026-04-14,2026-01-01,2026-08-31,8,True,True,False,True,full,4,3,576,2226,974412.77,ok
COMP_0466,GROUP_0200,Logistica Zubiri y Cia. S.L.,,EUR,netsuite,2025-03-05,2025-01-06,2026-08-31,20,True,True,True,True,full,5,4,3103,3895,13061951.75,ok
COMP_0467,GROUP_0172,Textil Tudela y Cia. S.L.,,EUR,,2025-05-22,2025-03-23,2026-08-31,18,False,True,False,False,no_invoices,2,1,0,2356,453524.22,ok
COMP_0468,GROUP_0138,Quimica Herrera S.A.,,EUR,dynamicsAx,2026-04-08,2026-02-19,2026-08-31,7,False,True,True,True,no_invoices,2,2,0,2038,2809456.87,ok
COMP_0469,GROUP_0149,Agricola Cardona S.A.,,CLP,m3Rosetta,2025-01-27,2025-11-25,2026-08-31,10,True,False,False,False,no_debt,2,0,2952,835,652972203,ok
COMP_0470,GROUP_0236,Electro Aranda S.A.,,EUR,,2026-03-02,2026-01-02,2026-08-31,8,False,True,False,False,no_invoices,3,1,0,933,23120646.7,ok
COMP_0471,GROUP_0162,Hermanos Olmedo S.A.,ES,EUR,businessOne,2022-03-01,2024-09-01,2026-08-31,24,True,True,True,True,full,26,25,3366,3483,13581618.37,ok
COMP_0472,GROUP_0044,Distribuciones Yuste S.A.,,EUR,businessCentral,2026-06-19,2026-01-02,2026-08-31,8,True,False,True,False,no_debt,3,0,216,750,2364213.26,ok
COMP_0473,GROUP_0185,Construcciones Herrera S.A.,,EUR,businessCentral,2026-02-27,2025-10-17,2026-08-31,11,True,False,False,False,no_debt,4,0,259,1065,2689939.35,ok
COMP_0474,GROUP_0141,Transportes Beltran y Cia. S.L.,,EUR,businessCentral,2024-05-03,2024-09-01,2026-08-31,24,True,True,True,True,full,2,3,2413,2027,1033738.63,ok
COMP_0475,GROUP_0015,Suministros Navarro y Cia. S.L.,,EUR,,2023-12-26,2024-10-16,2025-06-13,9,False,False,False,False,no_invoices_no_debt,2,0,0,25,0,ok
COMP_0476,GROUP_0111,Agricola Moncayo y Cia. S.L.,,EUR,businessOne,2023-12-22,2024-09-03,2026-08-26,24,True,False,False,False,no_debt,1,0,455,252,433571.88,ok
COMP_0477,GROUP_0232,Quimica Tudela y Cia. S.L.,,USD,sageX3,2025-11-20,2026-01-03,2026-08-31,8,True,True,False,True,full,15,4,3433,1632,27636074.33,ok
COMP_0478,GROUP_0131,Textil Doriga S.A.,,EUR,,2025-07-22,2025-05-30,2026-08-31,16,False,False,True,False,no_invoices_no_debt,4,0,0,1728,787437.18,ok
COMP_0479,GROUP_0170,Logistica Tudela S.A.,,AUD,,2025-06-10,2025-08-11,2026-08-31,13,False,False,False,False,no_invoices_no_debt,1,0,0,9644,4955738.1,ok
COMP_0480,GROUP_0112,Suministros Arga y Cia. S.L.,PT,EUR,businessCentral,2024-06-11,2024-09-02,2026-08-28,24,True,False,False,False,no_debt,8,0,1106,1034,1203292.72,ok
COMP_0481,GROUP_0225,Transportes Jimena y Cia. S.L.,,EUR,,2025-09-18,2024-09-02,2026-08-31,24,False,True,True,False,no_invoices,4,1,0,11097,2351564.1,ok
COMP_0482,GROUP_0211,Quimica Tudela y Cia. S.L.,,EUR,netsuite,2024-12-13,2025-05-20,2026-08-31,16,True,False,False,False,no_debt,1,0,45,112,0,ok
COMP_0483,GROUP_0063,Agricola Moncayo y Cia. S.L.,,EUR,,2025-04-03,2025-02-10,2026-08-31,19,False,True,True,False,no_invoices,5,1,0,538,269145.73,ok
COMP_0484,GROUP_0138,Hermanos Fuentes S.A.,,EUR,dynamicsAx,2026-04-08,2026-02-19,2026-08-31,7,False,True,True,True,no_invoices,4,2,0,1202,1214532.95,ok
COMP_0485,GROUP_0052,Electro Iranzo S.A.,,EUR,netsuite,2025-11-24,2025-12-01,2026-08-31,9,True,False,False,False,no_debt,1,0,68,119,494254.22,ok
COMP_0486,GROUP_0132,Construcciones Ulzama S.A.,,CLP,netsuite,2024-03-15,2024-09-02,2026-08-27,24,True,False,False,False,no_debt,3,0,643,581,81911879.3,ok
COMP_0487,GROUP_0170,Distribuciones Carrion S.A.,,COP,,2025-06-10,2025-08-11,2026-08-31,13,False,False,False,False,no_invoices_no_debt,4,0,0,2031,671367736,ok
COMP_0488,GROUP_0060,Talleres Herrera y Cia. S.L.,,USD,netsuite,2025-11-17,2026-01-21,2026-08-31,8,True,False,False,False,no_debt,1,0,131,319,31187.45,ok
COMP_0489,GROUP_0175,Servicios Gallardo y Cia. S.L.,,DKK,netsuite,2025-09-23,2025-12-30,2026-08-31,9,False,False,False,False,no_invoices_no_debt,2,0,0,26,1867401.52,ok
COMP_0490,GROUP_0138,Comercial Navarro y Cia. S.L.,,EUR,dynamicsAx,2026-04-08,2026-02-19,2026-08-31,7,False,False,False,False,no_invoices_no_debt,2,0,0,180,725422.57,ok
COMP_0491,GROUP_0146,Industrias Olmedo y Cia. S.L.,ES,EUR,sage200,2024-09-23,2024-09-01,2026-08-31,24,True,True,True,True,full,14,16,729,11335,6536168.51,ok
COMP_0492,GROUP_0150,Textil Lacalle y Cia. S.L.,,EUR,sage200,2024-04-24,2024-09-13,2025-10-13,10,True,False,False,False,no_debt,1,0,12,50,0,ok
COMP_0493,GROUP_0126,Logistica Herrera y Cia. S.L.,,EUR,,2024-05-21,2025-10-21,2026-08-31,11,False,False,False,False,no_invoices_no_debt,3,0,0,377,108761.42,ok
COMP_0494,GROUP_0142,Grupo Jimena S.A.,,EUR,,2024-09-10,2024-09-02,2026-08-31,24,True,True,True,False,full,6,2,387,1034,1951071.27,ok
COMP_0495,GROUP_0124,Alimentaria Ribera S.A.,,EUR,distritoK,2025-12-04,2024-12-31,2026-08-31,21,True,True,True,True,full,21,13,429,1713,3734174.39,ok
COMP_0496,GROUP_0137,Servicios Herrera S.A.,,EUR,netsuite,2024-11-11,2024-09-25,2026-08-28,24,True,True,False,False,full,14,1,842,394,72440.03,ok
COMP_0497,GROUP_0185,Talleres Gallardo S.A.,,EUR,businessCentral,2026-02-27,2026-02-03,2026-08-03,7,True,False,False,False,no_debt,2,0,16,20,1161.66,low
COMP_0498,GROUP_0153,Distribuciones Moncayo y Cia. S.L.,,EUR,sage200,2026-02-11,2025-12-31,2026-08-27,9,True,True,True,False,full,2,3,111,123,1000010.76,ok
COMP_0499,GROUP_0241,Construcciones Gallardo y Cia. S.L.,,EUR,businessCentral,2026-05-08,2026-01-05,2026-08-31,8,True,False,False,False,no_debt,4,0,547,675,491754.42,ok
COMP_0500,GROUP_0079,Electro Doriga y Cia. S.L.,,EUR,dynamicsAx,2024-11-28,2024-10-04,2026-08-20,23,True,False,False,False,no_debt,1,0,3019,1341,8584334.57,ok
COMP_0501,GROUP_0138,Hermanos Pinilla y Cia. S.L.,,EUR,dynamicsAx,2026-04-08,2026-02-25,2026-08-31,7,False,False,True,False,no_invoices_no_debt,3,0,0,263,643841.24,ok
COMP_0502,GROUP_0098,Distribuciones Beltran y Cia. S.L.,,EUR,,2026-02-04,2024-09-02,2026-08-21,22,False,False,False,False,no_invoices_no_debt,7,0,0,1147,2008574.28,ok
COMP_0503,GROUP_0134,Construcciones Arga y Cia. S.L.,,EUR,,2025-02-17,2025-01-01,2026-02-04,10,True,False,True,False,no_debt,2,0,206,7009,4542824.44,ok
COMP_0504,GROUP_0013,Transportes Cardona S.A.,,EUR,sageX3,2024-05-23,2024-09-02,2026-08-31,24,True,False,True,False,no_debt,12,0,2189,2201,5054860.63,ok
COMP_0505,GROUP_0092,Suministros Zubiri S.A.,,EUR,,2026-07-02,2024-12-31,2026-08-31,21,False,True,True,True,no_invoices,16,17,0,5710,30242618.7,ok
COMP_0506,GROUP_0217,Agricola Iranzo S.A.,,EUR,businessCentral,2025-04-04,2025-02-03,2026-08-31,19,True,False,False,False,no_debt,1,0,2602,605,27069279.78,ok
COMP_0507,GROUP_0023,Quimica Olmedo S.A.,,EUR,sage200,2025-03-17,2025-01-01,2026-08-31,20,True,False,False,False,no_debt,2,0,66,651,3582942.56,ok
COMP_0508,GROUP_0070,Textil Arga y Cia. S.L.,ES,EUR,businessCentral,2023-03-21,2025-03-21,2026-08-31,18,True,False,True,False,no_debt,4,0,52,235,5251669.24,ok
COMP_0509,GROUP_0055,Logistica Olmedo y Cia. S.L.,,EUR,dynamicsAx,2024-02-16,2024-09-10,2026-08-31,24,True,False,False,False,no_debt,4,0,239,257,137918,low
COMP_0510,GROUP_0079,Alimentaria Herrera y Cia. S.L.,,EUR,dynamicsAx,2024-11-28,2024-12-26,2026-06-12,17,True,False,False,False,no_debt,1,0,42,47,50806.73,ok
COMP_0511,GROUP_0202,Grupo Lacalle y Cia. S.L.,,EUR,businessCentral,2024-10-31,2024-09-01,2026-08-28,24,True,True,True,True,full,9,9,584,1290,12986557.14,low
COMP_0512,GROUP_0217,Talleres Xativa y Cia. S.L.,,EUR,businessCentral,2025-04-04,2025-02-05,2026-08-31,19,True,False,True,False,no_debt,4,0,1504,1535,104945743.71,ok
COMP_0513,GROUP_0142,Servicios Aranda y Cia. S.L.,,EUR,,2024-09-10,2024-09-02,2026-08-31,24,True,False,False,False,no_debt,2,0,107,885,174207.01,ok
COMP_0514,GROUP_0008,Industrias Pinilla S.A.,,EUR,businessCentral,2026-03-31,2026-02-10,2026-08-12,7,True,False,False,False,no_debt,4,0,3,49,1001680,ok
COMP_0515,GROUP_0117,Comercial Quintana S.A.,,EUR,,2025-10-06,2025-08-15,2026-08-31,13,True,True,True,True,full,15,9,4242,9937,113292822.33,ok
COMP_0516,GROUP_0192,Logistica Ebro S.A.,,EUR,,2025-09-29,2025-08-11,2026-08-31,13,False,False,False,False,no_invoices_no_debt,2,0,0,4659,11695315.12,ok
COMP_0517,GROUP_0165,Textil Beltran S.A.,,EUR,,2025-12-18,2024-12-31,2026-08-12,21,False,True,True,True,no_invoices,10,8,0,8804,8038202,low
COMP_0518,GROUP_0101,Quimica Ribera y Cia. S.L.,,EUR,,2024-11-04,2024-09-14,2026-08-31,24,True,False,True,False,no_debt,10,0,2663,5683,1126177.22,ok
COMP_0519,GROUP_0233,Agricola Olmedo y Cia. S.L.,,EUR,,2023-12-27,2024-09-01,2026-08-25,24,True,True,True,True,full,11,15,312,5274,3284137.55,ok
COMP_0520,GROUP_0020,Textil Quintana S.L.U.,,EUR,,2025-06-23,2025-07-14,2026-08-27,13,False,False,False,False,no_invoices_no_debt,1,0,0,102,29015.26,ok
COMP_0521,GROUP_0073,Logistica Lacalle S.L.U.,,USD,businessCentral,2025-04-15,2025-01-02,2026-08-31,20,True,False,False,False,no_debt,7,0,1214,1047,13529750.13,ok
COMP_0522,GROUP_0066,Comercial Beltran S.L.U.,,EUR,businessCentral,2024-04-12,2024-09-02,2026-08-31,24,True,False,True,False,no_debt,3,0,3366,4839,12852245.81,ok
COMP_0523,GROUP_0122,Industrias Valverde S.L.U.,,EUR,netsuite,2026-02-24,2025-12-30,2026-08-31,9,True,True,False,False,full,5,3,1965,1093,11383900.25,ok
COMP_0524,GROUP_0006,Servicios Tudela S.L.,,EUR,,2026-05-07,2026-03-02,2026-08-31,6,False,True,True,False,no_invoices,10,8,0,332,6427275.87,low
COMP_0525,GROUP_0202,Talleres Moncayo S.L.,,EUR,businessCentral,2024-10-31,2024-09-03,2026-08-31,24,True,False,False,False,no_debt,3,0,1130,858,1122019.64,ok
COMP_0526,GROUP_0172,Grupo Valverde S.L.,,EUR,,2025-05-22,2025-03-23,2026-08-31,18,False,False,False,False,no_invoices_no_debt,4,0,0,4322,3763710.22,ok
COMP_0527,GROUP_0108,Alimentaria Beltran S.L.,ES,EUR,businessCentral,2025-07-08,2025-01-20,2026-07-28,17,True,False,True,False,no_debt,3,0,83,145,302741.64,ok
COMP_0528,GROUP_0192,Electro Arga S.L.U.,,CHF,,2025-09-29,2026-01-22,2026-08-31,8,False,False,False,False,no_invoices_no_debt,2,0,0,669,1112478.4,ok
COMP_0529,GROUP_0095,Hermanos Salazar S.L.U.,,EUR,,2025-11-26,2025-07-20,2026-08-28,10,False,False,False,False,no_invoices_no_debt,1,0,0,41,50644.96,ok
COMP_0530,GROUP_0017,Quimica Zubiri S.L.U.,ES,EUR,,2024-06-17,2024-09-02,2026-08-31,24,False,False,False,False,no_invoices_no_debt,1,0,0,736,231272.95,ok
COMP_0531,GROUP_0214,Agricola Cardona S.L.U.,,EUR,navision,2023-05-18,2024-09-02,2026-08-31,24,True,True,True,True,full,5,1,1060,1420,4041298.95,ok
COMP_0532,GROUP_0017,Suministros Jimena S.L.U.,ES,EUR,,2024-07-05,2024-09-02,2026-08-31,24,False,False,False,False,no_invoices_no_debt,2,0,0,263,65311.34,ok
COMP_0533,GROUP_0079,Transportes Valverde S.L.U.,,EUR,dynamicsAx,2024-11-28,2024-12-27,2026-06-10,19,True,False,False,False,no_debt,1,0,345,217,367047.53,ok
COMP_0534,GROUP_0184,Construcciones Gallardo S.L.,ES,EUR,businessCentral,2025-12-29,2025-11-10,2026-08-31,10,True,False,True,False,no_debt,1,0,1171,881,643134.98,ok
COMP_0535,GROUP_0130,Distribuciones Zubiri S.L.,NL,EUR,,2025-11-19,2024-09-02,2026-08-31,24,False,False,False,False,no_invoices_no_debt,2,0,0,3950,12332624.29,low
COMP_0536,GROUP_0039,Hermanos Ebro S.L.,,EUR,businessCentral,2026-04-10,2026-02-17,2026-08-31,7,True,False,False,False,no_debt,3,0,86,108,45268.24,ok
COMP_0537,GROUP_0172,Electro Xativa S.L.,ES,EUR,,2025-09-18,2025-07-21,2026-08-31,14,False,False,False,False,no_invoices_no_debt,1,0,0,856,1190502,ok
COMP_0538,GROUP_0065,Alimentaria Ribera S.L.U.,,EUR,,2024-10-10,2024-09-02,2026-08-31,24,False,True,True,False,no_invoices,9,1,0,724,1802405.03,ok
COMP_0539,GROUP_0187,Grupo Bierzo S.L.U.,,EUR,,2024-02-13,2024-09-12,2026-08-31,24,False,False,False,False,no_invoices_no_debt,5,0,0,321,2522737.84,ok
COMP_0540,GROUP_0048,Logistica Quintana S.A.,,EUR,businessCentral,2026-03-10,2026-01-12,2026-08-31,8,True,True,True,True,full,6,4,1991,5171,19832227.23,ok
COMP_0541,GROUP_0169,Textil Lacalle S.A.,DE,EUR,,2025-09-10,2025-08-04,2026-08-31,13,False,False,False,False,no_invoices_no_debt,2,0,0,976,691973.69,ok
COMP_0542,GROUP_0023,Industrias Olmedo S.A.,,EUR,sage200,2025-03-17,2024-12-31,2026-08-31,21,True,False,False,False,no_debt,12,0,355,2435,61516501.7,ok
COMP_0543,GROUP_0053,Comercial Ebro S.A.,ES,EUR,businessOne,2025-05-21,2025-07-14,2026-08-31,14,True,False,False,False,no_debt,2,0,206,2489,1729308.76,ok
COMP_0544,GROUP_0208,Talleres Lacalle y Cia. S.L.,,EUR,,2025-01-21,2024-12-02,2026-08-31,21,False,True,False,True,no_invoices,11,1,0,4776,89699196.01,ok
COMP_0545,GROUP_0015,Servicios Herrera y Cia. S.L.,,EUR,sage50,2023-11-06,2024-09-02,2026-08-31,24,True,False,False,False,no_debt,3,0,534,419,736469.46,low
COMP_0546,GROUP_0095,Alimentaria Aranda y Cia. S.L.,,EUR,,2025-11-26,2024-12-31,2026-08-27,21,False,False,False,False,no_invoices_no_debt,3,0,0,88,95599.42,ok
COMP_0547,GROUP_0023,Grupo Beltran y Cia. S.L.,,EUR,sage200,2025-03-17,2024-12-31,2026-08-31,21,True,False,False,False,no_debt,2,0,2668,861,3870724.87,ok
COMP_0548,GROUP_0217,Hermanos Ebro S.A.,,EUR,businessCentral,2025-04-04,2025-02-05,2026-08-31,19,True,False,False,False,no_debt,2,0,556,719,48985437.05,low
COMP_0549,GROUP_0065,Electro Fuentes S.A.,,EUR,,2024-10-10,2024-09-03,2026-08-31,24,False,True,True,False,no_invoices,5,2,0,512,1734047.51,ok
COMP_0550,GROUP_0246,Agricola Herrera S.A.,,EUR,businessCentral,2026-04-14,2026-01-01,2026-08-31,8,True,True,True,True,full,4,6,490,234,3055115.06,ok
COMP_0551,GROUP_0184,Quimica Tudela S.A.,,EUR,,2026-03-11,2026-02-27,2026-08-26,7,False,False,False,False,no_invoices_no_debt,1,0,0,101,19299.12,ok
COMP_0552,GROUP_0126,Transportes Xativa S.A.,,EUR,m3Rosetta,2024-05-21,2024-09-02,2026-08-31,24,True,False,False,False,no_debt,3,0,5,1020,595.06,ok
COMP_0553,GROUP_0217,Suministros Ribera S.A.,,EUR,businessCentral,2025-04-04,2025-02-14,2026-08-24,19,True,False,False,False,no_debt,1,0,147,141,480527.36,ok
COMP_0554,GROUP_0184,Distribuciones Gallardo y Cia. S.L.,,EUR,,2026-03-11,2026-01-14,2026-08-31,8,False,False,False,False,no_invoices_no_debt,4,0,0,1597,1895310.75,ok
COMP_0555,GROUP_0106,Construcciones Herrera y Cia. S.L.,ES,EUR,,2025-02-10,2024-09-01,2026-08-29,24,False,True,False,False,no_invoices,5,1,0,347,2927574.5,ok
COMP_0556,GROUP_0237,Electro Navarro y Cia. S.L.,,DKK,,2025-05-27,2025-04-10,2026-08-31,17,True,True,False,True,full,1,2,537,301,28400,ok
COMP_0557,GROUP_0023,Hermanos Jimena y Cia. S.L.,,EUR,,2025-07-04,2025-05-29,2026-07-20,11,False,False,False,False,no_invoices_no_debt,1,0,0,23,257.21,ok
COMP_0558,GROUP_0026,Grupo Arga S.A.,,EUR,businessOne,2026-04-22,2026-02-21,2026-08-31,7,True,False,True,False,no_debt,1,0,233,324,60450.94,ok
COMP_0559,GROUP_0188,Alimentaria Olmedo S.A.,NL,GBP,netsuite,2024-09-02,2025-05-19,2026-08-27,16,True,False,False,False,no_debt,1,0,409,208,59948.31,ok
COMP_0560,GROUP_0097,Hermanos Ulzama S.L.,,EUR,,2025-02-14,2024-12-18,2026-08-31,20,False,True,False,True,no_invoices,9,1,0,945,2072172.38,ok
COMP_0561,GROUP_0063,Electro Pinilla S.L.,,EUR,,2025-04-03,2025-03-25,2026-08-31,18,False,False,False,False,no_invoices_no_debt,2,0,0,206,2859672.46,ok
COMP_0562,GROUP_0218,Construcciones Olmedo S.L.,ES,EUR,businessCentral,2024-02-01,2024-09-01,2026-08-31,24,True,False,False,False,no_debt,5,0,756,1202,801775.7,low
COMP_0563,GROUP_0200,Distribuciones Ebro S.L.,ES,EUR,netsuite,2025-03-05,2025-01-10,2026-08-28,20,True,True,True,False,full,5,2,186,349,3274728.79,ok
COMP_0564,GROUP_0212,Suministros Gallardo S.L.U.,,EUR,,2024-07-10,2024-09-02,2026-08-31,24,False,True,False,True,no_invoices,2,1,0,3144,1381727.46,ok
COMP_0565,GROUP_0018,Transportes Zubiri S.L.U.,,EUR,businessCentral,2025-10-07,2025-09-24,2026-07-03,11,True,False,True,False,no_debt,1,0,23,387,298830.84,ok
COMP_0566,GROUP_0119,Quimica Ribera S.L.U.,,GBP,sageIntacct,2026-03-05,2026-01-08,2026-08-31,8,True,False,True,False,no_debt,4,0,216,847,8467136.56,ok
COMP_0567,GROUP_0194,Agricola Beltran S.L.U.,,EUR,,2025-07-07,2025-05-26,2026-08-31,16,False,True,True,False,no_invoices,2,4,0,1101,1967702.49,ok
COMP_0568,GROUP_0150,Logistica Valverde S.L.,ES,EUR,sage200,2025-03-07,2025-01-13,2026-08-31,20,True,True,True,True,full,11,6,1175,3500,4741716,ok
COMP_0569,GROUP_0094,Textil Salazar S.L.,,EUR,netsuite,2024-11-07,2024-09-09,2026-08-31,24,True,False,True,False,no_debt,10,0,577,3612,5870543.91,ok
COMP_0570,GROUP_0123,Grupo Moncayo S.L.,,EUR,businessCentral,2026-04-07,2026-02-06,2026-08-31,7,True,True,False,False,full,6,1,387,412,1735650.75,ok
COMP_0571,GROUP_0101,Alimentaria Pinilla S.L.,,EUR,,2024-11-04,2024-09-17,2026-08-17,24,True,False,False,False,no_debt,1,0,1,29,0,ok
COMP_0572,GROUP_0064,Servicios Jimena S.L.,,EUR,,2026-03-10,2025-01-01,2026-08-19,20,False,False,False,False,no_invoices_no_debt,1,0,0,42,548.65,ok
COMP_0573,GROUP_0132,Talleres Valverde S.L.,,INR,netsuite,2024-03-15,2024-09-05,2026-08-20,22,True,False,False,False,no_debt,1,0,197,301,2594397,ok
COMP_0574,GROUP_0197,Comercial Carrion S.L.U.,,EUR,businessCentral,2023-10-24,2024-09-01,2026-08-31,24,True,False,False,False,no_debt,3,0,2736,4918,848529.33,ok
COMP_0575,GROUP_0079,Industrias Quintana S.L.U.,,EUR,dynamicsAx,2024-11-28,2024-10-04,2026-08-31,23,True,False,False,False,no_debt,2,0,1564,666,1033372.16,ok
COMP_0576,GROUP_0044,Textil Valverde S.L.U.,,EUR,businessCentral,2026-06-19,2026-01-02,2026-08-31,8,True,True,True,True,full,8,4,3525,2959,76285870.99,ok
COMP_0577,GROUP_0172,Logistica Olmedo S.L.U.,,EUR,,2025-05-22,2025-03-24,2026-08-31,18,False,True,True,True,no_invoices,2,3,0,1693,98741.61,ok
COMP_0578,GROUP_0162,Agricola Ribera S.L.,ES,EUR,businessOne,2022-04-06,2024-09-02,2026-08-31,24,True,True,True,False,full,3,2,337,922,1361931.76,ok
COMP_0579,GROUP_0132,Quimica Fuentes S.L.,,GBP,netsuite,2024-03-15,2024-09-25,2026-07-01,12,True,False,False,False,no_debt,1,0,6,21,39512.66,ok
COMP_0580,GROUP_0008,Industrias Zubiri S.L.U.,,EUR,businessCentral,2026-04-01,2026-02-10,2026-08-31,7,True,False,False,False,no_debt,4,0,1540,443,29757844.15,low
COMP_0581,GROUP_0191,Comercial Carrion S.L.U.,,EUR,,2022-11-11,2024-09-03,2026-08-25,24,False,False,True,False,no_invoices_no_debt,2,0,0,200,29743.16,low
COMP_0582,GROUP_0159,Logistica Olmedo S.L.U.,,EUR,,2022-09-07,2024-09-02,2026-07-28,23,False,False,False,False,no_invoices_no_debt,1,0,0,403,272783.4,ok
COMP_0583,GROUP_0143,Textil Ribera S.L.U.,,EUR,,2024-02-23,2024-09-02,2026-08-31,24,False,True,True,False,no_invoices,2,1,0,779,14497342.36,ok
COMP_0584,GROUP_0117,Alimentaria Cardona S.L.,,EUR,,2025-10-06,2025-08-19,2026-08-31,13,False,False,False,False,no_invoices_no_debt,4,0,0,171,673151.5,ok
COMP_0585,GROUP_0004,Grupo Ulzama S.L.,ES,EUR,netsuite,2023-11-16,2024-09-17,2026-08-20,14,True,False,False,False,no_debt,1,0,32,21,2000,ok
COMP_0586,GROUP_0047,Talleres Valverde S.L.,,EUR,businessCentral,2026-01-28,2026-02-18,2026-08-31,7,True,False,False,False,no_debt,2,0,1053,811,3544412.67,ok
COMP_0587,GROUP_0108,Servicios Fuentes S.L.,,EUR,businessCentral,2024-12-09,2024-12-10,2026-08-10,21,True,False,False,False,no_debt,1,0,31,74,10500,ok
COMP_0588,GROUP_0218,Construcciones Ebro S.L.U.,ES,EUR,businessCentral,2024-02-01,2024-09-01,2026-08-31,24,True,True,True,True,full,3,1,436,887,789705.72,ok
COMP_0589,GROUP_0138,Distribuciones Olmedo S.L.U.,,EUR,dynamicsAx,2026-04-08,2026-02-14,2026-08-31,7,False,False,True,False,no_invoices_no_debt,4,0,0,252,362391.97,ok
COMP_0590,GROUP_0222,Transportes Herrera S.L.U.,,EUR,businessCentral,2025-12-12,2025-10-14,2026-08-31,11,True,False,False,False,no_debt,2,0,683,462,530577.93,ok
COMP_0591,GROUP_0185,Suministros Gallardo S.L.U.,,EUR,businessCentral,2026-02-27,2025-10-13,2026-08-31,11,True,False,False,False,no_debt,6,0,553,1610,10938946.76,ok
COMP_0592,GROUP_0185,Agricola Salazar S.L.U.,,EUR,businessCentral,2026-02-27,2025-10-03,2026-08-31,11,True,False,False,False,no_debt,5,0,595,2321,3984804.12,ok
COMP_0593,GROUP_0053,Quimica Arga S.L.U.,ES,EUR,businessOne,2025-07-29,2025-06-17,2026-08-31,14,True,False,False,False,no_debt,2,0,452,1838,37875097.18,ok
COMP_0594,GROUP_0090,Electro Tudela S.L.,,EUR,businessCentral,2025-04-24,2024-09-01,2026-08-31,24,True,True,True,False,full,3,10,301,769,9822750.21,ok
COMP_0595,GROUP_0065,Hermanos Moncayo S.L.,,EUR,,2024-10-10,2024-09-05,2026-08-31,24,False,False,False,False,no_invoices_no_debt,4,0,0,625,42253066.86,ok
COMP_0596,GROUP_0212,Distribuciones Iranzo S.L.,,EUR,,2024-09-09,2024-09-01,2026-08-21,24,False,True,True,False,no_invoices,3,3,0,287,534344.12,low
COMP_0597,GROUP_0029,Construcciones Jimena S.L.,ES,EUR,ekon,2025-10-28,2025-10-29,2026-08-31,11,True,True,True,True,full,6,24,2453,3508,64217841.02,ok
COMP_0598,GROUP_0200,Servicios Ribera S.L.U.,DE,EUR,netsuite,2025-03-05,2025-01-07,2026-08-31,20,True,True,True,False,full,8,1,942,2658,11061263.1,ok
COMP_0599,GROUP_0018,Talleres Fuentes S.L.U.,,EUR,businessCentral,2025-09-02,2025-07-29,2026-07-03,12,True,False,False,False,no_debt,2,0,17,32,15282.62,ok
COMP_0600,GROUP_0113,Transportes Yuste S.L.,ES,EUR,,2025-03-07,2025-01-09,2026-08-31,20,True,True,False,True,full,5,4,1620,8202,19751845.74,ok
COMP_0601,GROUP_0070,Suministros Quintana S.L.,ES,EUR,businessCentral,2023-03-21,2024-09-03,2026-08-31,24,True,False,False,False,no_debt,8,0,51,290,18749307.96,ok
COMP_0602,GROUP_0103,Agricola Iranzo S.L.,,EUR,,2025-03-13,2025-01-17,2026-08-31,20,False,False,True,False,no_invoices_no_debt,3,0,0,616,6479390.44,ok
COMP_0603,GROUP_0239,Quimica Salazar S.L.,,EUR,,2026-03-11,2026-01-19,2026-08-31,8,False,True,False,True,no_invoices,4,1,0,1222,6251747.86,low
COMP_0604,GROUP_0065,Electro Herrera S.L.U.,,EUR,,2024-10-10,2024-09-01,2026-08-31,24,False,True,True,True,no_invoices,28,7,0,6920,68078525.41,ok
COMP_0605,GROUP_0051,Hermanos Yuste S.L.U.,,GBP,,2025-09-22,2025-08-04,2026-08-31,13,False,False,True,False,no_invoices_no_debt,2,0,0,928,452604.49,ok
COMP_0606,GROUP_0083,Distribuciones Salazar S.L.U.,,USD,,2026-05-08,2025-05-31,2026-02-27,9,True,False,False,False,no_debt,3,0,27,166,0,ok
COMP_0607,GROUP_0023,Construcciones Navarro S.L.U.,,EUR,sage200,2025-03-17,2025-01-01,2026-08-31,20,True,False,False,False,no_debt,2,0,403,510,600332.83,ok
COMP_0608,GROUP_0174,Servicios Olmedo S.L.,,EUR,dynamicsAx,2026-04-24,2026-01-02,2026-08-31,8,True,False,False,False,no_debt,1,0,78,448,2508628.71,ok
COMP_0609,GROUP_0129,Talleres Aranda S.L.,,EUR,businessCentral,2025-04-21,2025-01-10,2026-08-28,20,True,False,True,False,no_debt,2,0,61,116,38966.66,ok
COMP_0610,GROUP_0112,Industrias Yuste S.L.,ES,EUR,businessCentral,2024-06-11,2024-09-01,2026-08-31,24,True,False,False,False,no_debt,4,0,3423,2441,1869479.57,ok
COMP_0611,GROUP_0099,Comercial Herrera S.L.,,EUR,businessOne,2024-06-04,2024-10-26,2026-08-19,14,True,False,False,False,no_debt,5,0,577,12568,857500,ok
COMP_0612,GROUP_0218,Logistica Iranzo S.L.,ES,EUR,businessCentral,2024-02-01,2024-09-01,2026-06-08,22,False,True,True,False,no_invoices,11,1,0,2311,5230533.27,ok
COMP_0613,GROUP_0158,Textil Xativa S.L.,,EUR,,2023-05-02,2024-09-01,2026-08-31,24,False,True,True,False,no_invoices,6,1,0,10306,1592095.74,ok
COMP_0614,GROUP_0218,Alimentaria Quintana S.L.U.,ES,EUR,businessCentral,2024-02-01,2024-09-01,2026-08-26,24,True,False,True,False,no_debt,5,0,703,1175,802051.89,ok
COMP_0615,GROUP_0079,Grupo Lacalle S.L.U.,,EUR,dynamicsAx,2024-11-28,2024-10-24,2026-08-31,23,True,False,True,False,no_debt,2,0,2126,1087,3983307.84,ok
COMP_0616,GROUP_0017,Talleres Xativa S.L.U.,ES,EUR,,2024-06-17,2024-09-01,2026-08-31,24,False,True,True,True,no_invoices,10,2,0,18711,162313136.98,ok
COMP_0617,GROUP_0212,Servicios Iranzo S.L.U.,,MXN,,2025-12-01,2025-11-03,2026-08-26,10,False,False,False,False,no_invoices_no_debt,2,0,0,327,3781237,low
COMP_0618,GROUP_0013,Construcciones Olmedo S.L.,,EUR,sageX3,2024-05-23,2024-09-05,2026-08-28,24,True,False,False,False,no_debt,3,0,710,300,190148.4,ok
COMP_0619,GROUP_0039,Distribuciones Arga S.L.,,EUR,businessCentral,2026-04-10,2026-02-24,2026-08-31,7,True,False,False,False,no_debt,6,0,214,323,183650.06,ok
COMP_0620,GROUP_0082,Servicios Carrion S.A.,ES,EUR,businessCentral,2026-03-16,2025-01-02,2026-08-31,20,True,False,True,False,no_debt,1,0,103,308,1033594.62,ok
COMP_0621,GROUP_0211,Talleres Herrera S.A.,,USD,netsuite,2024-12-13,2025-06-10,2026-08-31,15,True,False,False,False,no_debt,4,0,879,758,4877741.8,ok
COMP_0622,GROUP_0130,Grupo Ebro S.A.,BE,EUR,,2025-11-19,2025-10-23,2026-06-18,9,False,False,False,False,no_invoices_no_debt,3,0,0,1209,726806.47,ok
COMP_0623,GROUP_0063,Alimentaria Beltran S.A.,,EUR,,2024-04-10,2025-02-08,2026-08-31,19,False,True,True,True,no_invoices,19,29,0,12522,35406761.51,ok
COMP_0624,GROUP_0154,Textil Herrera y Cia. S.L.,,EUR,,2023-07-04,2024-09-01,2025-11-17,15,False,True,True,False,no_invoices,3,1,0,8718,290315.11,low
COMP_0625,GROUP_0159,Logistica Tudela y Cia. S.L.,,EUR,,2022-09-07,2024-09-01,2026-05-05,18,False,False,False,False,no_invoices_no_debt,1,0,0,126,4274.91,ok
COMP_0626,GROUP_0070,Comercial Jimena y Cia. S.L.,ES,EUR,,2023-03-21,2024-09-02,2026-08-27,24,False,False,False,False,no_invoices_no_debt,8,0,0,403,159716.98,ok
COMP_0627,GROUP_0115,Industrias Iranzo y Cia. S.L.,,EUR,,2022-11-14,2024-09-01,2026-08-31,24,False,False,True,False,no_invoices_no_debt,9,0,0,11103,6419585.26,low
COMP_0628,GROUP_0013,Transportes Beltran S.A.,,EUR,sageX3,2024-11-20,2024-09-23,2026-08-31,24,True,False,False,False,no_debt,4,0,2823,1346,848039.47,low
COMP_0629,GROUP_0132,Suministros Arga S.A.,,COP,netsuite,2024-03-15,2024-09-02,2026-08-31,24,True,False,False,False,no_debt,2,0,2833,2173,6371048776.97,ok
COMP_0630,GROUP_0247,Construcciones Tudela S.A.,,EUR,,2026-02-13,2025-01-07,2026-08-31,20,False,True,True,True,no_invoices,45,4,0,17996,323828684.07,ok
COMP_0631,GROUP_0222,Distribuciones Duero S.A.,,EUR,businessCentral,2025-01-16,2025-01-03,2026-08-31,20,True,False,False,False,no_debt,2,0,489,602,225453.83,ok
COMP_0632,GROUP_0172,Hermanos Ebro S.A.,,EUR,,2025-05-22,2025-10-22,2026-08-31,11,False,False,False,False,no_invoices_no_debt,1,0,0,571,917924.46,ok
COMP_0633,GROUP_0130,Electro Bierzo S.A.,BE,EUR,,2025-11-19,2025-10-23,2026-06-17,9,False,False,False,False,no_invoices_no_debt,6,0,0,1094,4264920.83,ok
COMP_0634,GROUP_0022,Quimica Duero y Cia. S.L.,,EUR,,2025-11-17,2025-11-27,2026-07-24,9,False,False,True,False,no_invoices_no_debt,3,0,0,865,1504295.89,ok
COMP_0635,GROUP_0127,Agricola Lacalle y Cia. S.L.,,EUR,,2025-09-18,2025-07-28,2026-08-31,14,False,True,True,True,no_invoices,5,2,0,869,5915851.79,ok
COMP_0636,GROUP_0037,Suministros Olmedo y Cia. S.L.,ES,EUR,navision,2024-11-20,2024-09-01,2026-08-31,24,True,False,True,False,no_debt,3,0,1265,5103,1568087.88,ok
COMP_0637,GROUP_0132,Transportes Aranda y Cia. S.L.,,EUR,netsuite,2024-03-15,2024-09-02,2026-08-31,24,True,False,True,False,no_debt,2,0,1336,1862,1615377.87,low
COMP_0638,GROUP_0108,Industrias Fuentes S.A.,,EUR,businessCentral,2024-12-09,2024-10-07,2026-08-31,23,True,False,False,False,no_debt,2,0,589,1175,4900080.72,ok
COMP_0639,GROUP_0115,Comercial Iranzo S.A.,,EUR,,2022-11-14,2024-09-01,2026-08-31,24,False,True,True,True,no_invoices,14,4,0,10768,69164487.1,ok
COMP_0640,GROUP_0022,Talleres Lacalle S.L.U.,,EUR,netsuite,2024-07-29,2024-09-01,2026-08-31,24,True,True,True,True,full,3,1,125,445,4574367.98,ok
COMP_0641,GROUP_0132,Servicios Zubiri S.L.U.,,EUR,netsuite,2024-03-15,2024-09-02,2026-08-31,24,True,False,False,False,no_debt,3,0,347,784,560930.85,ok
COMP_0642,GROUP_0072,Alimentaria Ebro S.L.U.,,EUR,businessCentral,2025-07-21,2025-06-02,2026-08-31,15,True,True,False,False,full,1,3,78,80,336803.18,ok
COMP_0643,GROUP_0008,Grupo Xativa S.L.U.,,EUR,businessCentral,2026-04-01,2026-02-09,2026-08-28,7,True,True,False,False,full,6,1,347,233,322286639.42,ok
COMP_0644,GROUP_0236,Logistica Ulzama S.L.,,EUR,,2026-03-02,2026-01-01,2026-08-31,8,False,False,False,False,no_invoices_no_debt,3,0,0,280,1084646.77,low
COMP_0645,GROUP_0217,Textil Yuste S.L.,,EUR,businessCentral,2025-04-04,2025-02-19,2026-07-24,15,True,False,False,False,no_debt,4,0,120,135,1623617.42,ok
COMP_0646,GROUP_0118,Industrias Xativa S.L.,,EUR,businessCentral,2023-10-05,2024-09-01,2026-08-31,24,True,True,True,False,full,6,1,4337,15539,6442374.61,ok
COMP_0647,GROUP_0126,Comercial Arga S.L.,,EUR,m3Rosetta,2024-05-21,2024-09-02,2026-08-31,24,True,True,False,True,full,3,1,1560,5640,2160605.86,ok
COMP_0648,GROUP_0053,Suministros Jimena S.L.U.,ES,EUR,businessOne,2025-05-21,2025-07-14,2026-08-31,14,True,False,False,False,no_debt,2,0,196,1876,836233.41,ok
COMP_0649,GROUP_0153,Transportes Valverde S.L.U.,,EUR,sage200,2023-08-02,2024-09-02,2026-08-31,24,True,False,False,False,no_debt,3,0,4073,1517,5324078.08,ok
COMP_0650,GROUP_0038,Distribuciones Yuste S.L.U.,,EUR,sageX3,2025-06-05,2025-06-18,2026-07-20,13,True,False,False,False,no_debt,2,0,56,34,39.69,ok
COMP_0651,GROUP_0081,Construcciones Doriga S.L.U.,,EUR,a3,2025-09-09,2025-01-01,2026-08-31,20,True,True,True,False,full,13,1,1970,17837,14298347.17,ok
COMP_0652,GROUP_0222,Electro Valverde S.L.U.,,EUR,businessCentral,2025-01-16,2025-01-03,2026-08-31,20,True,False,False,False,no_debt,2,0,1478,1315,612813.61,ok
COMP_0653,GROUP_0128,Hermanos Olmedo S.L.U.,,EUR,,2025-06-04,2024-09-02,2026-08-31,24,False,True,True,False,no_invoices,5,123,0,1216,12595629.32,ok
COMP_0654,GROUP_0053,Agricola Herrera S.L.,ES,EUR,businessOne,2025-12-02,2025-10-03,2026-08-31,11,True,True,False,True,full,2,1,146,1424,1763119.64,ok
COMP_0655,GROUP_0172,Quimica Tudela S.L.,,EUR,,2025-05-22,2025-03-24,2026-08-31,18,False,False,False,False,no_invoices_no_debt,2,0,0,1495,2238570.05,ok
COMP_0656,GROUP_0087,Transportes Salazar S.L.,,EUR,,2025-10-06,2025-08-28,2026-08-31,13,False,False,True,False,no_invoices_no_debt,8,0,0,3918,28176368.05,ok
COMP_0657,GROUP_0222,Suministros Ribera S.L.,,EUR,businessCentral,2025-01-16,2025-01-03,2026-08-31,20,True,False,False,False,no_debt,2,0,580,719,266407.65,ok
COMP_0658,GROUP_0132,Comercial Salazar S.L.U.,,AED,netsuite,2024-03-15,2024-09-02,2026-08-31,24,True,False,False,False,no_debt,4,0,1520,1679,2779715.31,ok
COMP_0659,GROUP_0035,Industrias Ebro S.L.U.,ES,EUR,businessCentral,2024-03-06,2024-09-01,2026-08-31,24,True,True,True,True,full,6,2,1708,10310,3158476.46,ok
COMP_0660,GROUP_0175,Suministros Tudela y Cia. S.L.,,DKK,netsuite,2025-09-23,2025-12-30,2026-08-31,9,False,False,False,False,no_invoices_no_debt,2,0,0,100,7894500,ok
COMP_0661,GROUP_0222,Transportes Moncayo y Cia. S.L.,,EUR,businessCentral,2025-01-16,2025-01-03,2026-08-31,20,True,False,True,False,no_debt,2,0,3912,2839,1210099.21,ok
COMP_0662,GROUP_0054,Quimica Ribera y Cia. S.L.,,EUR,netsuite,2025-12-03,2025-10-13,2026-08-31,11,True,True,False,True,full,2,1,735,160,679734.96,ok
COMP_0663,GROUP_0143,Agricola Bierzo y Cia. S.L.,,EUR,,2026-02-09,2025-12-12,2026-08-31,9,False,False,False,False,no_invoices_no_debt,1,0,0,466,1085049.91,ok
COMP_0664,GROUP_0058,Hermanos Moncayo S.A.,ES,EUR,businessCentral,2026-02-25,2025-12-29,2026-08-31,9,True,True,True,True,full,6,7,775,1720,1903313.59,ok
COMP_0665,GROUP_0150,Electro Carrion S.A.,,EUR,sage200,2024-10-11,2024-09-09,2026-08-31,24,True,False,True,False,no_debt,8,0,1356,3436,13508602.7,ok
COMP_0666,GROUP_0013,Construcciones Fuentes S.A.,,EUR,sageX3,2024-05-23,2024-10-08,2026-08-28,23,True,False,False,False,no_debt,5,0,667,1748,310424641.1,ok
COMP_0667,GROUP_0068,Distribuciones Aranda S.A.,,EUR,businessCentral,2025-04-23,2025-03-20,2026-08-31,18,True,False,False,False,no_debt,1,0,420,569,1102146.43,ok
COMP_0668,GROUP_0048,Talleres Bierzo y Cia. S.L.,,EUR,businessCentral,2026-03-10,2026-01-15,2026-08-31,8,True,False,False,False,no_debt,1,0,289,446,5965660.31,ok
COMP_0669,GROUP_0007,Servicios Valverde y Cia. S.L.,ES,EUR,,2026-04-27,2026-01-01,2026-08-31,8,False,True,True,False,no_invoices,3,1,0,815,25284869,ok
COMP_0670,GROUP_0101,Comercial Tudela y Cia. S.L.,,EUR,,2024-11-04,2024-09-23,2026-08-31,23,True,False,False,False,no_debt,8,0,155,280,634.41,ok
COMP_0671,GROUP_0250,Industrias Ulzama y Cia. S.L.,,EUR,distritoK,2022-04-22,2024-09-01,2026-08-31,24,True,False,True,False,no_debt,1,0,407,398,413135.05,ok
COMP_0672,GROUP_0184,Textil Ebro y Cia. S.L.,ES,EUR,businessCentral,2025-12-29,2025-11-13,2026-08-05,10,True,False,False,False,no_debt,2,0,9,29,3981.2,ok
COMP_0673,GROUP_0203,Logistica Jimena y Cia. S.L.,,EUR,netsuite,2026-02-19,2025-12-29,2026-08-31,9,True,True,True,False,full,4,3,2328,835,757371.35,ok
COMP_0674,GROUP_0112,Grupo Quintana S.A.,ES,EUR,businessCentral,2024-06-11,2024-09-01,2026-08-31,24,True,False,True,False,no_debt,14,0,2674,2616,14339637.58,ok
COMP_0675,GROUP_0023,Alimentaria Carrion S.A.,,EUR,sage200,2025-03-17,2025-09-06,2026-08-31,12,True,False,True,False,no_debt,3,0,929,951,1201370.38,ok
COMP_0676,GROUP_0104,Servicios Beltran S.A.,ES,EUR,libra,2026-02-27,2026-02-06,2026-08-31,7,True,True,True,True,full,0,1,87,130,217807.06,ok
COMP_0677,GROUP_0138,Talleres Ebro S.A.,,EUR,dynamicsAx,2026-04-08,2026-02-25,2026-08-31,7,False,False,True,False,no_invoices_no_debt,2,0,0,74,5012.62,low
COMP_0678,GROUP_0154,Distribuciones Jimena y Cia. S.L.,,EUR,businessCentral,2023-07-04,2024-09-23,2026-06-26,22,True,False,False,False,no_debt,1,0,15,55,2565.01,ok
COMP_0679,GROUP_0172,Construcciones Iranzo y Cia. S.L.,,EUR,,2025-05-22,2025-03-24,2026-08-31,18,False,False,False,False,no_invoices_no_debt,1,0,0,1115,120951.65,ok
COMP_0680,GROUP_0089,Alimentaria Cardona S.A.,DE,EUR,netsuite,2026-01-09,2025-11-09,2026-08-31,10,True,False,False,False,no_debt,6,0,2098,2102,6956.35,ok
COMP_0681,GROUP_0176,Grupo Moncayo S.A.,ES,EUR,,2022-10-15,2024-09-02,2025-08-06,12,False,False,True,False,no_invoices_no_debt,1,0,0,1213,0,ok
COMP_0682,GROUP_0200,Talleres Arga S.A.,ES,EUR,netsuite,2025-03-05,2025-01-07,2026-08-31,20,True,True,True,False,full,5,2,286,1136,15381213.43,ok
COMP_0683,GROUP_0239,Servicios Olmedo S.A.,,EUR,,2026-03-11,2026-01-19,2026-08-31,8,False,True,False,True,no_invoices,0,5,0,718,9312115.09,ok
COMP_0684,GROUP_0236,Industrias Herrera y Cia. S.L.,,EUR,,2026-03-02,2026-01-02,2026-08-31,8,False,True,False,False,no_invoices,2,1,0,1054,41299553.13,ok
COMP_0685,GROUP_0035,Comercial Tudela y Cia. S.L.,ES,EUR,businessCentral,2024-03-06,2024-09-01,2026-08-31,24,True,True,True,True,full,8,3,2094,13875,4609226.87,ok
COMP_0686,GROUP_0139,Logistica Beltran y Cia. S.L.,ES,EUR,businessCentral,2024-06-24,2024-09-02,2026-08-31,24,True,True,True,True,full,10,26,3510,5888,8344859.06,ok
COMP_0687,GROUP_0212,Textil Ebro y Cia. S.L.,,EUR,,2024-07-10,2024-09-02,2026-08-31,24,False,False,False,False,no_invoices_no_debt,2,0,0,1512,1723992.45,ok
COMP_0688,GROUP_0241,Quimica Bierzo S.A.,,EUR,businessCentral,2026-05-08,2026-01-12,2026-08-31,8,True,False,False,False,no_debt,1,0,81,382,137128.58,ok
COMP_0689,GROUP_0200,Agricola Ebro S.A.,,EUR,netsuite,2025-03-05,2025-01-07,2026-08-31,20,True,False,False,False,no_debt,1,0,1318,2470,538720.66,ok
COMP_0690,GROUP_0009,Electro Carrion S.A.,,USD,,2025-12-05,2025-11-14,2026-08-26,10,False,False,False,False,no_invoices_no_debt,4,0,0,1608,3395704.39,ok
COMP_0691,GROUP_0010,Hermanos Moncayo S.A.,,EUR,datev,2026-07-16,2026-01-02,2026-08-31,8,True,False,False,False,no_debt,3,0,3155,5825,25827267.68,ok
COMP_0692,GROUP_0108,Distribuciones Navarro S.A.,,GBP,businessCentral,2024-12-09,2024-10-28,2026-05-28,20,True,False,True,False,no_debt,9,0,16,89,10000,ok
COMP_0693,GROUP_0116,Construcciones Fuentes S.A.,,EUR,,2024-06-12,2024-09-01,2026-08-31,24,False,False,False,False,no_invoices_no_debt,11,0,0,12793,7663901.07,ok
COMP_0694,GROUP_0162,Transportes Ulzama y Cia. S.L.,FR,EUR,businessOne,2022-04-06,2024-09-02,2026-08-28,24,True,False,False,False,no_debt,2,0,34,432,80351.65,ok
COMP_0695,GROUP_0084,Suministros Gallardo y Cia. S.L.,IT,EUR,netsuite,2024-06-17,2024-09-01,2026-08-31,24,True,False,False,False,no_debt,6,0,1781,3095,3643967.23,ok
COMP_0696,GROUP_0017,Agricola Bierzo y Cia. S.L.,ES,EUR,,2024-06-17,2024-09-02,2026-08-31,24,False,True,True,True,no_invoices,11,9,0,5101,75144204.98,ok
COMP_0697,GROUP_0132,Quimica Ribera y Cia. S.L.,,EUR,netsuite,2024-03-15,2024-09-02,2026-08-31,24,True,True,True,False,full,4,4,4437,4181,6508918.14,ok
COMP_0698,GROUP_0241,Textil Xativa S.A.,,EUR,businessCentral,2026-05-08,2026-01-02,2026-08-31,8,True,False,False,False,no_debt,1,0,98,194,67484.53,low
COMP_0699,GROUP_0158,Logistica Arga S.A.,,EUR,,2023-05-31,2024-09-04,2026-08-31,24,False,False,False,False,no_invoices_no_debt,2,0,0,449,108389.35,ok
COMP_0700,GROUP_0103,Comercial Salazar S.A.,,EUR,,2025-03-13,2025-01-16,2026-08-31,20,False,True,True,True,no_invoices,5,3,0,12656,20636043.88,ok
COMP_0701,GROUP_0211,Industrias Aranda S.A.,,EUR,netsuite,2025-05-25,2025-05-20,2026-08-20,16,True,False,False,False,no_debt,1,0,7,29,30000,ok
COMP_0702,GROUP_0236,Textil Ulzama S.A.,,EUR,,2026-03-02,2026-01-02,2026-08-27,8,False,True,False,False,no_invoices,1,1,0,90,230218.29,ok
COMP_0703,GROUP_0115,Logistica Cardona S.A.,,EUR,,2022-11-14,2024-09-01,2026-08-31,24,False,False,True,False,no_invoices_no_debt,7,0,0,8011,5659112.17,ok
COMP_0704,GROUP_0131,Grupo Arga y Cia. S.L.,,EUR,,2025-07-22,2025-06-04,2026-08-06,13,False,False,False,False,no_invoices_no_debt,1,0,0,21,8536.96,ok
COMP_0705,GROUP_0067,Alimentaria Salazar y Cia. S.L.,,EUR,,2025-10-02,2025-01-01,2026-08-31,20,False,True,True,False,no_invoices,5,1,0,676,1890676.67,ok
COMP_0706,GROUP_0212,Servicios Tudela y Cia. S.L.,,EUR,,2024-07-10,2024-09-02,2026-08-31,24,False,False,False,False,no_invoices_no_debt,3,0,0,1950,7721545.71,ok
COMP_0707,GROUP_0035,Talleres Doriga y Cia. S.L.,ES,EUR,businessCentral,2024-03-06,2024-09-02,2026-08-31,24,True,True,True,True,full,3,2,1456,5185,2232729.23,ok
COMP_0708,GROUP_0196,Distribuciones Carrion S.A.,,EUR,businessCentral,2026-02-19,2025-12-27,2026-08-31,9,True,False,True,False,no_debt,16,0,1436,2523,31150898.87,ok
COMP_0709,GROUP_0040,Construcciones Moncayo S.A.,ES,EUR,ekon,2025-12-19,2025-11-17,2026-08-31,10,True,False,False,False,no_debt,4,0,646,520,3438656.54,low
COMP_0710,GROUP_0146,Suministros Fuentes S.A.,ES,EUR,,2024-09-23,2024-09-02,2026-08-28,24,False,False,True,False,no_invoices_no_debt,3,0,0,1173,97860.62,ok
COMP_0711,GROUP_0219,Transportes Arga S.A.,,EUR,netsuite,2023-06-02,2024-09-01,2026-08-24,24,True,False,False,False,no_debt,2,0,1198,3595,30573.23,ok
COMP_0712,GROUP_0155,Quimica Ulzama S.A.,,EUR,etendo,2023-01-13,2024-09-11,2025-05-29,9,True,False,False,False,no_debt,1,0,21,32,0,ok
COMP_0713,GROUP_0023,Agricola Carrion S.A.,,EUR,sage200,2025-03-17,2024-12-26,2026-08-31,21,True,False,True,False,no_debt,27,0,1218,19156,82904981.82,ok
COMP_0714,GROUP_0172,Hermanos Iranzo y Cia. S.L.,,EUR,,2025-05-22,2025-03-24,2026-08-31,18,False,False,False,False,no_invoices_no_debt,2,0,0,1402,108260.56,low
COMP_0715,GROUP_0177,Electro Fuentes y Cia. S.L.,IT,EUR,,2025-08-25,2025-07-08,2026-01-28,7,False,False,False,False,no_invoices_no_debt,1,0,0,63,25002.24,ok
COMP_0716,GROUP_0178,Construcciones Gallardo y Cia. S.L.,,EUR,,2026-03-11,2026-01-19,2026-08-31,8,False,False,False,False,no_invoices_no_debt,4,0,0,115,2819581.33,ok
COMP_0717,GROUP_0020,Distribuciones Moncayo y Cia. S.L.,,EUR,,2025-06-23,2025-07-14,2026-08-27,14,False,False,False,False,no_invoices_no_debt,1,0,0,29,1918.38,ok
COMP_0718,GROUP_0138,Talleres Cardona S.A.,,EUR,dynamicsAx,2026-04-08,2026-02-25,2026-08-27,7,False,False,False,False,no_invoices_no_debt,1,0,0,86,0,ok
COMP_0719,GROUP_0068,Servicios Ulzama S.A.,,EUR,businessCentral,2025-04-24,2025-03-19,2026-08-31,18,True,False,False,False,no_debt,1,0,468,612,607524.46,ok
COMP_0720,GROUP_0130,Distribuciones Beltran S.L.,NL,EUR,,2025-11-19,2025-09-29,2026-05-25,9,False,False,True,False,no_invoices_no_debt,1,0,0,751,2861223.55,ok
COMP_0721,GROUP_0113,Construcciones Ebro S.L.,,EUR,,2025-03-07,2025-01-12,2026-08-31,20,True,True,True,False,full,8,9,249,1478,2577023.72,ok
COMP_0722,GROUP_0064,Electro Zubiri S.L.,,EUR,,2026-03-10,2025-01-14,2026-08-18,12,False,False,False,False,no_invoices_no_debt,1,0,0,22,60.94,ok
COMP_0723,GROUP_0230,Hermanos Gallardo S.L.,,EUR,r3,2025-10-31,2025-09-10,2026-07-01,10,True,True,False,True,full,7,5,27,130,63620.45,ok
COMP_0724,GROUP_0236,Agricola Aranda S.L.U.,,EUR,,2026-03-02,2026-01-06,2026-08-31,8,False,False,False,False,no_invoices_no_debt,2,0,0,233,643633.49,ok
COMP_0725,GROUP_0222,Quimica Xativa S.L.U.,,EUR,businessCentral,2025-01-16,2025-01-03,2026-08-31,20,True,False,False,False,no_debt,2,0,2792,2290,1264067.1,ok
COMP_0726,GROUP_0055,Transportes Cardona S.L.U.,,EUR,dynamicsAx,2024-02-16,2025-03-25,2026-08-31,6,True,False,False,False,no_debt,2,0,124,40,135524.84,ok
COMP_0727,GROUP_0009,Suministros Doriga S.L.U.,,EUR,,2025-12-05,2025-10-12,2026-08-31,11,False,False,False,False,no_invoices_no_debt,7,0,0,1136,2269465.76,ok
COMP_0728,GROUP_0183,Comercial Carrion S.L.,,USD,businessOne,2026-01-23,2025-11-28,2026-08-31,10,True,False,False,False,no_debt,4,0,952,1282,1651822.85,ok
COMP_0729,GROUP_0018,Industrias Zubiri S.L.,,EUR,businessCentral,2025-09-02,2025-02-17,2025-12-11,7,True,False,False,False,no_debt,1,0,9,58,12,ok
COMP_0730,GROUP_0041,Talleres Salazar S.L.,DE,EUR,,2026-06-17,2025-12-31,2026-08-28,9,False,False,False,False,no_invoices_no_debt,14,0,0,5145,18375649.36,ok
COMP_0731,GROUP_0149,Servicios Arga S.L.,,EUR,m3Rosetta,2026-02-16,2025-12-19,2026-08-31,9,True,False,False,False,no_debt,2,0,1487,885,364701.6,ok
COMP_0732,GROUP_0022,Alimentaria Moncayo S.L.,,EUR,netsuite,2024-07-29,2024-09-01,2026-08-11,24,True,False,False,False,no_debt,3,0,19,133,4009.64,ok
COMP_0733,GROUP_0129,Grupo Pinilla S.L.,,EUR,businessCentral,2025-04-21,2025-01-01,2026-08-07,20,True,False,True,False,no_debt,5,0,45,115,60000,ok
COMP_0734,GROUP_0041,Logistica Ebro S.L.U.,US,USD,,2026-06-17,2025-12-31,2026-07-24,8,False,False,False,False,no_invoices_no_debt,2,0,0,21,5509.46,ok
COMP_0735,GROUP_0200,Textil Beltran S.L.U.,,EUR,netsuite,2025-03-05,2025-02-03,2026-08-07,19,True,False,False,False,no_debt,1,0,2,29,72.4,ok
COMP_0736,GROUP_0184,Industrias Carrion S.L.U.,ES,EUR,,2025-12-29,2025-11-13,2026-08-05,10,False,False,True,False,no_invoices_no_debt,1,0,0,44,2005010.04,ok
COMP_0737,GROUP_0205,Comercial Quintana S.L.U.,,EUR,,2023-11-08,2024-09-01,2026-08-31,24,True,False,False,False,no_debt,2,0,1311,1261,574136.69,ok
COMP_0738,GROUP_0064,Suministros Cardona S.L.,,EUR,,2026-03-10,2025-01-07,2026-08-31,20,False,False,False,False,no_invoices_no_debt,2,0,0,329,2280165.74,ok
COMP_0739,GROUP_0187,Transportes Moncayo S.L.,,EUR,,2024-02-13,2024-09-01,2026-08-31,24,False,False,False,False,no_invoices_no_debt,7,0,0,633,3907805.55,ok
COMP_0740,GROUP_0044,Construcciones Bierzo y Cia. S.L.,,EUR,businessCentral,2026-06-19,2026-01-01,2026-08-31,8,True,False,False,False,no_debt,3,0,90,170,766218.73,ok
COMP_0741,GROUP_0013,Distribuciones Aranda y Cia. S.L.,,EUR,sageX3,2024-05-23,2024-09-02,2026-08-27,24,True,False,False,False,no_debt,1,0,1560,918,913307.05,ok
COMP_0742,GROUP_0047,Hermanos Doriga y Cia. S.L.,,EUR,businessCentral,2026-01-28,2025-12-31,2026-08-31,8,True,True,False,False,full,4,1,253,2256,17682323.94,ok
COMP_0743,GROUP_0033,Electro Pinilla y Cia. S.L.,,EUR,netsuite,2025-09-26,2024-09-02,2026-08-31,24,True,True,True,True,full,15,10,2119,4151,7614766.64,ok
COMP_0744,GROUP_0032,Quimica Valverde S.A.,US,USD,,2026-01-21,2026-02-10,2026-08-31,7,False,False,False,False,no_invoices_no_debt,4,0,0,212,566235.56,ok
COMP_0745,GROUP_0058,Agricola Bierzo S.A.,ES,EUR,businessCentral,2026-02-25,2025-12-29,2026-08-31,9,True,True,True,True,full,6,14,230,1122,1572374.71,ok
COMP_0746,GROUP_0222,Suministros Lacalle S.A.,,EUR,businessCentral,2025-01-16,2025-01-03,2026-08-31,20,True,False,False,False,no_debt,2,0,492,691,264312.13,ok
COMP_0747,GROUP_0172,Transportes Duero S.A.,,EUR,,2025-05-22,2025-03-23,2026-08-31,18,False,True,True,False,no_invoices,5,2,0,5464,11354631.9,ok
COMP_0748,GROUP_0074,Industrias Pinilla y Cia. S.L.,,EUR,,2024-06-24,2024-09-01,2026-08-31,24,False,True,True,True,no_invoices,4,2,0,1875,11415866.64,ok
COMP_0749,GROUP_0243,Comercial Zubiri y Cia. S.L.,,EUR,,2026-04-22,2026-02-26,2026-08-31,7,False,False,False,False,no_invoices_no_debt,2,0,0,298,84242.97,ok
COMP_0750,GROUP_0172,Servicios Bierzo y Cia. S.L.,,EUR,,2025-05-22,2025-03-24,2026-08-31,18,False,True,True,False,no_invoices,2,1,0,2764,1749056.13,ok
COMP_0751,GROUP_0142,Talleres Navarro y Cia. S.L.,,EUR,,2024-09-10,2024-09-27,2026-08-31,24,True,False,False,False,no_debt,3,0,29,1300,165462.33,ok
COMP_0752,GROUP_0236,Grupo Quintana y Cia. S.L.,,EUR,,2026-03-02,2026-01-01,2026-08-31,8,False,False,True,False,no_invoices_no_debt,4,0,0,658,1478839.17,ok
COMP_0753,GROUP_0170,Alimentaria Gallardo y Cia. S.L.,,EUR,,2025-06-10,2025-04-11,2026-08-31,17,False,False,True,False,no_invoices_no_debt,2,0,0,391,515036.86,ok
COMP_0754,GROUP_0211,Textil Iranzo S.A.,,EUR,,2025-07-11,2025-05-20,2026-08-31,16,False,False,False,False,no_invoices_no_debt,10,0,0,4561,92592112.95,ok
COMP_0755,GROUP_0103,Logistica Xativa S.A.,,EUR,,2025-03-13,2025-01-16,2026-08-31,20,False,False,True,False,no_invoices_no_debt,4,0,0,8081,34564125.88,ok
COMP_0756,GROUP_0104,Comercial Tudela S.A.,ES,EUR,libra,2026-03-11,2026-02-05,2026-08-31,7,True,False,True,False,no_debt,10,0,1916,1997,5196480.68,ok
COMP_0757,GROUP_0133,Industrias Herrera S.A.,,EUR,businessCentral,2026-03-19,2026-01-23,2026-08-31,8,True,False,True,False,no_debt,2,0,196,403,37952974.74,ok
COMP_0758,GROUP_0169,Transportes Tudela y Cia. S.L.,NL,EUR,,2025-09-10,2025-07-21,2026-08-31,14,False,False,False,False,no_invoices_no_debt,1,0,0,122,236953,ok
COMP_0759,GROUP_0094,Suministros Moncayo y Cia. S.L.,,USD,netsuite,2024-11-07,2024-12-22,2026-08-31,21,True,False,False,False,no_debt,2,0,240,1445,995355.88,ok
COMP_0760,GROUP_0249,Industrias Beltran S.L.U.,,EUR,,2022-10-10,2024-09-01,2026-08-31,24,False,False,True,False,no_invoices_no_debt,3,0,0,4630,1003912.29,ok
COMP_0761,GROUP_0199,Comercial Valverde S.L.U.,,CHF,,2025-09-10,2025-04-01,2026-08-31,17,False,False,False,False,no_invoices_no_debt,4,0,0,572,132644944.44,ok
COMP_0762,GROUP_0051,Logistica Doriga S.L.U.,,EUR,,2025-09-22,2025-08-04,2026-08-31,13,False,False,False,False,no_invoices_no_debt,2,0,0,1210,584977.24,ok
COMP_0763,GROUP_0095,Textil Yuste S.L.U.,,EUR,,2025-11-26,2025-01-02,2026-08-31,20,False,False,True,False,no_invoices_no_debt,1,0,0,504,78864.15,low
COMP_0764,GROUP_0022,Alimentaria Ribera S.L.,,EUR,netsuite,2024-07-29,2024-09-01,2026-08-07,24,True,True,True,False,full,2,1,102,271,6025865.84,ok
COMP_0765,GROUP_0016,Grupo Xativa S.L.,,NAD,businessOne,2024-12-19,2024-11-05,2026-08-31,22,True,False,False,False,no_debt,2,0,1745,1560,26523960.97,ok
COMP_0766,GROUP_0212,Talleres Carrion S.L.,,EUR,,2024-07-10,2024-09-02,2026-08-31,24,False,False,False,False,no_invoices_no_debt,2,0,0,1922,83799.27,ok
COMP_0767,GROUP_0054,Servicios Zubiri S.L.,,EUR,,2025-12-03,2025-10-06,2026-08-04,11,False,False,False,False,no_invoices_no_debt,1,0,0,230,1197490.27,ok
COMP_0768,GROUP_0127,Construcciones Gallardo S.L.U.,,EUR,,2025-09-18,2025-07-29,2026-08-17,14,False,False,False,False,no_invoices_no_debt,7,0,0,68,107091.27,ok
COMP_0769,GROUP_0114,Distribuciones Zubiri S.L.U.,PT,EUR,,2026-07-13,2025-12-31,2026-08-31,9,False,True,True,True,no_invoices,5,4,0,15039,9550769.92,ok
COMP_0770,GROUP_0082,Transportes Beltran S.L.U.,ES,EUR,businessCentral,2025-04-24,2024-09-03,2026-08-31,24,True,True,True,False,full,1,2,212,490,237771.67,ok
COMP_0771,GROUP_0175,Suministros Arga S.L.U.,,EUR,netsuite,2025-09-23,2025-09-05,2026-06-15,10,False,False,False,False,no_invoices_no_debt,1,0,0,147,189938.53,ok
COMP_0772,GROUP_0023,Agricola Duero S.L.U.,,EUR,sage200,2025-03-17,2024-12-31,2026-08-31,21,True,False,False,False,no_debt,5,0,501,1752,959281.14,ok
COMP_0773,GROUP_0112,Quimica Tudela S.L.U.,,EUR,businessCentral,2024-06-11,2024-09-01,2026-08-31,24,True,False,False,False,no_debt,17,0,3643,12748,26774989.16,ok
COMP_0774,GROUP_0103,Electro Ebro S.L.,,EUR,,2025-03-13,2025-01-20,2026-08-31,20,False,True,True,True,no_invoices,1,4,0,688,530493.75,ok
COMP_0775,GROUP_0211,Hermanos Jimena S.L.,,EUR,netsuite,2025-05-25,2025-05-20,2026-08-31,16,True,False,True,False,no_debt,7,0,765,1071,1372209.42,ok
COMP_0776,GROUP_0158,Distribuciones Cardona S.L.,,EUR,,2023-05-02,2024-09-06,2026-08-05,24,False,False,False,False,no_invoices_no_debt,2,0,0,171,69659.34,ok
COMP_0777,GROUP_0179,Construcciones Duero S.L.,,USD,,2025-10-29,2026-01-02,2026-08-31,8,False,False,False,False,no_invoices_no_debt,3,0,0,555,8505374.36,ok
COMP_0778,GROUP_0238,Servicios Lacalle S.L.U.,ES,EUR,sage200,2023-10-06,2024-09-01,2026-08-31,24,True,False,True,False,no_debt,2,0,2151,1516,6825759.54,ok
COMP_0779,GROUP_0108,Talleres Ulzama S.L.U.,,EUR,businessCentral,2024-12-09,2025-01-03,2026-08-19,20,True,False,False,False,no_debt,1,0,142,172,291856.11,ok
COMP_0780,GROUP_0065,Hermanos Jimena S.L.,,EUR,,2024-10-10,2024-09-01,2026-08-31,24,True,False,False,False,no_debt,5,0,959,3855,467981.94,ok
COMP_0781,GROUP_0170,Electro Iranzo S.L.,,USD,,2025-06-10,2025-08-09,2026-08-31,13,False,False,False,False,no_invoices_no_debt,1,0,0,206,135012.65,ok
COMP_0782,GROUP_0130,Construcciones Doriga S.L.,NL,EUR,,2025-11-13,2024-09-02,2026-08-31,24,False,False,False,False,no_invoices_no_debt,2,0,0,3146,3335094.16,low
COMP_0783,GROUP_0122,Distribuciones Lacalle S.L.,,GBP,netsuite,2026-02-24,2026-01-12,2026-08-29,8,True,False,False,False,no_debt,3,0,393,237,1479011.23,ok
COMP_0784,GROUP_0149,Suministros Navarro S.L.U.,,GBP,m3Rosetta,2026-02-16,2025-12-31,2026-07-20,8,True,False,False,False,no_debt,1,0,13,140,262229.29,ok
COMP_0785,GROUP_0140,Transportes Bierzo S.L.U.,,EUR,,2024-06-18,2024-09-05,2026-08-31,24,False,False,True,False,no_invoices_no_debt,3,0,0,871,2271158.15,ok
COMP_0786,GROUP_0017,Quimica Pinilla S.L.U.,ES,EUR,,2024-06-17,2024-09-01,2026-08-31,24,False,True,True,True,no_invoices,12,1,0,2861,2895926.19,ok
COMP_0787,GROUP_0008,Agricola Duero S.L.U.,,EUR,businessCentral,2026-04-01,2026-02-09,2026-08-28,7,True,False,False,False,no_debt,5,0,92,79,71278173.64,low
COMP_0788,GROUP_0045,Logistica Lacalle S.L.,,EUR,businessCentral,2023-10-25,2024-09-02,2026-08-31,24,True,True,True,True,full,5,5,3547,4488,4005327.14,ok
COMP_0789,GROUP_0115,Textil Quintana S.L.,,EUR,,2022-11-14,2024-09-02,2026-07-20,10,False,False,False,False,no_invoices_no_debt,5,0,0,29,10853.44,ok
COMP_0790,GROUP_0210,Grupo Beltran S.L.,DE,EUR,netsuite,2026-06-24,2024-11-14,2026-08-31,15,True,False,False,False,no_debt,4,0,3192,819,1066356.72,ok
COMP_0791,GROUP_0065,Alimentaria Valverde S.L.,,EUR,,2024-10-10,2024-09-02,2026-08-31,24,False,False,True,False,no_invoices_no_debt,2,0,0,1663,2535768.05,ok
COMP_0792,GROUP_0070,Servicios Moncayo S.L.,,EUR,,2023-03-21,2024-09-04,2026-08-28,24,False,False,False,False,no_invoices_no_debt,13,0,0,1973,12395860.14,ok
COMP_0793,GROUP_0147,Talleres Carrion S.L.,,EUR,sage200,2026-03-10,2026-01-09,2026-08-31,8,True,True,True,True,full,12,7,3718,6496,12970123.03,ok
COMP_0794,GROUP_0035,Comercial Aranda S.L.U.,ES,EUR,businessCentral,2024-03-06,2024-09-14,2026-08-31,23,True,False,True,False,no_debt,4,0,481,3717,2764987.38,ok
COMP_0795,GROUP_0039,Industrias Olmedo S.L.U.,,EUR,businessCentral,2026-04-10,2026-02-17,2026-08-31,7,True,False,True,False,no_debt,4,0,501,684,431880.14,ok
COMP_0796,GROUP_0160,Textil Yuste S.L.U.,ES,EUR,businessCentral,2023-04-14,2024-09-02,2026-08-31,24,True,False,False,False,no_debt,3,0,197,268,1590700.22,ok
COMP_0797,GROUP_0081,Logistica Duero S.L.U.,,EUR,a3,2025-09-09,2025-09-22,2026-08-31,12,True,False,False,False,no_debt,27,0,693,8078,28192103.33,ok
COMP_0798,GROUP_0057,Agricola Carrion S.L.,,EUR,businessOne,2025-09-05,2024-09-02,2026-08-31,24,True,True,True,False,full,19,12,430,2625,1817999.68,ok
COMP_0799,GROUP_0183,Quimica Quintana S.L.,GB,GBP,businessOne,2026-01-20,2025-11-27,2026-08-28,10,True,False,True,False,no_debt,9,0,2172,2897,10200152.04,ok
COMP_0800,GROUP_0149,Quimica Lacalle S.L.U.,,GBP,m3Rosetta,2026-02-16,2025-12-19,2026-07-20,8,True,False,False,False,no_debt,1,0,64,278,247991.16,ok
COMP_0801,GROUP_0023,Agricola Ulzama S.L.U.,,EUR,sage200,2025-03-17,2025-01-01,2026-08-31,20,True,False,False,False,no_debt,5,0,227,707,985674.93,low
COMP_0802,GROUP_0117,Suministros Ebro S.L.U.,,EUR,,2025-10-06,2025-08-18,2026-08-31,13,True,True,True,False,full,10,3,118,936,95291431.64,ok
COMP_0803,GROUP_0231,Transportes Bierzo S.L.U.,ES,EUR,netsuite,2023-10-09,2024-09-01,2026-08-31,24,True,True,True,True,full,30,35,2722,5377,23185002.34,ok
COMP_0804,GROUP_0077,Construcciones Duero S.L.,,BRL,,2026-02-23,2026-01-05,2026-08-21,8,False,False,False,False,no_invoices_no_debt,1,0,0,56,0,ok
COMP_0805,GROUP_0213,Distribuciones Tudela S.L.,,EUR,businessCentral,2025-10-03,2025-08-07,2026-08-31,13,True,False,False,False,no_debt,2,0,50,89,1423926.21,ok
COMP_0806,GROUP_0177,Hermanos Beltran S.L.,ES,EUR,,2025-07-02,2025-06-26,2026-03-31,10,False,True,True,True,no_invoices,8,3,0,1883,10618252.72,ok
COMP_0807,GROUP_0101,Electro Aranda S.L.,,EUR,,2024-11-04,2025-04-11,2026-08-11,17,True,False,False,False,no_debt,4,0,1,33,0,ok
COMP_0808,GROUP_0015,Alimentaria Olmedo S.L.U.,ES,EUR,sage200,2023-11-06,2024-09-02,2026-08-31,24,True,False,True,False,no_debt,8,0,1839,1183,2262822.71,ok
COMP_0809,GROUP_0250,Grupo Ribera S.L.U.,,EUR,distritoK,2022-04-22,2024-09-02,2026-08-03,24,True,False,False,False,no_debt,1,0,220,270,552019.07,ok
COMP_0810,GROUP_0016,Textil Gallardo S.L.U.,ES,EUR,businessOne,2023-09-12,2024-09-02,2026-08-31,24,True,False,False,False,no_debt,2,0,257,373,159465.59,ok
COMP_0811,GROUP_0155,Logistica Ulzama S.L.U.,FR,EUR,etendo,2023-01-13,2024-09-02,2026-08-31,24,True,False,False,False,no_debt,1,0,1538,2605,6174624.04,ok
COMP_0812,GROUP_0160,Comercial Arga S.L.U.,ES,EUR,businessCentral,2023-04-14,2024-09-02,2026-08-31,24,True,True,False,False,full,3,3,4164,2157,503204.44,ok
COMP_0813,GROUP_0155,Industrias Olmedo S.L.U.,,EUR,etendo,2023-01-13,2024-09-04,2026-08-31,24,True,False,True,False,no_debt,6,0,117,1452,18926923.86,ok
COMP_0814,GROUP_0016,Servicios Duero S.L.,ES,EUR,businessOne,2023-09-12,2024-09-01,2026-08-31,24,True,False,False,False,no_debt,1,0,202,303,65514.01,ok
COMP_0815,GROUP_0250,Talleres Lacalle S.L.,,EUR,distritoK,2022-04-22,2024-09-02,2026-08-17,24,True,False,False,False,no_debt,1,0,141,98,60550.15,low
COMP_0816,GROUP_0158,Grupo Fuentes S.L.,,EUR,,2023-05-02,2024-09-02,2026-08-31,24,False,True,True,False,no_invoices,6,9,0,2267,933940.82,low
COMP_0817,GROUP_0070,Alimentaria Iranzo S.L.,ES,EUR,businessCentral,2023-03-21,2024-09-02,2026-08-31,24,True,False,False,False,no_debt,8,0,388,1357,2515227.83,ok
COMP_0818,GROUP_0115,Electro Fuentes S.L.U.,,EUR,,2022-11-14,2024-09-10,2026-08-18,23,False,False,False,False,no_invoices_no_debt,2,0,0,78,0,ok
COMP_0819,GROUP_0250,Hermanos Iranzo S.L.U.,,EUR,distritoK,2022-04-22,2024-09-01,2026-08-31,24,True,True,True,False,full,3,3,2982,1076,9713258.44,ok
COMP_0820,GROUP_0158,Alimentaria Carrion y Cia. S.L.,,EUR,,2023-05-02,2024-09-01,2026-08-31,24,False,False,False,False,no_invoices_no_debt,4,0,0,1514,982521.09,ok
COMP_0821,GROUP_0070,Grupo Ulzama y Cia. S.L.,ES,EUR,businessCentral,2023-03-21,2024-09-02,2026-08-31,24,True,False,True,False,no_debt,4,0,493,2054,14173184.98,ok
COMP_0822,GROUP_0116,Talleres Iranzo y Cia. S.L.,,COP,netsuite,2023-08-17,2025-08-26,2026-08-31,13,False,False,False,False,no_invoices_no_debt,1,0,0,1093,7691967374,ok
COMP_0823,GROUP_0115,Servicios Xativa y Cia. S.L.,,EUR,,2022-11-14,2024-09-01,2026-08-28,24,False,False,True,False,no_invoices_no_debt,4,0,0,207,491631.84,ok
COMP_0824,GROUP_0159,Industrias Doriga S.A.,,EUR,,2022-10-13,2024-09-02,2026-08-31,24,False,True,False,True,no_invoices,2,1,0,3690,17885359.92,ok
COMP_0825,GROUP_0043,Comercial Lacalle S.A.,ES,EUR,,2023-01-25,2024-09-01,2026-08-31,24,False,True,True,True,no_invoices,6,32,0,8264,363883.58,ok
COMP_0826,GROUP_0250,Logistica Salazar S.A.,,EUR,distritoK,2022-04-22,2024-09-02,2026-08-17,24,True,False,False,False,no_debt,1,0,142,96,60550.15,low
COMP_0827,GROUP_0078,Textil Ribera S.A.,,EUR,,2022-12-12,2024-09-07,2026-08-28,24,False,True,True,False,no_invoices,5,2,0,261,878248.5,ok
COMP_0828,GROUP_0016,Quimica Bierzo y Cia. S.L.,,EUR,businessOne,2023-09-12,2024-09-02,2026-08-31,24,True,False,False,False,no_debt,2,0,1288,1324,7650879.68,ok
COMP_0829,GROUP_0153,Agricola Ebro y Cia. S.L.,,EUR,sage200,2023-08-02,2024-09-01,2026-08-31,24,True,True,True,False,full,2,5,2494,1929,2459155.64,low
COMP_0830,GROUP_0016,Electro Gallardo y Cia. S.L.,,EUR,businessOne,2023-09-12,2024-09-02,2026-08-31,24,False,False,False,False,no_invoices_no_debt,2,0,0,1624,2430399.12,ok
COMP_0831,GROUP_0250,Hermanos Ulzama y Cia. S.L.,,EUR,distritoK,2022-04-22,2024-09-03,2026-07-01,23,True,False,False,False,no_debt,1,0,95,157,560568.74,ok
COMP_0832,GROUP_0014,Distribuciones Arga y Cia. S.L.,ES,EUR,holded,2023-02-20,2024-09-01,2026-08-31,24,True,False,True,False,no_debt,13,0,3874,8358,11958275.52,ok
COMP_0833,GROUP_0158,Construcciones Xativa y Cia. S.L.,,EUR,,2023-05-31,2024-09-30,2026-08-31,24,False,False,True,False,no_invoices_no_debt,1,0,0,150,2292.7,ok
COMP_0834,GROUP_0096,Transportes Herrera S.A.,,EUR,netsuite,2023-07-03,2024-09-02,2026-08-18,24,True,False,False,False,no_debt,1,0,139,215,10000,ok
COMP_0835,GROUP_0250,Suministros Carrion S.A.,,EUR,distritoK,2022-04-22,2024-09-02,2026-08-31,24,True,False,False,False,no_debt,1,0,834,488,686121.58,ok
COMP_0836,GROUP_0189,Agricola Salazar S.A.,,GBP,sageX3,2023-05-08,2025-05-07,2026-08-16,16,True,False,False,False,no_debt,3,0,1609,387,227034.47,ok
COMP_0837,GROUP_0070,Quimica Navarro S.A.,ES,EUR,,2023-03-21,2024-09-02,2026-08-31,24,False,False,False,False,no_invoices_no_debt,40,0,0,6238,32145026.63,ok
COMP_0838,GROUP_0250,Textil Jimena y Cia. S.L.,,EUR,distritoK,2022-04-22,2024-09-02,2026-08-17,24,True,False,False,False,no_debt,1,0,143,97,60550.15,ok
COMP_0839,GROUP_0250,Logistica Aranda y Cia. S.L.,,EUR,distritoK,2022-04-22,2024-09-02,2026-08-17,24,True,False,False,False,no_debt,1,0,141,105,60550.15,ok
COMP_0840,GROUP_0248,Grupo Pinilla S.L.,ES,EUR,,2021-11-18,2024-09-02,2025-07-22,11,False,False,False,False,no_invoices_no_debt,3,0,0,1017,0,ok
COMP_0841,GROUP_0005,Alimentaria Duero S.L.,ES,EUR,,2021-11-18,2024-09-02,2026-08-31,24,False,False,True,False,no_invoices_no_debt,2,0,0,4125,719565.15,ok
COMP_0842,GROUP_0053,Servicios Iranzo S.L.,ES,EUR,businessOne,2025-05-21,2025-01-03,2026-08-21,20,True,False,False,False,no_debt,3,0,33,171,511168.07,ok
COMP_0843,GROUP_0218,Talleres Xativa S.L.,ES,EUR,businessCentral,2024-02-01,2024-09-01,2026-08-31,24,True,False,True,False,no_debt,7,0,824,1759,1008613.35,ok
COMP_0844,GROUP_0088,Comercial Ulzama S.L.U.,,EUR,sageX3,2025-02-20,2025-01-31,2026-06-30,14,True,True,True,False,full,3,1,32,79,22783.88,ok
COMP_0845,GROUP_0222,Industrias Gallardo S.L.U.,,EUR,businessCentral,2025-01-16,2025-01-07,2026-08-31,20,True,False,True,False,no_debt,2,0,693,812,337850.36,ok
COMP_0846,GROUP_0141,Textil Fuentes S.L.U.,,EUR,businessCentral,2024-05-03,2024-09-04,2026-08-31,24,True,True,False,True,full,1,1,1447,1287,956211.82,ok
COMP_0847,GROUP_0037,Logistica Arga S.L.U.,ES,EUR,navision,2024-11-20,2024-09-02,2026-08-31,24,True,False,False,False,no_debt,2,0,506,689,621370.5,ok
COMP_0848,GROUP_0126,Agricola Xativa S.L.,,EUR,,2024-05-21,2024-09-03,2026-08-31,24,False,False,False,False,no_invoices_no_debt,8,0,0,4328,7000972.84,ok
COMP_0849,GROUP_0246,Quimica Navarro S.L.,,EUR,businessCentral,2026-04-14,2026-01-01,2026-08-31,8,True,True,True,True,full,4,5,801,4560,17025884.17,ok
COMP_0850,GROUP_0114,Hermanos Cardona S.L.,ES,EUR,,2026-07-13,2026-01-01,2026-08-31,8,False,True,True,True,no_invoices,7,12,0,4134,4814095.12,low
COMP_0851,GROUP_0211,Electro Ulzama S.L.,,USD,netsuite,2025-10-27,2025-12-01,2026-08-31,9,False,False,False,False,no_invoices_no_debt,2,0,0,95,234399.69,ok
COMP_0852,GROUP_0090,Construcciones Ribera S.L.,,EUR,businessCentral,2025-04-24,2024-09-01,2026-08-31,24,True,False,False,False,no_debt,3,0,2727,5720,3893224.51,ok
COMP_0853,GROUP_0001,Distribuciones Xativa S.L.,,JPY,,2026-03-19,2026-01-06,2026-07-31,6,False,False,False,False,no_invoices_no_debt,1,0,0,62,0,ok
COMP_0854,GROUP_0131,Suministros Moncayo S.L.U.,,EUR,sapByd,2023-10-25,2025-05-30,2026-08-31,16,True,False,True,False,no_debt,6,0,1828,3562,7689220.21,ok
COMP_0855,GROUP_0006,Transportes Tudela S.L.U.,,EUR,,2026-05-07,2026-03-02,2026-08-31,6,False,True,True,True,no_invoices,12,14,0,2672,22956752.23,ok
COMP_0856,GROUP_0101,Quimica Salazar S.L.U.,,EUR,,2024-11-04,2024-09-01,2026-08-31,24,True,False,True,False,no_debt,14,0,1391,2424,1608725.93,ok
COMP_0857,GROUP_0097,Agricola Valverde S.L.U.,,EUR,businessCentral,2025-02-14,2025-02-13,2026-05-19,16,True,True,False,True,full,2,1,23,139,22012.84,ok
COMP_0858,GROUP_0048,Logistica Fuentes S.L.,,EUR,businessCentral,2026-03-10,2026-01-20,2026-08-31,8,True,False,True,False,no_debt,2,0,461,814,684731.34,ok
COMP_0859,GROUP_0150,Textil Aranda S.L.,,EUR,,2024-04-24,2024-09-03,2026-08-31,22,False,False,False,False,no_invoices_no_debt,5,0,0,4196,19585699.58,ok
COMP_0860,GROUP_0199,Agricola Yuste S.A.,,XOF,,2025-09-10,2026-01-26,2026-08-31,8,False,False,False,False,no_invoices_no_debt,3,0,0,250,1833164707,ok
COMP_0861,GROUP_0226,Quimica Moncayo S.A.,,EUR,businessCentral,2025-10-07,2025-01-01,2026-08-31,20,True,True,True,False,full,19,9,598,1652,1970879.86,ok
COMP_0862,GROUP_0132,Transportes Navarro S.A.,,EUR,netsuite,2024-03-15,2024-09-02,2026-08-31,24,True,False,True,False,no_debt,2,0,2393,3161,4829419.92,ok
COMP_0863,GROUP_0142,Suministros Bierzo S.A.,,EUR,,2024-11-19,2025-01-08,2026-08-05,19,False,True,False,True,no_invoices,3,1,0,148,720455.97,ok
COMP_0864,GROUP_0218,Distribuciones Ulzama y Cia. S.L.,ES,EUR,businessCentral,2024-02-01,2024-09-01,2026-08-31,24,True,False,False,False,no_debt,12,0,1240,1960,1903553.87,ok
COMP_0865,GROUP_0230,Construcciones Cardona y Cia. S.L.,,EUR,r3,2025-10-31,2025-09-04,2026-08-31,12,True,False,False,False,no_debt,3,0,44,118,184096.45,ok
COMP_0866,GROUP_0102,Electro Beltran y Cia. S.L.,,EUR,businessCentral,2025-01-20,2024-11-29,2026-08-31,22,True,True,True,True,full,3,2,15,234,647793.7,ok
COMP_0867,GROUP_0103,Hermanos Ebro y Cia. S.L.,,EUR,,2025-03-13,2025-01-20,2026-08-06,14,False,False,False,False,no_invoices_no_debt,1,0,0,48,30062.61,ok
COMP_0868,GROUP_0096,Grupo Xativa S.A.,,EUR,netsuite,2023-07-03,2024-09-02,2026-08-31,24,True,True,False,False,full,3,1,1022,872,499759.74,ok
COMP_0869,GROUP_0228,Alimentaria Iranzo S.A.,,EUR,,2025-08-07,2025-01-01,2026-02-07,12,True,False,True,False,no_debt,5,0,1430,4848,8983879.2,ok
COMP_0870,GROUP_0142,Logistica Pinilla S.A.,,EUR,,2024-09-10,2024-09-02,2026-04-29,20,True,True,False,True,full,3,2,350,3951,985889.17,ok
COMP_0871,GROUP_0021,Textil Doriga S.A.,,EUR,a3,2023-11-08,2024-09-12,2026-08-31,24,True,False,False,False,no_debt,1,0,553,151,110300,ok
COMP_0872,GROUP_0236,Industrias Ribera S.A.,,EUR,,2026-03-02,2026-01-01,2026-08-31,8,False,False,False,False,no_invoices_no_debt,8,0,0,456,2836633.3,ok
COMP_0873,GROUP_0023,Comercial Jimena S.A.,,EUR,sage200,2025-03-17,2024-12-31,2026-08-31,21,True,False,False,False,no_debt,4,0,904,1931,8206912.95,ok
COMP_0874,GROUP_0185,Talleres Ulzama y Cia. S.L.,,EUR,businessCentral,2026-02-27,2025-10-14,2026-08-31,11,True,False,False,False,no_debt,2,0,176,781,1763768.18,ok
COMP_0875,GROUP_0141,Servicios Lacalle y Cia. S.L.,,EUR,businessCentral,2024-05-03,2024-09-01,2026-08-31,24,True,True,True,True,full,4,8,3168,4220,6904282.46,ok
COMP_0876,GROUP_0189,Alimentaria Jimena y Cia. S.L.,,EUR,sageX3,2023-12-19,2024-09-03,2026-08-31,24,True,False,True,False,no_debt,1,0,211,349,169777.94,ok
COMP_0877,GROUP_0127,Grupo Iranzo y Cia. S.L.,,EUR,,2025-09-18,2025-07-28,2026-08-31,14,False,True,True,True,no_invoices,15,11,0,8540,21572571.1,ok
COMP_0878,GROUP_0147,Hermanos Bierzo S.A.,,EUR,sage200,2026-03-11,2026-01-12,2026-08-31,8,True,False,True,False,no_debt,3,0,75,934,563239.68,ok
COMP_0879,GROUP_0108,Electro Valverde S.A.,,EUR,businessCentral,2024-12-09,2025-01-06,2026-08-26,19,True,False,False,False,no_debt,5,0,39,81,270000,ok
COMP_0880,GROUP_0218,Servicios Pinilla y Cia. S.L.,US,USD,businessCentral,2025-08-21,2025-08-29,2026-08-31,13,True,False,False,False,no_debt,3,0,1474,2268,443423.31,ok
COMP_0881,GROUP_0071,Talleres Quintana y Cia. S.L.,,EUR,,2025-04-30,2025-03-03,2026-08-31,18,False,False,True,False,no_invoices_no_debt,1,0,0,2329,1430475.94,ok
COMP_0882,GROUP_0101,Grupo Ebro y Cia. S.L.,,EUR,,2024-11-04,2024-09-17,2026-08-17,24,True,False,False,False,no_debt,1,0,2,25,0,ok
COMP_0883,GROUP_0194,Alimentaria Beltran y Cia. S.L.,,EUR,netsuite,2022-10-14,2024-09-02,2026-08-14,21,True,False,True,False,no_debt,1,0,4,193,11175.59,ok
COMP_0884,GROUP_0222,Textil Doriga S.A.,,EUR,businessCentral,2025-01-16,2025-01-07,2026-08-31,20,True,False,False,False,no_debt,2,0,509,681,410181.96,ok
COMP_0885,GROUP_0158,Logistica Lacalle S.A.,,EUR,,2023-05-02,2024-09-01,2026-08-31,24,False,True,True,True,no_invoices,6,2,0,5534,9984462.89,ok
COMP_0886,GROUP_0161,Comercial Bierzo S.A.,ES,EUR,,2022-02-22,2024-09-01,2026-08-31,24,False,False,True,False,no_invoices_no_debt,2,0,0,12948,3203998.11,ok
COMP_0887,GROUP_0048,Industrias Arga S.A.,,EUR,businessCentral,2026-03-10,2026-01-12,2026-08-26,8,True,False,False,False,no_debt,4,0,489,1372,2464004.08,ok
COMP_0888,GROUP_0142,Transportes Bierzo y Cia. S.L.,,EUR,,2024-09-10,2024-09-09,2026-08-31,24,True,True,True,False,full,5,3,156,596,656077.6,ok
COMP_0889,GROUP_0130,Suministros Aranda y Cia. S.L.,NL,EUR,,2025-11-19,2024-09-30,2026-05-15,21,False,False,False,False,no_invoices_no_debt,1,0,0,1806,1486072.3,low
COMP_0890,GROUP_0245,Construcciones Carrion y Cia. S.L.,,EUR,r3,2024-04-08,2024-09-02,2026-08-31,24,True,False,True,False,no_debt,3,0,2576,3621,11200517.53,ok
COMP_0891,GROUP_0081,Distribuciones Moncayo y Cia. S.L.,,EUR,,2025-09-18,2025-08-01,2026-08-31,13,False,True,False,False,no_invoices,3,1,0,297,156216.02,ok
COMP_0892,GROUP_0142,Hermanos Navarro y Cia. S.L.,,EUR,,2024-09-10,2024-09-10,2026-08-31,24,True,True,False,False,full,3,1,32,913,172912.24,ok
COMP_0893,GROUP_0011,Electro Fuentes y Cia. S.L.,,EUR,,2026-01-20,2026-02-26,2026-08-31,7,False,True,False,True,no_invoices,4,6,0,4787,17839340.97,ok
COMP_0894,GROUP_0172,Quimica Doriga S.A.,,EUR,,2025-05-22,2025-03-24,2026-08-31,18,False,False,True,False,no_invoices_no_debt,1,0,0,1236,1543238.08,ok
COMP_0895,GROUP_0016,Agricola Cardona S.A.,ES,EUR,businessOne,2024-01-25,2024-09-01,2026-08-31,24,True,False,False,False,no_debt,4,0,148,462,424950.48,ok
COMP_0896,GROUP_0114,Suministros Olmedo S.A.,ES,EUR,,2026-07-13,2025-12-31,2026-08-31,9,False,True,False,True,no_invoices,5,2,0,1851,3997006.94,ok
COMP_0897,GROUP_0081,Transportes Valverde S.A.,,EUR,a3,2025-09-09,2025-01-01,2026-08-31,20,True,True,True,False,full,9,2,1681,5883,5521804.62,ok
COMP_0898,GROUP_0011,Industrias Bierzo y Cia. S.L.,,EUR,,2026-01-20,2026-02-25,2026-08-31,7,False,True,False,True,no_invoices,6,5,0,4750,14432131.11,ok
COMP_0899,GROUP_0093,Comercial Valverde y Cia. S.L.,,EUR,businessCentral,2025-06-06,2025-06-01,2026-08-31,15,True,True,False,False,full,1,1,83,167,205811.5,ok
COMP_0900,GROUP_0199,Logistica Xativa y Cia. S.L.,,AOA,,2025-09-10,2026-02-09,2026-08-31,7,False,False,True,False,no_invoices_no_debt,7,0,0,1737,553000000,low
COMP_0901,GROUP_0017,Textil Arga y Cia. S.L.,ES,EUR,,2026-04-07,2026-02-06,2026-08-31,7,False,False,True,False,no_invoices_no_debt,5,0,0,391,8762014.81,ok
COMP_0902,GROUP_0217,Industrias Quintana y Cia. S.L.,,EUR,businessCentral,2025-04-04,2025-02-03,2026-08-24,19,True,False,False,False,no_debt,1,0,8,42,151663.92,ok
COMP_0903,GROUP_0079,Comercial Yuste y Cia. S.L.,,EUR,dynamicsAx,2024-11-28,2024-10-04,2026-08-28,22,True,False,False,False,no_debt,2,0,424,637,418957.75,ok
COMP_0904,GROUP_0129,Talleres Navarro S.A.,,EUR,businessCentral,2025-04-21,2025-01-02,2026-08-25,20,True,False,False,False,no_debt,4,0,55,131,163000,ok
COMP_0905,GROUP_0065,Servicios Olmedo S.A.,,EUR,,2024-10-10,2024-09-05,2026-08-25,24,False,False,False,False,no_invoices_no_debt,3,0,0,578,456316.11,ok
COMP_0906,GROUP_0238,Alimentaria Carrion S.A.,ES,EUR,sage200,2026-01-08,2025-11-09,2026-07-06,9,True,True,True,True,full,0,2,27,778,1012674.87,low
COMP_0907,GROUP_0022,Grupo Doriga S.A.,,EUR,netsuite,2024-07-29,2024-09-05,2026-08-21,24,True,True,False,True,full,1,1,25,53,423.33,ok
COMP_0908,GROUP_0022,Hermanos Lacalle y Cia. S.L.,,EUR,netsuite,2024-07-29,2024-09-01,2026-08-31,24,True,False,True,False,no_debt,1,0,1010,1351,911104.69,ok
COMP_0909,GROUP_0220,Electro Herrera y Cia. S.L.,,EUR,navision,2024-03-21,2024-09-01,2026-08-31,24,True,True,True,True,full,65,59,1043,8494,126311802.84,ok
COMP_0910,GROUP_0172,Agricola Salazar y Cia. S.L.,,EUR,,2025-05-22,2025-03-23,2026-08-31,18,False,True,True,False,no_invoices,4,2,0,2220,1387677.64,ok
COMP_0911,GROUP_0172,Quimica Arga y Cia. S.L.,,EUR,,2025-05-22,2025-03-24,2026-08-31,18,False,False,False,False,no_invoices_no_debt,1,0,0,896,623753.85,ok
COMP_0912,GROUP_0185,Transportes Doriga y Cia. S.L.,,EUR,businessCentral,2026-02-27,2025-10-02,2026-08-31,11,True,True,True,True,full,12,1,1028,3883,31341471.31,ok
COMP_0913,GROUP_0108,Suministros Yuste y Cia. S.L.,ES,EUR,businessCentral,2024-12-09,2024-10-16,2026-08-31,23,True,False,False,False,no_debt,2,0,502,789,4892476.55,ok
COMP_0914,GROUP_0244,Distribuciones Aranda S.A.,,EUR,businessCentral,2025-04-04,2025-02-03,2026-08-31,19,True,True,True,False,full,2,1,606,1266,1437376.87,ok
COMP_0915,GROUP_0088,Construcciones Xativa S.A.,,EUR,sageX3,2025-02-20,2025-01-20,2026-08-31,20,True,True,False,False,full,5,4,3565,1646,5028220.32,ok
COMP_0916,GROUP_0150,Electro Gallardo S.A.,,EUR,,2024-04-24,2024-09-30,2025-10-26,14,False,False,False,False,no_invoices_no_debt,4,0,0,157,395388.36,low
COMP_0917,GROUP_0217,Hermanos Moncayo S.A.,,EUR,businessCentral,2025-04-04,2025-02-24,2026-08-24,14,True,False,False,False,no_debt,1,0,32,27,5020500,low
COMP_0918,GROUP_0179,Grupo Yuste y Cia. S.L.,,EUR,,2025-10-29,2025-09-15,2026-08-31,12,False,False,False,False,no_invoices_no_debt,1,0,0,152,10000,ok
COMP_0919,GROUP_0230,Alimentaria Herrera y Cia. S.L.,,EUR,r3,2025-10-28,2025-09-04,2026-08-31,12,True,True,True,True,full,21,28,3595,6160,55939816.19,ok
COMP_0920,GROUP_0122,Hermanos Beltran S.L.U.,,EUR,netsuite,2026-02-24,2026-01-02,2026-08-31,8,True,False,False,False,no_debt,3,0,2181,1761,2221440.68,ok
COMP_0921,GROUP_0183,Electro Ebro S.L.U.,,EUR,businessOne,2026-01-23,2025-11-28,2026-08-29,10,True,False,False,False,no_debt,3,0,250,219,117241.67,ok
COMP_0922,GROUP_0096,Construcciones Quintana S.L.U.,ES,EUR,netsuite,2025-06-02,2025-04-07,2026-08-31,16,True,False,True,False,no_debt,1,0,9,32,150000,ok
COMP_0923,GROUP_0126,Distribuciones Cardona S.L.U.,,EUR,m3Rosetta,2024-05-21,2024-09-02,2026-08-31,24,True,False,False,False,no_debt,1,0,834,2371,44483.98,ok
COMP_0924,GROUP_0065,Suministros Ribera S.L.,,EUR,,2024-10-10,2024-09-01,2026-08-31,24,False,True,True,True,no_invoices,15,7,0,4042,9958062.69,ok
COMP_0925,GROUP_0021,Transportes Beltran S.L.,,EUR,,2023-11-16,2025-12-17,2026-07-31,7,False,False,False,False,no_invoices_no_debt,1,0,0,27,21240,ok
COMP_0926,GROUP_0217,Quimica Yuste S.L.,,EUR,businessCentral,2025-04-04,2025-02-03,2026-08-31,19,True,False,False,False,no_debt,8,0,763,937,47165747.46,ok
COMP_0927,GROUP_0108,Agricola Herrera S.L.,,EUR,businessCentral,2024-12-09,2024-10-07,2026-08-31,23,True,False,True,False,no_debt,6,0,1980,3552,14470741.19,ok
COMP_0928,GROUP_0131,Logistica Carrion S.L.U.,,EUR,,2025-07-22,2025-05-30,2026-08-31,16,False,True,True,True,no_invoices,16,13,0,10890,16736087.88,ok
COMP_0929,GROUP_0067,Textil Herrera S.L.U.,,EUR,,2025-10-02,2025-01-01,2026-08-31,20,False,True,True,True,no_invoices,8,4,0,7223,1681042.79,ok
COMP_0930,GROUP_0246,Grupo Xativa S.L.U.,,EUR,businessCentral,2026-04-14,2026-02-26,2026-08-25,7,True,True,True,True,full,2,1,70,134,97021.37,low
COMP_0931,GROUP_0084,Alimentaria Ribera S.L.U.,PT,EUR,netsuite,2024-06-17,2024-09-01,2026-08-31,24,True,False,True,False,no_debt,4,0,1652,2613,3083910.07,ok
COMP_0932,GROUP_0081,Servicios Herrera S.L.U.,,EUR,a3,2025-09-09,2026-01-15,2026-08-31,8,True,False,False,False,no_debt,1,0,1925,476,516738.28,ok
COMP_0933,GROUP_0152,Talleres Cardona S.L.U.,,GBP,,2025-12-04,2026-02-13,2026-08-28,7,False,False,False,False,no_invoices_no_debt,3,0,0,418,2849000,ok
COMP_0934,GROUP_0184,Comercial Aranda S.L.,ES,EUR,,2025-12-29,2025-11-13,2026-08-31,10,False,False,True,False,no_invoices_no_debt,1,0,0,30,261.93,ok
COMP_0935,GROUP_0018,Industrias Xativa S.L.,,EUR,businessCentral,2025-10-02,2025-09-16,2026-08-31,12,True,True,True,True,full,3,5,3515,1489,4315188.6,low
COMP_0936,GROUP_0046,Textil Gallardo S.L.,,EUR,businessCentral,2025-04-24,2025-06-20,2026-08-31,13,True,False,True,False,no_debt,2,0,92,99,176411.63,ok
COMP_0937,GROUP_0172,Logistica Ulzama S.L.,,EUR,,2025-05-22,2025-03-24,2026-08-31,18,False,False,False,False,no_invoices_no_debt,2,0,0,1875,3817063.03,ok
COMP_0938,GROUP_0050,Agricola Lacalle S.L.U.,,EUR,,2024-01-03,2024-09-03,2025-09-02,13,False,False,False,False,no_invoices_no_debt,1,0,0,723,0,ok
COMP_0939,GROUP_0001,Quimica Duero S.L.U.,,GBP,,2026-03-19,2026-01-23,2026-08-31,8,False,False,False,False,no_invoices_no_debt,6,0,0,2610,53308940.05,ok
COMP_0940,GROUP_0217,Electro Salazar S.A.,,EUR,businessCentral,2025-04-04,2025-02-03,2026-08-31,19,True,False,False,False,no_debt,5,0,710,907,40989795.87,ok
COMP_0941,GROUP_0158,Hermanos Ebro S.A.,,EUR,,2023-05-02,2024-09-01,2026-08-31,24,False,False,True,False,no_invoices_no_debt,3,0,0,2918,390441.08,ok
COMP_0942,GROUP_0016,Distribuciones Duero S.A.,ES,EUR,businessOne,2023-09-12,2024-09-02,2026-08-31,24,True,True,False,False,full,2,7,1295,1080,2715035.8,ok
COMP_0943,GROUP_0173,Construcciones Carrion S.A.,,EUR,businessCentral,2026-01-21,2026-02-16,2026-08-31,7,True,False,False,False,no_debt,1,0,1926,283,1823745.02,low
COMP_0944,GROUP_0104,Transportes Iranzo y Cia. S.L.,ES,EUR,libra,2026-02-27,2026-01-15,2026-08-31,8,True,True,True,False,full,5,2,1656,1617,7801263.7,ok
COMP_0945,GROUP_0162,Suministros Jimena y Cia. S.L.,ES,EUR,businessOne,2022-04-06,2024-09-02,2026-08-31,24,True,False,True,False,no_debt,14,0,1029,1255,2938020.81,ok
COMP_0946,GROUP_0143,Agricola Yuste y Cia. S.L.,,EUR,,2025-09-11,2025-07-31,2026-08-31,14,False,False,False,False,no_invoices_no_debt,7,0,0,1387,3838295.29,ok
COMP_0947,GROUP_0158,Quimica Ulzama y Cia. S.L.,,EUR,,2023-05-02,2024-09-02,2026-08-31,24,False,False,False,False,no_invoices_no_debt,6,0,0,3114,1494767.34,ok
COMP_0948,GROUP_0189,Textil Gallardo S.A.,,EUR,sageX3,2023-05-08,2024-09-02,2026-08-31,24,True,False,False,False,no_debt,1,0,3062,2101,333410.21,ok
COMP_0949,GROUP_0064,Logistica Ulzama S.A.,,EUR,,2026-03-10,2025-04-25,2026-08-18,15,False,False,False,False,no_invoices_no_debt,1,0,0,29,0,ok
COMP_0950,GROUP_0082,Alimentaria Beltran S.A.,ES,EUR,businessCentral,2024-02-05,2024-09-02,2026-08-31,24,True,True,True,True,full,4,10,320,535,92520.97,ok
COMP_0951,GROUP_0218,Grupo Valverde S.A.,ES,EUR,businessCentral,2025-04-24,2024-09-02,2026-08-31,24,True,False,False,False,no_debt,6,0,1406,3131,7787796.52,ok
COMP_0952,GROUP_0103,Talleres Doriga S.A.,,EUR,,2025-03-13,2025-01-16,2026-08-31,20,False,True,True,True,no_invoices,2,1,0,2047,2103743.28,ok
COMP_0953,GROUP_0070,Servicios Pinilla S.A.,,EUR,businessCentral,2025-09-08,2026-03-04,2026-08-31,6,True,False,True,False,no_debt,2,0,36,31,1501296.74,ok
COMP_0954,GROUP_0011,Industrias Navarro y Cia. S.L.,,EUR,,2026-01-20,2026-02-26,2026-08-31,7,False,False,False,False,no_invoices_no_debt,2,0,0,968,2160455.43,ok
COMP_0955,GROUP_0035,Comercial Jimena y Cia. S.L.,ES,EUR,businessCentral,2024-03-06,2024-09-13,2026-08-31,24,True,False,True,False,no_debt,1,0,164,456,212396.69,ok
COMP_0956,GROUP_0166,Logistica Gallardo y Cia. S.L.,,EUR,,2026-04-28,2026-02-28,2026-08-31,7,True,True,True,True,full,34,28,3162,1325,3562559.89,low
COMP_0957,GROUP_0006,Textil Moncayo y Cia. S.L.,,EUR,,2026-05-07,2026-03-02,2026-08-31,6,False,True,False,True,no_invoices,4,5,0,1037,5336605.89,ok
COMP_0958,GROUP_0200,Quimica Lacalle S.A.,ES,EUR,netsuite,2025-03-05,2025-01-05,2026-08-31,20,True,True,False,True,full,11,6,2328,5036,10667464.68,ok
COMP_0959,GROUP_0013,Agricola Moncayo S.A.,,EUR,sageX3,2024-05-23,2024-10-04,2026-08-31,18,True,False,False,False,no_debt,2,0,1586,457,115273.4,ok
COMP_0960,GROUP_0137,Textil Fuentes S.L.,,EUR,netsuite,2024-11-11,2024-09-16,2026-08-31,24,True,False,False,False,no_debt,5,0,71,395,130938.21,ok
COMP_0961,GROUP_0101,Logistica Iranzo S.L.,,EUR,,2024-11-04,2024-11-29,2026-08-27,22,True,False,False,False,no_debt,4,0,129,326,0,ok
COMP_0962,GROUP_0154,Comercial Moncayo S.L.,,EUR,,2023-07-04,2025-08-25,2026-04-20,9,False,False,True,False,no_invoices_no_debt,2,0,0,3052,102935.91,ok
COMP_0963,GROUP_0159,Industrias Yuste S.L.,,EUR,,2022-09-07,2024-09-03,2026-08-31,24,False,False,False,False,no_invoices_no_debt,2,0,0,146,89662.33,ok
COMP_0964,GROUP_0039,Servicios Aranda S.L.U.,,EUR,businessCentral,2026-04-10,2026-02-17,2026-08-31,7,True,False,False,False,no_debt,6,0,659,983,1038906.73,ok
COMP_0965,GROUP_0229,Talleres Fuentes S.L.U.,,EUR,,2026-05-06,2026-05-11,2026-08-31,4,False,True,True,True,no_invoices,4,19,0,1062,29451482.73,ok
COMP_0966,GROUP_0094,Grupo Pinilla S.L.U.,,BRL,netsuite,2024-11-07,2025-01-02,2026-07-22,19,True,False,False,False,no_debt,2,0,530,1853,1440595.12,ok
COMP_0967,GROUP_0142,Alimentaria Duero S.L.U.,,EUR,,2024-09-10,2024-12-09,2026-08-31,21,True,True,False,False,full,3,3,338,958,1192428.45,ok
COMP_0968,GROUP_0129,Electro Gallardo S.L.,,EUR,businessCentral,2025-04-21,2025-03-03,2026-07-29,9,True,False,False,False,no_debt,1,0,68,76,18665.91,ok
COMP_0969,GROUP_0158,Hermanos Ulzama S.L.,,EUR,,2023-05-02,2024-09-01,2026-08-31,24,False,True,True,True,no_invoices,7,6,0,18192,4692101.76,ok
COMP_0970,GROUP_0011,Quimica Olmedo S.L.,,EUR,,2026-01-20,2026-02-25,2026-08-31,7,False,True,False,True,no_invoices,7,5,0,2009,4590993.92,ok
COMP_0971,GROUP_0152,Agricola Iranzo S.L.,,GBP,,2025-12-04,2026-02-13,2026-08-28,7,False,False,False,False,no_invoices_no_debt,2,0,0,209,0,ok
COMP_0972,GROUP_0170,Suministros Quintana S.L.,,EUR,,2025-06-10,2025-08-19,2026-08-31,13,False,False,True,False,no_invoices_no_debt,1,0,0,931,149624.14,ok
COMP_0973,GROUP_0013,Transportes Gallardo S.L.,,EUR,sageX3,2024-05-23,2024-09-02,2026-08-31,24,True,False,True,False,no_debt,2,0,4341,1296,743678,ok
COMP_0974,GROUP_0195,Construcciones Aranda S.L.U.,,EUR,businessCentral,2026-01-09,2025-09-01,2026-08-31,12,True,True,False,True,full,9,5,308,554,3305937.98,ok
COMP_0975,GROUP_0237,Distribuciones Salazar S.L.U.,NL,EUR,netsuite,2025-06-30,2024-09-02,2026-08-31,24,True,True,False,True,full,1,1,833,1150,1143365.75,ok
COMP_0976,GROUP_0149,Hermanos Gallardo S.L.U.,,GBP,m3Rosetta,2026-02-16,2025-12-18,2026-07-20,8,True,False,False,False,no_debt,3,0,562,1079,4599637.62,ok
COMP_0977,GROUP_0080,Electro Zubiri S.L.U.,,EUR,netsuite,2026-01-23,2025-11-24,2026-08-31,10,True,False,False,False,no_debt,2,0,2148,1579,11769483.69,ok
COMP_0978,GROUP_0142,Alimentaria Gallardo S.L.,,EUR,,2024-09-10,2024-09-01,2026-08-31,24,True,True,True,True,full,12,3,331,2244,12752823.37,ok
COMP_0979,GROUP_0018,Grupo Herrera S.L.,,EUR,businessCentral,2025-09-02,2025-01-21,2026-07-04,19,True,False,True,False,no_debt,1,0,34,121,173507.61,ok
COMP_0980,GROUP_0118,Distribuciones Bierzo S.L.U.,,EUR,,2023-10-05,2024-09-07,2026-04-30,20,False,False,False,False,no_invoices_no_debt,2,0,0,545,15000,ok
COMP_0981,GROUP_0118,Construcciones Aranda S.L.U.,,EUR,businessCentral,2023-10-05,2024-09-05,2025-04-07,8,False,False,False,False,no_invoices_no_debt,1,0,0,157,0,ok
COMP_0982,GROUP_0207,Electro Quintana S.L.U.,ES,EUR,,2025-03-10,2025-01-01,2026-08-31,20,False,True,True,True,no_invoices,22,16,0,3267,15482976.23,ok
COMP_0983,GROUP_0118,Hermanos Cardona S.L.U.,,EUR,businessCentral,2023-10-05,2024-09-01,2026-08-31,24,False,False,True,False,no_invoices_no_debt,6,0,0,6866,3258671.63,ok
COMP_0984,GROUP_0218,Agricola Ebro S.L.,,EUR,businessCentral,2025-04-24,2024-09-01,2026-08-03,24,True,False,True,False,no_debt,6,0,204,631,864379.08,ok
COMP_0985,GROUP_0141,Quimica Beltran S.L.,,EUR,businessCentral,2024-05-03,2024-09-02,2026-08-31,24,True,True,True,True,full,2,1,2047,1843,1528621.67,ok
COMP_0986,GROUP_0044,Transportes Yuste S.L.,,EUR,businessCentral,2026-06-19,2026-01-01,2026-08-29,8,True,False,True,False,no_debt,1,0,744,443,0,ok
COMP_0987,GROUP_0035,Suministros Doriga S.L.,,EUR,businessCentral,2024-03-06,2024-09-01,2026-08-31,24,True,True,True,True,full,4,1,1794,1122,1286058.31,ok
COMP_0988,GROUP_0236,Comercial Gallardo S.L.U.,,EUR,,2026-03-02,2025-12-12,2026-08-31,9,False,True,True,True,no_invoices,28,15,0,4207,46167394.36,ok
COMP_0989,GROUP_0038,Industrias Doriga S.L.U.,,EUR,sageX3,2025-06-05,2025-05-29,2026-08-31,16,True,False,False,False,no_debt,2,0,99,46,358927.37,ok
COMP_0990,GROUP_0211,Talleres Olmedo S.L.U.,,USD,netsuite,2025-10-27,2025-11-18,2026-08-31,10,True,False,False,False,no_debt,2,0,568,339,7265093.66,ok
COMP_0991,GROUP_0127,Servicios Valverde S.L.U.,,EUR,,2025-09-24,2025-08-18,2026-08-11,13,False,True,False,True,no_invoices,1,1,0,51,70500,ok
COMP_0992,GROUP_0185,Alimentaria Moncayo S.L.U.,,EUR,businessCentral,2026-02-27,2025-10-14,2026-08-31,11,True,False,False,False,no_debt,3,0,83,268,3526942.61,ok
COMP_0993,GROUP_0226,Grupo Pinilla S.L.U.,,EUR,businessCentral,2025-10-07,2025-01-01,2026-08-31,20,True,True,True,True,full,11,6,3925,3572,3001258.56,low
COMP_0994,GROUP_0037,Logistica Ribera S.L.,ES,EUR,navision,2024-11-20,2024-09-02,2026-08-31,24,True,True,True,False,full,9,4,229,633,53102309.07,ok
COMP_0995,GROUP_0113,Textil Fuentes S.L.,,EUR,,2025-03-07,2025-01-09,2026-08-31,20,True,True,False,True,full,6,4,949,6800,21538894.82,low
COMP_0996,GROUP_0203,Industrias Lacalle S.L.,,EUR,netsuite,2026-02-19,2025-12-31,2026-08-31,9,True,False,False,False,no_debt,2,0,1200,995,537587.12,ok
COMP_0997,GROUP_0117,Comercial Ulzama S.L.,,EUR,,2025-10-06,2025-08-15,2026-08-31,13,True,False,False,False,no_debt,2,0,29,161,629442,ok
COMP_0998,GROUP_0192,Suministros Cardona S.L.U.,,EUR,,2025-09-29,2025-08-11,2026-08-31,13,False,False,False,False,no_invoices_no_debt,2,0,0,4636,13123700.47,low
COMP_0999,GROUP_0222,Transportes Duero S.L.U.,,EUR,businessCentral,2025-01-16,2025-01-03,2026-08-31,20,True,False,True,False,no_debt,2,0,2832,1803,1485894.83,ok
COMP_1000,GROUP_0105,Comercial Doriga S.A.,,EUR,,2026-02-17,2025-09-01,2026-03-31,7,True,False,False,False,no_debt,1,0,284,808,6977989.15,ok
COMP_1001,GROUP_0143,Industrias Carrion S.A.,,EUR,businessCentral,2024-02-22,2024-09-02,2026-08-31,24,False,True,True,True,no_invoices,3,3,0,11891,9638595.73,low
COMP_1002,GROUP_0185,Textil Xativa S.A.,,EUR,businessCentral,2026-02-27,2025-10-17,2026-08-31,11,True,True,False,True,full,1,1,85,259,5477195.23,ok
COMP_1003,GROUP_0132,Logistica Arga S.A.,,MXN,netsuite,2024-03-15,2024-09-02,2026-08-31,24,True,False,False,False,no_debt,3,0,2990,3103,44627355.11,low
COMP_1004,GROUP_0109,Grupo Cardona y Cia. S.L.,,USD,netsuite,2024-06-21,2024-09-02,2026-01-09,17,True,False,False,False,no_debt,4,0,3338,4458,537882.93,ok
COMP_1005,GROUP_0172,Alimentaria Moncayo y Cia. S.L.,,EUR,,2025-05-22,2025-03-23,2026-08-31,18,False,True,True,False,no_invoices,3,4,0,6634,6121432.99,ok
COMP_1006,GROUP_0163,Servicios Aranda y Cia. S.L.,,EUR,navision,2024-02-13,2024-09-01,2026-08-31,24,True,False,False,False,no_debt,16,0,1663,4099,14569928.61,ok
COMP_1007,GROUP_0159,Talleres Salazar y Cia. S.L.,,EUR,,2022-07-18,2024-09-02,2026-08-31,24,False,True,True,True,no_invoices,4,3,0,791,6743158.75,ok
COMP_1008,GROUP_0220,Distribuciones Ebro S.A.,,EUR,navision,2025-02-10,2024-09-02,2026-08-31,24,True,True,False,False,full,10,2,128,1702,19919496.74,ok
COMP_1009,GROUP_0059,Construcciones Olmedo S.A.,,EUR,businessCentral,2025-03-03,2025-02-26,2026-08-05,14,True,False,False,False,no_debt,2,0,30,32,436158.84,ok
COMP_1010,GROUP_0138,Suministros Zubiri S.A.,,EUR,dynamicsAx,2026-04-08,2026-02-19,2026-08-31,7,False,False,False,False,no_invoices_no_debt,3,0,0,1771,2464412.8,ok
COMP_1011,GROUP_0155,Transportes Lacalle S.A.,,EUR,etendo,2024-08-29,2024-10-17,2026-08-28,23,True,False,False,False,no_debt,2,0,482,379,55746.49,ok
COMP_1012,GROUP_0032,Quimica Jimena S.A.,,EUR,,2026-01-21,2025-11-24,2026-08-31,10,False,True,True,True,no_invoices,13,10,0,1738,3019561.1,ok
COMP_1013,GROUP_0108,Agricola Navarro S.A.,ES,EUR,businessCentral,2024-12-09,2024-10-16,2026-08-31,23,True,False,True,False,no_debt,3,0,477,857,5484571.3,ok
COMP_1014,GROUP_0132,Hermanos Gallardo y Cia. S.L.,,AUD,,2025-02-28,2025-01-02,2026-08-28,20,False,False,True,False,no_invoices_no_debt,3,0,0,993,1584195.14,ok
COMP_1015,GROUP_0132,Electro Moncayo y Cia. S.L.,,USD,,2024-09-12,2024-10-28,2026-08-28,23,False,False,False,False,no_invoices_no_debt,4,0,0,1078,236045.17,ok
COMP_1016,GROUP_0069,Construcciones Valverde y Cia. S.L.,,EUR,businessCentral,2026-03-10,2026-01-19,2026-08-31,8,True,True,False,True,full,39,2,1919,2884,4233285.87,ok
COMP_1017,GROUP_0108,Distribuciones Salazar y Cia. S.L.,ES,EUR,businessCentral,2025-07-08,2025-04-02,2026-08-31,16,True,False,False,False,no_debt,2,0,638,600,10237710.64,low
COMP_1018,GROUP_0060,Talleres Aranda S.A.,,USD,netsuite,2025-11-17,2025-10-09,2026-08-31,11,True,False,False,False,no_debt,4,0,1641,730,2030103.37,ok
COMP_1019,GROUP_0118,Servicios Xativa S.A.,,EUR,businessCentral,2026-03-16,2024-09-02,2026-08-31,24,True,False,False,False,no_debt,4,0,769,3779,2189327.21,ok
COMP_1020,GROUP_0195,Distribuciones Doriga S.L.,,EUR,businessCentral,2026-01-09,2025-09-01,2026-08-31,12,True,False,False,False,no_debt,3,0,897,658,425880.69,ok
COMP_1021,GROUP_0236,Construcciones Yuste S.L.,,EUR,,2026-03-02,2025-12-31,2026-08-31,9,False,False,False,False,no_invoices_no_debt,2,0,0,481,269125.57,ok
COMP_1022,GROUP_0126,Electro Salazar S.L.,,MXN,m3Rosetta,2024-05-21,2024-09-02,2026-08-31,24,True,False,False,False,no_debt,1,0,459,2783,21437153.86,ok
COMP_1023,GROUP_0119,Hermanos Ebro S.L.,,NOK,,2026-03-05,2026-01-08,2026-08-31,8,False,False,False,False,no_invoices_no_debt,6,0,0,550,7158774.69,ok
COMP_1024,GROUP_0226,Agricola Carrion S.L.U.,,EUR,businessCentral,2025-10-07,2025-01-01,2026-08-31,20,True,True,True,True,full,7,4,1218,4179,1364929.26,ok
COMP_1025,GROUP_0032,Quimica Ulzama S.L.U.,,EUR,,2026-01-21,2025-11-24,2026-08-31,10,False,True,True,True,no_invoices,8,4,0,2013,3648265.62,ok
COMP_1026,GROUP_0186,Transportes Arga S.L.U.,,EUR,businessCentral,2026-04-20,2026-02-25,2026-08-26,7,True,True,True,False,full,4,1,71,70,1857641.94,ok
COMP_1027,GROUP_0095,Suministros Salazar S.L.U.,,EUR,,2025-11-26,2024-12-31,2026-08-31,21,False,True,True,False,no_invoices,4,1,0,431,48515.8,ok
COMP_1028,GROUP_0069,Comercial Valverde S.L.,,EUR,businessCentral,2026-03-10,2026-01-19,2026-08-31,8,True,True,False,True,full,11,2,238,490,485575.23,ok
COMP_1029,GROUP_0016,Industrias Bierzo S.L.,ES,EUR,businessOne,2024-05-20,2024-09-02,2026-08-25,24,True,False,True,False,no_debt,3,0,110,246,481954.45,ok
COMP_1030,GROUP_0108,Talleres Zubiri S.L.,ES,EUR,businessCentral,2025-07-08,2025-04-02,2026-08-31,16,True,False,False,False,no_debt,2,0,326,306,1287952.84,ok
COMP_1031,GROUP_0187,Servicios Lacalle S.L.,,EUR,,2026-05-15,2025-01-01,2026-08-31,20,False,False,False,False,no_invoices_no_debt,1,0,0,1734,724212.58,ok
COMP_1032,GROUP_0023,Alimentaria Salazar S.L.,,EUR,sage200,2025-03-17,2025-01-01,2026-07-23,15,True,False,False,False,no_debt,1,0,4,71,2924.42,ok
COMP_1033,GROUP_0142,Grupo Navarro S.L.,,EUR,,2024-09-10,2024-09-04,2026-08-25,24,True,False,False,False,no_debt,2,0,102,447,358937.53,ok
COMP_1034,GROUP_0128,Logistica Lacalle S.L.U.,,EUR,,2026-01-27,2026-01-30,2026-08-31,8,False,False,False,False,no_invoices_no_debt,2,0,0,1100,13994759.1,ok
COMP_1035,GROUP_0148,Textil Doriga S.L.U.,,EUR,businessCentral,2025-04-01,2025-01-01,2026-08-31,20,True,True,True,True,full,15,2,1797,7485,3380444.96,ok
COMP_1036,GROUP_0121,Industrias Iranzo S.L.U.,,EUR,,2026-07-12,2026-05-14,2026-08-31,4,False,True,True,True,no_invoices,27,42,0,4430,90989850.8,ok
COMP_1037,GROUP_0081,Comercial Olmedo S.L.U.,,EUR,a3,2025-09-09,2025-01-01,2026-08-31,20,True,True,True,True,full,15,5,3008,16383,11880528.04,ok
COMP_1038,GROUP_0018,Suministros Navarro S.L.,,EUR,businessCentral,2025-09-02,2025-01-01,2026-08-31,20,True,True,True,True,full,23,34,449,1793,4218483.67,ok
COMP_1039,GROUP_0146,Transportes Bierzo S.L.,ES,EUR,,2024-09-23,2024-09-02,2026-08-31,24,False,True,True,True,no_invoices,5,4,0,1194,1292124.7,ok
COMP_1040,GROUP_0056,Construcciones Moncayo y Cia. S.L.,ES,EUR,sage200,2025-11-05,2025-09-09,2026-08-31,12,True,False,False,False,no_debt,2,0,42,213,332520.62,ok
COMP_1041,GROUP_0007,Distribuciones Yuste y Cia. S.L.,,EUR,,2026-04-27,2026-01-01,2026-08-18,8,False,False,True,False,no_invoices_no_debt,2,0,0,83,4416345.94,ok
COMP_1042,GROUP_0012,Hermanos Jimena y Cia. S.L.,,EUR,,2023-10-13,2024-09-01,2026-06-02,10,True,False,False,False,no_debt,5,0,869,130,7700,ok
COMP_1043,GROUP_0047,Electro Iranzo y Cia. S.L.,,EUR,businessCentral,2026-01-28,2025-12-22,2026-08-31,9,True,False,False,False,no_debt,3,0,1180,1043,2399611957.97,ok
COMP_1044,GROUP_0076,Quimica Cardona S.A.,,EUR,,2026-04-13,2026-02-14,2026-08-31,7,False,False,True,False,no_invoices_no_debt,9,0,0,5922,33854768.7,ok
COMP_1045,GROUP_0141,Agricola Doriga S.A.,,EUR,businessCentral,2024-05-03,2024-09-02,2026-08-31,24,True,True,True,True,full,2,1,1772,3430,851034,ok
COMP_1046,GROUP_0079,Suministros Aranda S.A.,,EUR,dynamicsAx,2024-11-28,2024-10-08,2025-12-11,15,True,True,True,True,full,5,7,4326,1483,7517238.94,ok
COMP_1047,GROUP_0092,Transportes Beltran S.A.,,EUR,,2026-07-02,2025-01-20,2026-08-31,20,False,True,True,False,no_invoices,4,1,0,388,2964538.2,ok
COMP_1048,GROUP_0067,Industrias Ebro y Cia. S.L.,,EUR,,2025-10-02,2025-01-01,2026-08-31,20,False,True,True,False,no_invoices,9,1,0,11347,8791459.39,ok
COMP_1049,GROUP_0025,Comercial Olmedo y Cia. S.L.,,EUR,dynamicsAx,2026-03-09,2026-01-08,2026-08-31,8,True,True,True,True,full,13,6,2924,4070,10532162.35,low
COMP_1050,GROUP_0047,Servicios Doriga y Cia. S.L.,,EUR,businessCentral,2026-03-30,2026-02-26,2026-08-31,7,True,False,False,False,no_debt,2,0,1353,365,12991805.65,ok
COMP_1051,GROUP_0095,Talleres Yuste y Cia. S.L.,,EUR,,2025-11-26,2024-12-31,2026-07-31,18,False,False,False,False,no_invoices_no_debt,2,0,0,43,14213.94,ok
COMP_1052,GROUP_0222,Grupo Fuentes y Cia. S.L.,,EUR,businessCentral,2025-01-16,2025-01-07,2026-08-31,20,True,False,False,False,no_debt,2,0,602,698,1200236.45,ok
COMP_1053,GROUP_0002,Alimentaria Arga y Cia. S.L.,,EUR,,2026-07-03,2026-05-07,2026-08-31,4,False,True,True,True,no_invoices,24,26,0,14264,105895232.33,low
COMP_1054,GROUP_0159,Textil Yuste S.A.,,EUR,,2022-09-07,2024-09-05,2026-08-03,21,False,False,False,False,no_invoices_no_debt,1,0,0,77,708.88,ok
COMP_1055,GROUP_0087,Logistica Quintana S.A.,,EUR,,2025-10-06,2025-08-28,2026-08-31,13,False,False,False,False,no_invoices_no_debt,2,0,0,164,473022,ok
COMP_1056,GROUP_0152,Comercial Ebro S.A.,,GBP,,2025-12-04,2026-02-10,2026-08-31,7,False,False,False,False,no_invoices_no_debt,12,0,0,1210,8116501.53,ok
COMP_1057,GROUP_0218,Industrias Olmedo S.A.,ES,USD,businessCentral,2025-09-09,2025-07-14,2026-08-31,14,True,False,False,False,no_debt,4,0,186,1032,269029.89,ok
COMP_1058,GROUP_0124,Transportes Navarro y Cia. S.L.,,EUR,,2025-12-04,2025-01-01,2026-08-31,20,True,False,True,False,no_debt,2,0,324,463,162335.68,ok
COMP_1059,GROUP_0131,Suministros Jimena y Cia. S.L.,,EUR,,2025-07-22,2025-05-30,2026-08-31,16,False,True,True,False,no_invoices,5,1,0,2351,9819881.3,ok
COMP_1060,GROUP_0138,Industrias Duero S.L.U.,,EUR,dynamicsAx,2026-04-08,2026-02-17,2026-08-31,7,False,False,True,False,no_invoices_no_debt,9,0,0,646,3253303.77,ok
COMP_1061,GROUP_0111,Comercial Pinilla S.L.U.,,EUR,businessOne,2023-12-22,2024-09-03,2026-08-31,24,True,False,False,False,no_debt,2,0,1228,812,434018.55,ok
COMP_1062,GROUP_0048,Logistica Bierzo S.L.U.,,EUR,businessCentral,2026-03-10,2026-01-23,2026-08-25,8,True,False,False,False,no_debt,1,0,192,221,377218.63,ok
COMP_1063,GROUP_0222,Textil Aranda S.L.U.,,EUR,businessCentral,2025-01-16,2025-01-03,2026-08-31,20,True,False,False,False,no_debt,2,0,3473,2382,1940607.8,ok
COMP_1064,GROUP_0056,Alimentaria Tudela S.L.,,EUR,sage200,2025-04-08,2025-03-18,2026-08-31,18,True,False,True,False,no_debt,5,0,615,555,971763.62,ok
COMP_1065,GROUP_0215,Grupo Doriga S.L.,,EUR,,2026-01-07,2025-03-10,2026-05-22,5,True,True,False,False,full,1,1,182,93,43676.7,ok
COMP_1066,GROUP_0051,Talleres Arga S.L.,,EUR,,2025-09-22,2025-07-25,2026-08-31,14,False,True,True,True,no_invoices,7,16,0,15089,13882341.15,ok
COMP_1067,GROUP_0211,Servicios Bierzo S.L.,,AUD,netsuite,2025-06-07,2025-06-10,2026-08-31,15,True,False,True,False,no_debt,17,0,2885,9114,29700270.33,ok
COMP_1068,GROUP_0209,Construcciones Navarro S.L.U.,,GBP,,2026-02-05,2026-02-03,2026-02-19,1,False,True,False,True,no_invoices,11,15,0,12,1400,ok
COMP_1069,GROUP_0155,Distribuciones Bierzo S.L.U.,,EUR,etendo,2023-01-13,2024-09-01,2026-08-31,23,True,False,True,False,no_debt,2,0,162,446,793759.65,ok
COMP_1070,GROUP_0031,Transportes Ulzama S.L.U.,,EUR,sage200,2025-01-24,2025-03-24,2026-08-31,18,True,True,True,True,full,5,13,2003,1990,2199561.51,ok
COMP_1071,GROUP_0164,Suministros Yuste S.L.U.,,GBP,netsuite,2026-01-22,2025-12-29,2026-08-19,9,True,False,False,False,no_debt,6,0,16,152,122542.43,ok
COMP_1072,GROUP_0081,Agricola Fuentes S.L.U.,,EUR,a3,2025-09-09,2025-01-01,2026-08-31,20,True,True,True,True,full,16,3,3384,15352,12379093.05,ok
COMP_1073,GROUP_0142,Quimica Navarro S.L.U.,,EUR,,2024-09-10,2024-09-27,2026-08-03,16,True,False,False,False,no_debt,1,0,13,28,5000,ok
COMP_1074,GROUP_0238,Electro Pinilla S.L.,,EUR,sage200,2025-05-04,2025-04-08,2026-08-31,17,True,False,False,False,no_debt,2,0,590,764,272000.61,ok
COMP_1075,GROUP_0022,Hermanos Zubiri S.L.,,EUR,,2025-11-17,2025-10-10,2026-08-31,11,False,False,False,False,no_invoices_no_debt,4,0,0,1052,3496132.91,ok
COMP_1076,GROUP_0131,Distribuciones Valverde S.L.,,EUR,,2025-07-22,2025-05-30,2026-08-31,16,False,True,False,False,no_invoices,3,1,0,1096,93089.61,ok
COMP_1077,GROUP_0081,Construcciones Fuentes S.L.,,EUR,a3,2025-09-09,2025-01-01,2026-08-31,20,True,True,True,False,full,13,1,3615,14911,14351293.43,ok
COMP_1078,GROUP_0013,Servicios Valverde S.L.U.,,EUR,sageX3,2024-05-23,2024-09-02,2026-08-21,24,True,False,False,False,no_debt,3,0,1067,619,114023.14,ok
COMP_1079,GROUP_0141,Talleres Olmedo S.L.U.,,EUR,businessCentral,2024-05-03,2024-09-01,2026-08-31,24,True,True,True,True,full,3,6,410,1052,996115.98,ok
COMP_1080,GROUP_0007,Hermanos Doriga S.L.,,EUR,,2026-04-27,2026-01-03,2026-08-31,8,False,False,True,False,no_invoices_no_debt,1,0,0,224,1856095.65,ok
COMP_1081,GROUP_0108,Electro Cardona S.L.,ES,EUR,businessCentral,2024-12-09,2024-10-07,2026-08-31,23,True,False,True,False,no_debt,5,0,1503,4165,11009535.68,low
COMP_1082,GROUP_0142,Construcciones Bierzo S.L.,,EUR,,2024-09-10,2024-09-02,2026-08-31,24,True,False,False,False,no_debt,4,0,83,462,245552.82,ok
COMP_1083,GROUP_0199,Distribuciones Navarro S.L.,PL,PLN,,2025-09-10,2025-10-31,2026-08-31,11,False,False,False,False,no_invoices_no_debt,6,0,0,131,67721.63,ok
COMP_1084,GROUP_0172,Suministros Cardona S.L.U.,,EUR,,2025-05-22,2025-03-24,2026-08-31,18,False,False,False,False,no_invoices_no_debt,1,0,0,805,47246.4,ok
COMP_1085,GROUP_0137,Transportes Duero S.L.U.,,AUD,netsuite,2024-11-11,2025-03-03,2026-08-28,18,True,False,False,False,no_debt,3,0,128,348,43553.33,ok
COMP_1086,GROUP_0193,Quimica Aranda S.L.U.,,EUR,,2023-10-24,2024-09-01,2026-08-31,24,False,True,True,False,no_invoices,13,2,0,18707,482105.84,ok
COMP_1087,GROUP_0182,Agricola Xativa S.L.U.,,EUR,netsuite,2025-12-09,2025-10-16,2026-08-18,11,False,False,False,False,no_invoices_no_debt,1,0,0,1307,5145699.18,ok
COMP_1088,GROUP_0234,Logistica Arga S.L.,,EUR,,2025-11-04,2025-11-10,2026-08-03,10,False,False,False,False,no_invoices_no_debt,1,0,0,75,2719790,ok
COMP_1089,GROUP_0108,Textil Beltran S.L.,,USD,businessCentral,2024-12-09,2025-01-03,2026-08-31,20,True,False,False,False,no_debt,2,0,212,415,415648,ok
COMP_1090,GROUP_0070,Grupo Zubiri S.L.,ES,EUR,,2023-03-21,2024-09-01,2026-08-31,24,False,False,True,False,no_invoices_no_debt,7,0,0,17327,9469397.83,ok
COMP_1091,GROUP_0103,Alimentaria Carrion S.L.,,EUR,,2025-03-13,2025-01-16,2026-08-31,20,False,True,True,True,no_invoices,4,7,0,17104,28713941.26,ok
COMP_1092,GROUP_0236,Servicios Bierzo S.L.,,EUR,,2026-03-02,2026-01-04,2026-08-31,8,False,False,False,False,no_invoices_no_debt,3,0,0,264,299980.34,ok
COMP_1093,GROUP_0200,Talleres Ebro S.L.,ES,EUR,netsuite,2025-03-05,2025-01-08,2026-08-31,20,True,False,False,False,no_debt,6,0,375,979,2375352,ok
COMP_1094,GROUP_0017,Comercial Cardona S.L.U.,ES,EUR,,2024-06-17,2024-09-02,2026-08-31,24,False,False,True,False,no_invoices_no_debt,2,0,0,380,4459871.1,ok
COMP_1095,GROUP_0118,Industrias Doriga S.L.U.,,EUR,businessCentral,2025-05-15,2025-03-24,2026-08-31,18,True,False,True,False,no_debt,3,0,2466,4937,3557728.85,ok
COMP_1096,GROUP_0125,Textil Ebro S.L.U.,ES,EUR,,2024-05-30,2024-09-02,2026-08-31,24,False,False,False,False,no_invoices_no_debt,6,0,0,5512,180187.37,ok
COMP_1097,GROUP_0044,Logistica Jimena S.L.U.,,EUR,businessCentral,2026-06-19,2026-01-12,2026-08-31,8,True,False,False,False,no_debt,3,0,52,101,1290327.09,ok
COMP_1098,GROUP_0103,Agricola Valverde S.L.,,EUR,,2025-03-13,2025-01-20,2026-06-30,18,False,False,False,False,no_invoices_no_debt,1,0,0,427,1195495.46,ok
COMP_1099,GROUP_0125,Quimica Olmedo S.L.,PT,EUR,,2024-05-30,2024-09-02,2025-04-14,8,False,False,False,False,no_invoices_no_debt,2,0,0,1295,0,ok
COMP_1100,GROUP_0070,Transportes Ribera S.L.,ES,EUR,businessCentral,2025-06-30,2025-06-23,2026-08-21,15,True,False,True,False,no_debt,2,0,23,138,27522477.73,low
COMP_1101,GROUP_0236,Suministros Jimena S.L.,,EUR,,2026-03-02,2026-01-15,2026-08-31,8,False,True,True,False,no_invoices,1,1,0,74,96602.71,ok
COMP_1102,GROUP_0087,Agricola Cardona S.L.,NL,EUR,,2025-10-06,2025-08-11,2026-08-29,13,False,False,True,False,no_invoices_no_debt,1,0,0,904,1018510.37,ok
COMP_1103,GROUP_0236,Quimica Herrera S.L.,,GBP,,2026-03-02,2026-01-02,2026-08-27,8,False,False,False,False,no_invoices_no_debt,5,0,0,204,184951.83,ok
COMP_1104,GROUP_0107,Electro Salazar S.L.U.,,USD,sageX3,2026-07-14,2026-02-09,2026-08-25,7,True,False,False,False,no_debt,3,0,172,491,14461203.11,ok
COMP_1105,GROUP_0094,Hermanos Arga S.L.U.,,CLP,netsuite,2024-11-07,2024-12-08,2026-08-31,21,True,False,False,False,no_debt,1,0,4301,2672,624002033,ok
COMP_1106,GROUP_0056,Distribuciones Zubiri S.L.U.,,EUR,sage200,2025-04-28,2025-03-27,2026-08-31,18,True,True,False,True,full,4,4,510,529,2037155.32,ok
COMP_1107,GROUP_0103,Construcciones Cardona S.L.U.,,EUR,,2025-03-13,2025-01-16,2026-08-31,20,False,True,True,False,no_invoices,2,3,0,3139,4575275.41,ok
COMP_1108,GROUP_0119,Servicios Moncayo S.L.,,DKK,sageIntacct,2026-03-05,2026-01-09,2026-08-31,8,True,False,False,False,no_debt,3,0,245,380,9282784.78,ok
COMP_1109,GROUP_0205,Talleres Pinilla S.L.,,EUR,,2023-11-08,2024-09-02,2026-07-16,20,True,False,False,False,no_debt,2,0,3882,2585,2149110.99,ok
COMP_1110,GROUP_0182,Industrias Arga S.L.,,EUR,netsuite,2025-12-09,2025-10-17,2026-08-31,11,True,False,True,False,no_debt,4,0,579,2918,573211.76,ok
COMP_1111,GROUP_0169,Comercial Beltran S.L.,,EUR,,2026-01-14,2025-11-24,2026-08-31,10,False,False,False,False,no_invoices_no_debt,1,0,0,361,563771.45,ok
COMP_1112,GROUP_0170,Logistica Pinilla S.L.,,EUR,,2025-06-10,2025-06-02,2026-08-28,15,False,False,False,False,no_invoices_no_debt,1,0,0,253,200008.77,ok
COMP_1113,GROUP_0018,Textil Ulzama S.L.,,EUR,businessCentral,2025-09-02,2025-07-24,2026-08-19,14,True,True,True,False,full,3,1,79,136,33750.54,ok
COMP_1114,GROUP_0236,Alimentaria Bierzo S.L.U.,,EUR,,2026-03-02,2026-01-03,2026-08-31,8,False,False,True,False,no_invoices_no_debt,1,0,0,65,180374.41,ok
COMP_1115,GROUP_0064,Grupo Arga S.L.U.,,EUR,,2026-04-28,2025-01-02,2026-08-31,20,False,False,False,False,no_invoices_no_debt,2,0,0,1073,3950674.16,ok
COMP_1116,GROUP_0169,Talleres Duero S.L.U.,,EUR,,2026-01-14,2025-11-26,2026-08-31,10,False,False,False,False,no_invoices_no_debt,1,0,0,235,768000,ok
COMP_1117,GROUP_0139,Servicios Pinilla S.L.U.,,EUR,,2025-09-09,2025-09-01,2026-07-31,11,False,True,True,False,no_invoices,1,1,0,57,84131.21,ok
COMP_1118,GROUP_0023,Construcciones Doriga S.L.,,EUR,sage200,2026-03-26,2026-02-12,2026-08-31,7,True,False,False,False,no_debt,1,0,125,141,630821.07,ok
COMP_1119,GROUP_0187,Distribuciones Cardona S.L.,,EUR,,2024-02-13,2024-09-05,2026-08-31,23,False,False,False,False,no_invoices_no_debt,2,0,0,313,1082013.61,ok
COMP_1120,GROUP_0250,Servicios Iranzo S.A.,,EUR,distritoK,2022-04-22,2024-09-02,2026-08-17,24,True,False,False,False,no_debt,1,0,119,95,60550.15,ok
COMP_1121,GROUP_0165,Talleres Fuentes S.A.,,EUR,,2025-12-18,2025-10-20,2026-03-17,6,False,True,False,False,no_invoices,3,2,0,1631,291046.53,ok
COMP_1122,GROUP_0132,Grupo Tudela S.A.,,EUR,netsuite,2024-06-11,2024-09-06,2026-08-28,24,True,False,False,False,no_debt,1,0,603,566,1381237.39,ok
COMP_1123,GROUP_0126,Alimentaria Zubiri S.A.,,MXN,m3Rosetta,2024-05-21,2024-09-02,2026-08-31,24,True,False,False,False,no_debt,1,0,1470,2047,26849782.95,ok
COMP_1124,GROUP_0148,Textil Fuentes y Cia. S.L.,,EUR,businessCentral,2025-04-01,2025-01-01,2026-08-31,20,True,True,True,False,full,6,3,1237,4680,2568206.71,ok
COMP_1125,GROUP_0063,Logistica Ebro y Cia. S.L.,,EUR,,2025-04-03,2025-02-17,2026-08-31,18,False,False,False,False,no_invoices_no_debt,2,0,0,316,395595.23,ok
COMP_1126,GROUP_0149,Comercial Duero y Cia. S.L.,,EUR,m3Rosetta,2026-02-16,2025-12-18,2026-08-31,9,True,False,False,False,no_debt,4,0,313,2942,14416226.94,ok
COMP_1127,GROUP_0108,Industrias Tudela y Cia. S.L.,,EUR,businessCentral,2024-12-09,2024-10-11,2026-08-31,23,True,False,True,False,no_debt,6,0,549,1529,5462548.14,ok
COMP_1128,GROUP_0085,Transportes Doriga S.A.,,EUR,,2024-10-25,2024-09-24,2026-08-31,23,False,False,True,False,no_invoices_no_debt,1,0,0,250,29341555.5,ok
COMP_1129,GROUP_0024,Suministros Yuste S.A.,,EUR,,2026-02-10,2025-12-12,2026-08-31,9,False,True,True,True,no_invoices,4,4,0,15060,17896358.49,ok
COMP_1130,GROUP_0126,Construcciones Ebro S.A.,,EUR,,2024-05-21,2024-09-02,2026-08-31,24,False,True,False,True,no_invoices,5,1,0,2062,4313910.36,ok
COMP_1131,GROUP_0143,Distribuciones Xativa S.A.,,EUR,,2026-02-09,2025-12-12,2026-08-31,9,False,False,False,False,no_invoices_no_debt,1,0,0,2137,1804400.14,ok
COMP_1132,GROUP_0114,Hermanos Gallardo S.A.,ES,EUR,,2026-07-13,2026-01-02,2026-08-31,8,False,False,True,False,no_invoices_no_debt,3,0,0,841,1684628.68,ok
COMP_1133,GROUP_0086,Electro Quintana S.A.,,EUR,,2024-10-18,2024-09-06,2026-08-31,24,False,True,False,False,no_invoices,6,3,0,5758,3965710.21,low
COMP_1134,GROUP_0035,Quimica Bierzo y Cia. S.L.,ES,EUR,businessCentral,2024-03-06,2024-09-02,2026-08-31,24,True,True,True,False,full,7,3,749,1530,537132.66,ok
COMP_1135,GROUP_0081,Agricola Arga y Cia. S.L.,,EUR,a3,2025-09-09,2025-01-01,2026-08-31,20,True,True,True,False,full,13,1,1956,10969,8867064.85,ok
COMP_1136,GROUP_0222,Suministros Moncayo y Cia. S.L.,,EUR,businessCentral,2025-01-16,2025-01-03,2026-08-31,20,True,False,True,False,no_debt,2,0,1363,1489,897180.97,ok
COMP_1137,GROUP_0159,Transportes Pinilla y Cia. S.L.,,EUR,,2024-09-25,2024-09-01,2026-08-31,24,False,False,True,False,no_invoices_no_debt,1,0,0,155,3420497.59,ok
COMP_1138,GROUP_0155,Industrias Moncayo S.A.,NL,EUR,etendo,2024-08-29,2024-09-12,2026-08-31,24,True,False,False,False,no_debt,1,0,1349,1769,362814.08,ok
COMP_1139,GROUP_0197,Comercial Carrion S.A.,,EUR,businessCentral,2023-10-24,2024-09-01,2026-08-31,24,True,False,False,False,no_debt,3,0,2152,4153,1156154.46,ok
COMP_1140,GROUP_0011,Talleres Valverde S.L.U.,,EUR,,2026-01-20,2026-02-26,2026-08-31,7,False,False,False,False,no_invoices_no_debt,4,0,0,669,1342878.2,ok
COMP_1141,GROUP_0009,Servicios Xativa S.L.U.,,USD,,2025-12-05,2025-10-13,2026-08-31,11,False,False,True,False,no_invoices_no_debt,12,0,0,5220,631812.96,ok
COMP_1142,GROUP_0202,Alimentaria Cardona S.L.U.,,EUR,businessCentral,2024-10-31,2024-09-01,2026-08-28,21,True,False,True,False,no_debt,2,0,1235,438,2732355.49,ok
COMP_1143,GROUP_0079,Grupo Doriga S.L.U.,,EUR,dynamicsAx,2024-11-28,2024-10-16,2025-12-12,15,True,True,True,True,full,5,5,4692,2039,3686916.29,ok
COMP_1144,GROUP_0064,Logistica Bierzo S.L.,,EUR,,2026-03-10,2025-01-08,2026-08-18,17,False,False,False,False,no_invoices_no_debt,2,0,0,60,2535.25,ok
COMP_1145,GROUP_0092,Textil Aranda S.L.,,EUR,,2026-07-02,2025-01-02,2026-08-31,20,False,False,False,False,no_invoices_no_debt,2,0,0,545,276092.45,ok
COMP_1146,GROUP_0032,Industrias Moncayo S.L.,,EUR,,2026-01-21,2025-12-03,2026-08-31,9,False,False,False,False,no_invoices_no_debt,3,0,0,1202,960470.49,ok
COMP_1147,GROUP_0181,Comercial Cardona S.L.,,EUR,,2024-09-13,2025-01-01,2026-08-31,20,False,False,False,False,no_invoices_no_debt,1,0,0,694,2921424.83,ok
COMP_1148,GROUP_0165,Suministros Doriga S.L.U.,,EUR,,2025-12-18,2025-10-15,2026-04-20,7,False,False,False,False,no_invoices_no_debt,1,0,0,56,1881629.22,low
COMP_1149,GROUP_0057,Transportes Carrion S.L.U.,,EUR,businessOne,2025-09-05,2024-09-02,2026-08-31,24,True,True,True,False,full,21,5,1031,3024,8346765.69,ok
COMP_1150,GROUP_0106,Distribuciones Aranda S.L.U.,ES,EUR,,2025-02-10,2024-09-02,2026-08-31,24,False,True,True,False,no_invoices,12,6,0,1129,2368536.72,ok
COMP_1151,GROUP_0016,Construcciones Fuentes S.L.U.,ES,EUR,,2023-09-12,2025-10-13,2026-08-28,11,False,False,True,False,no_invoices_no_debt,1,0,0,126,646780.63,ok
COMP_1152,GROUP_0128,Electro Yuste S.L.U.,,EUR,,2025-06-04,2025-01-02,2026-03-02,15,False,False,False,False,no_invoices_no_debt,12,0,0,14220,176296970.67,ok
COMP_1153,GROUP_0150,Hermanos Ulzama S.L.U.,,EUR,,2024-04-24,2024-09-30,2026-08-31,15,False,False,False,False,no_invoices_no_debt,3,0,0,158,422470.06,ok
COMP_1154,GROUP_0023,Agricola Xativa S.L.,,EUR,,2025-07-04,2025-05-31,2026-08-28,15,False,False,False,False,no_invoices_no_debt,1,0,0,75,1400466.56,ok
COMP_1155,GROUP_0150,Quimica Navarro S.L.,,EUR,sage200,2024-04-24,2024-09-03,2026-08-31,24,True,False,False,False,no_debt,4,0,197,471,6839442.11,ok
COMP_1156,GROUP_0141,Transportes Duero S.L.,,EUR,businessCentral,2024-05-03,2024-09-03,2026-08-31,24,True,False,False,False,no_debt,2,0,179,409,362423.56,ok
COMP_1157,GROUP_0150,Suministros Cardona S.L.,,EUR,,2025-11-04,2025-10-01,2026-08-31,11,False,False,True,False,no_invoices_no_debt,3,0,0,1554,5569136.44,low
COMP_1158,GROUP_0222,Comercial Duero S.L.U.,,EUR,businessCentral,2025-01-16,2025-01-09,2026-08-31,20,True,False,False,False,no_debt,2,0,164,257,438918.32,ok
COMP_1159,GROUP_0235,Industrias Carrion S.L.U.,,EUR,businessOne,2025-09-08,2025-07-10,2026-02-06,7,True,False,False,False,no_debt,10,0,1518,5467,7212757.21,ok
COMP_1160,GROUP_0158,Suministros Aranda y Cia. S.L.,,EUR,,2023-05-02,2024-09-01,2026-08-31,24,False,True,True,False,no_invoices,9,1,0,8046,15556947.08,ok
COMP_1161,GROUP_0047,Transportes Jimena y Cia. S.L.,,EUR,businessCentral,2026-03-30,2026-02-26,2026-08-31,7,True,False,False,False,no_debt,4,0,2471,1803,6317815.45,ok
COMP_1162,GROUP_0116,Quimica Tudela y Cia. S.L.,,EUR,netsuite,2023-08-17,2024-09-02,2026-07-20,23,True,False,False,False,no_debt,10,0,263,391,442526.1,ok
COMP_1163,GROUP_0101,Agricola Herrera y Cia. S.L.,,EUR,,2024-11-04,2024-10-10,2026-08-28,23,True,False,False,False,no_debt,7,0,774,914,247516.62,low
COMP_1164,GROUP_0095,Hermanos Jimena S.A.,,EUR,,2025-11-26,2024-12-31,2026-08-31,21,False,True,False,True,no_invoices,5,1,0,279,479883.79,ok
COMP_1165,GROUP_0108,Electro Arga S.A.,ES,EUR,businessCentral,2024-12-09,2024-10-07,2026-08-31,23,True,False,True,False,no_debt,4,0,919,1542,6230204.81,ok
COMP_1166,GROUP_0086,Construcciones Moncayo S.A.,,USD,,2024-10-18,2024-12-23,2026-08-31,21,False,False,True,False,no_invoices_no_debt,2,0,0,3442,2170115.3,ok
COMP_1167,GROUP_0212,Distribuciones Gallardo S.A.,,EUR,,2024-07-10,2024-09-03,2026-08-31,24,False,True,True,True,no_invoices,5,2,0,4677,1789332.52,ok
COMP_1168,GROUP_0037,Talleres Doriga y Cia. S.L.,ES,EUR,navision,2024-11-20,2024-09-02,2026-08-31,24,True,False,False,False,no_debt,2,0,2648,1780,4605793.01,ok
COMP_1169,GROUP_0095,Servicios Carrion y Cia. S.L.,,EUR,businessCentral,2025-10-24,2024-12-31,2026-08-31,21,True,True,True,True,full,9,38,1596,3963,6311301.26,ok
COMP_1170,GROUP_0090,Comercial Navarro y Cia. S.L.,,EUR,businessCentral,2025-05-13,2024-09-02,2026-08-31,24,True,False,True,False,no_debt,2,0,55,207,102451.38,ok
COMP_1171,GROUP_0139,Industrias Salazar y Cia. S.L.,ES,EUR,businessCentral,2024-06-24,2024-09-16,2026-08-31,18,True,True,True,True,full,6,9,1162,1131,2543470.93,ok
COMP_1172,GROUP_0053,Textil Pinilla y Cia. S.L.,ES,EUR,businessOne,2025-05-21,2025-07-14,2026-08-31,14,True,False,False,False,no_debt,2,0,197,3814,2076789.15,ok
COMP_1173,GROUP_0202,Logistica Herrera y Cia. S.L.,,EUR,businessCentral,2024-10-31,2024-09-02,2026-08-31,24,True,True,True,False,full,4,2,1778,1336,3854334.2,ok
COMP_1174,GROUP_0148,Grupo Salazar S.A.,,EUR,businessCentral,2025-04-01,2025-02-27,2026-08-04,19,True,False,True,False,no_debt,3,0,1136,1983,553578.52,ok
COMP_1175,GROUP_0196,Alimentaria Navarro S.A.,,EUR,businessCentral,2026-02-19,2026-01-20,2026-08-31,8,True,False,False,False,no_debt,1,0,39,56,15424200.82,ok
COMP_1176,GROUP_0184,Servicios Duero S.A.,ES,EUR,businessCentral,2025-12-29,2025-11-10,2026-08-31,10,True,False,False,False,no_debt,1,0,2606,1505,1442576.3,ok
COMP_1177,GROUP_0120,Talleres Pinilla S.A.,,EUR,r3,2023-10-25,2024-09-02,2026-08-31,24,True,False,True,False,no_debt,1,0,2471,1725,2945854.84,ok
COMP_1178,GROUP_0159,Distribuciones Doriga y Cia. S.L.,ES,EUR,,2024-09-25,2024-09-02,2026-08-31,24,False,True,True,False,no_invoices,9,1,0,18557,272583589.14,ok
COMP_1179,GROUP_0239,Construcciones Cardona y Cia. S.L.,,EUR,,2026-03-11,2026-01-22,2026-08-31,8,False,False,False,False,no_invoices_no_debt,2,0,0,253,160526.78,ok
COMP_1180,GROUP_0103,Alimentaria Navarro S.A.,,EUR,,2025-03-13,2025-01-17,2026-08-31,20,False,False,False,False,no_invoices_no_debt,1,0,0,678,2003061.53,ok
COMP_1181,GROUP_0009,Grupo Beltran S.A.,,EUR,,2025-12-05,2025-10-16,2026-08-31,11,False,False,False,False,no_invoices_no_debt,3,0,0,993,330465.29,ok
COMP_1182,GROUP_0022,Talleres Cardona S.A.,ES,EUR,netsuite,2024-07-29,2024-09-01,2026-08-31,24,True,True,True,True,full,16,1,4136,5898,65590058.14,ok
COMP_1183,GROUP_0018,Servicios Quintana S.A.,,EUR,businessCentral,2025-09-02,2025-01-03,2026-07-03,19,True,False,False,False,no_debt,1,0,42,122,56712.93,ok
COMP_1184,GROUP_0211,Industrias Jimena y Cia. S.L.,,EUR,netsuite,2024-12-13,2025-06-13,2026-08-31,15,True,False,False,False,no_debt,2,0,581,642,871029.41,low
COMP_1185,GROUP_0126,Comercial Navarro y Cia. S.L.,,EUR,m3Rosetta,2024-05-21,2024-09-01,2026-08-31,24,True,True,True,True,full,9,2,2639,16806,28775890156,ok
COMP_1186,GROUP_0135,Logistica Quintana y Cia. S.L.,,PLN,fo,2025-09-08,2025-07-17,2026-08-27,14,False,False,False,False,no_invoices_no_debt,1,0,0,59,15650000,ok
COMP_1187,GROUP_0179,Textil Yuste y Cia. S.L.,,GBP,,2025-10-29,2025-10-21,2026-08-31,11,False,False,False,False,no_invoices_no_debt,24,0,0,4225,1623872.35,ok
COMP_1188,GROUP_0004,Quimica Doriga S.A.,ES,EUR,netsuite,2023-11-16,2024-09-17,2026-08-17,24,True,False,False,False,no_debt,1,0,70,168,117363.04,ok
COMP_1189,GROUP_0159,Agricola Yuste S.A.,,EUR,,2022-07-18,2024-09-03,2026-08-31,24,False,False,False,False,no_invoices_no_debt,1,0,0,460,371364.88,ok
COMP_1190,GROUP_0119,Electro Aranda S.A.,,USD,sageIntacct,2026-03-05,2026-01-06,2026-08-31,8,True,False,False,False,no_debt,4,0,145,481,3709978.38,ok
COMP_1191,GROUP_0139,Hermanos Salazar S.A.,ES,EUR,businessCentral,2024-06-24,2024-10-07,2026-08-31,20,True,True,True,True,full,6,7,1611,1204,3833010.4,ok
COMP_1192,GROUP_0094,Distribuciones Cardona S.A.,,COP,netsuite,2024-11-07,2024-12-01,2026-08-31,21,True,False,False,False,no_debt,1,0,569,1217,36260182,ok
COMP_1193,GROUP_0081,Construcciones Herrera S.A.,,EUR,a3,2025-09-09,2025-01-09,2026-08-31,20,True,False,False,False,no_debt,4,0,301,409,374202.87,ok
COMP_1194,GROUP_0230,Transportes Jimena y Cia. S.L.,,EUR,r3,2025-10-31,2025-09-08,2026-07-09,11,True,True,False,False,full,7,1,1022,1893,1831662.48,ok
COMP_1195,GROUP_0171,Suministros Iranzo y Cia. S.L.,,EUR,businessCentral,2026-01-26,2025-11-27,2026-08-31,10,True,True,True,True,full,4,1,2736,6541,1746058.03,ok
COMP_1196,GROUP_0222,Agricola Herrera y Cia. S.L.,,EUR,businessCentral,2025-01-16,2025-01-03,2026-08-31,20,True,False,False,False,no_debt,2,0,601,730,265548.49,ok
COMP_1197,GROUP_0217,Quimica Cardona y Cia. S.L.,ES,EUR,businessCentral,2025-04-04,2025-02-03,2026-08-31,19,True,False,False,False,no_debt,5,0,946,1114,36609539.38,ok
COMP_1198,GROUP_0218,Textil Quintana S.A.,ES,EUR,businessCentral,2024-02-01,2024-09-01,2026-08-31,24,True,False,False,False,no_debt,7,0,733,3900,863782.99,ok
COMP_1199,GROUP_0016,Logistica Lacalle S.A.,,EUR,businessOne,2024-07-23,2024-09-02,2026-08-31,24,True,False,False,False,no_debt,1,0,145,292,204.35,ok
COMP_1200,GROUP_0138,Electro Salazar y Cia. S.L.,,EUR,dynamicsAx,2026-04-08,2026-02-28,2026-08-31,7,False,False,False,False,no_invoices_no_debt,2,0,0,60,568.7,low
COMP_1201,GROUP_0211,Hermanos Arga y Cia. S.L.,,AUD,,2024-12-13,2025-06-10,2026-08-31,15,False,False,True,False,no_invoices_no_debt,3,0,0,603,709841.84,ok
COMP_1202,GROUP_0115,Distribuciones Doriga y Cia. S.L.,,EUR,,2022-11-14,2024-09-01,2026-08-31,24,False,False,True,False,no_invoices_no_debt,5,0,0,5093,1119786.11,ok
COMP_1203,GROUP_0216,Construcciones Cardona y Cia. S.L.,,GBP,,2026-06-12,2026-01-02,2026-08-31,8,False,False,False,False,no_invoices_no_debt,8,0,0,2233,26591203.56,ok
COMP_1204,GROUP_0100,Transportes Arga S.A.,,EUR,businessCentral,2026-02-16,2025-12-19,2026-08-31,9,True,True,True,True,full,3,3,3380,2151,2736091.83,ok
COMP_1205,GROUP_0011,Suministros Salazar S.A.,,EUR,,2026-01-20,2026-02-26,2026-08-31,7,False,False,False,False,no_invoices_no_debt,1,0,0,573,746740.18,ok
COMP_1206,GROUP_0084,Agricola Tudela S.A.,NL,EUR,netsuite,2025-02-21,2025-02-20,2026-08-31,19,True,False,False,False,no_debt,3,0,1756,2239,3479173.04,ok
COMP_1207,GROUP_0132,Quimica Duero S.A.,,EUR,netsuite,2024-03-15,2024-09-02,2026-08-31,24,True,False,True,False,no_debt,2,0,2962,2584,1423471.18,ok
COMP_1208,GROUP_0104,Textil Cardona y Cia. S.L.,ES,EUR,libra,2026-02-27,2026-02-06,2026-08-31,7,True,True,True,True,full,4,6,341,1673,566031.42,ok
COMP_1209,GROUP_0079,Logistica Moncayo y Cia. S.L.,,EUR,dynamicsAx,2024-11-28,2024-10-07,2026-08-31,23,True,False,True,False,no_debt,4,0,2055,725,1018374.81,ok
COMP_1210,GROUP_0015,Alimentaria Xativa y Cia. S.L.,,EUR,sage200,2023-11-06,2024-09-23,2026-08-27,24,True,False,False,False,no_debt,2,0,60,84,686.7,ok
COMP_1211,GROUP_0103,Grupo Ribera y Cia. S.L.,,EUR,,2025-03-13,2025-01-16,2026-08-27,20,False,False,True,False,no_invoices_no_debt,3,0,0,964,565283.93,ok
COMP_1212,GROUP_0118,Talleres Zubiri y Cia. S.L.,,EUR,businessCentral,2023-10-05,2024-09-03,2026-08-31,24,True,False,False,False,no_debt,5,0,3737,3605,3174789.99,ok
COMP_1213,GROUP_0158,Servicios Tudela y Cia. S.L.,,EUR,,2023-05-02,2024-09-02,2026-08-31,24,False,False,True,False,no_invoices_no_debt,5,0,0,5765,2332749.59,ok
COMP_1214,GROUP_0100,Industrias Arga S.A.,,EUR,businessCentral,2026-02-16,2025-12-30,2026-08-26,9,True,False,False,False,no_debt,2,0,43,100,11183.62,ok
COMP_1215,GROUP_0168,Comercial Olmedo S.A.,,EUR,,2026-06-17,2025-09-01,2026-08-31,12,False,False,True,False,no_invoices_no_debt,17,0,0,14589,3410826.55,ok
COMP_1216,GROUP_0127,Logistica Gallardo S.A.,,EUR,,2025-09-18,2025-07-26,2026-08-31,14,False,True,True,True,no_invoices,14,7,0,5224,12601053.47,ok
COMP_1217,GROUP_0144,Textil Doriga S.A.,,EUR,businessCentral,2026-02-12,2025-12-29,2026-08-31,9,True,False,False,False,no_debt,1,0,19,53,78801.01,ok
COMP_1218,GROUP_0084,Quimica Cardona y Cia. S.L.,DE,EUR,netsuite,2025-10-29,2025-12-12,2026-08-31,9,True,False,False,False,no_debt,1,0,122,356,723693.96,ok
COMP_1219,GROUP_0142,Agricola Doriga y Cia. S.L.,,EUR,,2024-09-10,2024-09-02,2026-08-31,24,True,True,False,True,full,2,1,323,1585,315906.72,ok
COMP_1220,GROUP_0169,Textil Beltran S.L.U.,AT,EUR,,2025-09-10,2025-07-21,2026-08-31,14,False,False,True,False,no_invoices_no_debt,1,0,0,282,4442658.94,ok
COMP_1221,GROUP_0169,Logistica Ribera S.L.U.,DE,EUR,,2025-09-10,2025-07-18,2026-08-31,14,False,False,False,False,no_invoices_no_debt,6,0,0,8696,3607998.84,low
COMP_1222,GROUP_0137,Comercial Moncayo S.L.U.,,MXN,netsuite,2024-11-11,2025-04-30,2026-08-31,17,True,False,False,False,no_debt,11,0,26,3042,49183959.07,ok
COMP_1223,GROUP_0141,Industrias Gallardo S.L.U.,,EUR,businessCentral,2024-05-03,2024-09-02,2026-08-31,24,True,False,False,False,no_debt,2,0,2712,4566,5653870.13,ok
COMP_1224,GROUP_0143,Servicios Valverde S.L.,,EUR,businessCentral,2024-04-11,2024-09-02,2026-08-31,24,True,False,True,False,no_debt,2,0,1264,1502,2937328.85,ok
COMP_1225,GROUP_0044,Talleres Beltran S.L.,,EUR,businessCentral,2026-06-19,2026-01-02,2026-08-31,8,True,True,True,False,full,7,5,326,2432,2623801263.09,ok
COMP_1226,GROUP_0160,Grupo Gallardo S.L.,ES,EUR,businessCentral,2023-04-14,2024-10-08,2026-08-06,12,True,False,False,False,no_debt,1,0,24,21,283.63,ok
COMP_1227,GROUP_0244,Alimentaria Doriga S.L.,,EUR,businessCentral,2025-04-04,2025-02-03,2026-08-31,19,True,False,True,False,no_debt,2,0,22,265,1344000,ok
COMP_1228,GROUP_0049,Electro Yuste S.L.U.,,EUR,,2026-03-09,2026-01-11,2026-08-31,8,False,False,False,False,no_invoices_no_debt,1,0,0,417,1265822.86,ok
COMP_1229,GROUP_0009,Hermanos Zubiri S.L.U.,,GBP,,2025-12-05,2025-11-21,2026-08-28,10,False,False,False,False,no_invoices_no_debt,4,0,0,137,0,ok
COMP_1230,GROUP_0019,Quimica Fuentes S.L.U.,,EUR,businessCentral,2025-06-17,2025-01-01,2026-08-31,20,True,True,True,True,full,2,8,1073,1090,908215.9,ok
COMP_1231,GROUP_0234,Agricola Navarro S.L.U.,,EUR,,2025-11-04,2025-11-05,2026-07-10,9,False,False,False,False,no_invoices_no_debt,4,0,0,376,13898563.27,ok
COMP_1232,GROUP_0237,Suministros Ulzama S.L.U.,,EUR,,2025-06-30,2025-04-01,2026-08-31,17,True,True,False,True,full,1,2,345,268,631762.41,ok
COMP_1233,GROUP_0208,Transportes Yuste S.L.U.,,EUR,,2025-01-21,2024-12-02,2026-08-31,21,False,True,True,False,no_invoices,11,1,0,2947,40971928.87,ok
COMP_1234,GROUP_0142,Construcciones Valverde S.L.,,EUR,,2024-09-10,2024-09-02,2026-08-31,24,True,False,False,False,no_debt,4,0,231,1880,1374864.9,ok
COMP_1235,GROUP_0054,Distribuciones Fuentes S.L.,,EUR,,2025-12-03,2025-10-06,2026-08-31,11,True,False,False,False,no_debt,1,0,2265,1412,3578121.9,ok
COMP_1236,GROUP_0157,Hermanos Gallardo S.L.,,EUR,,2023-07-18,2024-09-02,2026-08-31,24,True,False,True,False,no_debt,4,0,435,1936,628664.87,ok
COMP_1237,GROUP_0206,Electro Ulzama S.L.,,EUR,fo,2025-09-15,2025-08-05,2026-05-04,8,True,True,False,True,full,3,1,1876,6508,44889316.65,ok
COMP_1238,GROUP_0142,Alimentaria Yuste S.L.U.,,EUR,,2024-09-10,2024-09-12,2026-08-31,24,True,False,True,False,no_debt,1,0,25,175,360709.97,ok
COMP_1239,GROUP_0250,Grupo Duero S.L.U.,,EUR,distritoK,2022-04-22,2024-09-02,2026-08-14,24,True,False,False,False,no_debt,1,0,142,96,60550.15,ok
COMP_1240,GROUP_0250,Logistica Salazar S.A.,,EUR,distritoK,2022-04-22,2024-09-02,2026-08-17,24,True,False,False,False,no_debt,1,0,141,97,60550.15,ok
COMP_1241,GROUP_0250,Textil Aranda S.A.,,EUR,distritoK,2022-04-22,2024-09-02,2026-08-17,24,True,False,False,False,no_debt,1,0,139,105,60550.15,ok
COMP_1242,GROUP_0122,Industrias Moncayo S.A.,,EUR,netsuite,2026-02-24,2026-01-19,2026-08-31,8,True,False,False,False,no_debt,2,0,395,252,868880.56,low
COMP_1243,GROUP_0104,Comercial Pinilla S.A.,ES,EUR,libra,2026-02-27,2026-01-12,2026-08-31,8,True,True,True,False,full,5,1,3665,967,273907.12,ok
COMP_1244,GROUP_0013,Talleres Navarro y Cia. S.L.,,EUR,sageX3,2025-11-18,2025-10-17,2026-08-31,11,True,False,False,False,no_debt,1,0,499,303,1287577458.67,ok
COMP_1245,GROUP_0022,Servicios Beltran y Cia. S.L.,,EUR,netsuite,2024-07-29,2024-09-04,2026-04-30,18,True,True,False,True,full,1,2,77,129,25288.61,low
COMP_1246,GROUP_0138,Alimentaria Yuste y Cia. S.L.,,EUR,dynamicsAx,2026-04-08,2026-02-16,2026-08-31,7,False,False,True,False,no_invoices_no_debt,6,0,0,750,2298915.91,ok
COMP_1247,GROUP_0217,Grupo Herrera y Cia. S.L.,,EUR,businessCentral,2025-04-04,2025-02-19,2026-08-31,17,True,False,False,False,no_debt,5,0,36,118,1803397.28,ok
COMP_1248,GROUP_0066,Hermanos Cardona S.A.,,EUR,,2025-04-10,2025-02-13,2026-08-31,19,False,False,False,False,no_invoices_no_debt,7,0,0,2347,1494975.97,ok
COMP_1249,GROUP_0090,Electro Doriga S.A.,,EUR,businessCentral,2025-04-24,2024-09-01,2026-08-31,24,True,True,True,True,full,11,8,2616,3108,3048102.33,low
COMP_1250,GROUP_0065,Agricola Olmedo S.A.,,EUR,netsuite,2024-10-10,2024-09-02,2026-08-31,24,True,False,False,False,no_debt,4,0,562,1913,500985.79,ok
COMP_1251,GROUP_0217,Quimica Ebro S.A.,,EUR,businessCentral,2025-04-04,2025-03-19,2026-07-21,13,True,False,False,False,no_debt,2,0,40,28,3968.7,ok
COMP_1252,GROUP_0070,Transportes Quintana S.A.,ES,EUR,businessCentral,2023-06-06,2024-09-02,2026-08-27,24,True,False,True,False,no_debt,11,0,219,1166,2003333.63,ok
COMP_1253,GROUP_0096,Suministros Pinilla S.A.,ES,EUR,netsuite,2025-07-31,2025-06-10,2026-08-31,15,True,False,False,False,no_debt,1,0,44,149,164459.63,ok
COMP_1254,GROUP_0040,Distribuciones Arga y Cia. S.L.,GB,GBP,,2025-12-19,2026-01-13,2026-08-29,8,False,False,False,False,no_invoices_no_debt,3,0,0,106,292265.72,ok
COMP_1255,GROUP_0194,Construcciones Olmedo y Cia. S.L.,SE,EUR,netsuite,2022-10-14,2024-09-09,2025-07-21,11,False,False,False,False,no_invoices_no_debt,4,0,0,105,0,ok
COMP_1256,GROUP_0079,Electro Yuste y Cia. S.L.,,EUR,dynamicsAx,2024-11-28,2024-10-28,2026-08-31,23,True,False,False,False,no_debt,2,0,1089,584,70514.16,low
COMP_1257,GROUP_0222,Hermanos Quintana y Cia. S.L.,,EUR,businessCentral,2025-01-16,2024-12-05,2026-08-31,21,True,False,False,False,no_debt,4,0,180,452,1156866.33,ok
COMP_1258,GROUP_0056,Grupo Pinilla S.A.,ES,EUR,sage200,2025-11-05,2025-09-08,2026-08-31,12,True,True,True,True,full,1,1,132,655,207058.25,ok
COMP_1259,GROUP_0151,Alimentaria Duero S.A.,,EUR,,2023-07-31,2025-12-10,2026-07-17,7,False,False,False,False,no_invoices_no_debt,1,0,0,39,11993824.95,ok
COMP_1260,GROUP_0011,Hermanos Beltran S.L.,,EUR,,2026-01-20,2026-02-26,2026-08-31,7,False,True,False,True,no_invoices,6,1,0,1526,2524054.67,ok
COMP_1261,GROUP_0011,Electro Ribera S.L.,,EUR,,2026-01-20,2026-02-27,2026-08-31,7,False,True,False,False,no_invoices,3,2,0,136,429809.47,ok
COMP_1262,GROUP_0026,Construcciones Herrera S.L.,,EUR,businessOne,2026-04-21,2026-02-21,2026-08-31,7,True,True,True,False,full,7,2,158,363,996187.63,ok
COMP_1263,GROUP_0091,Distribuciones Carrion S.L.,,EUR,,2024-11-27,2024-10-12,2026-08-31,23,False,True,False,True,no_invoices,3,1,0,727,1181598.79,low
COMP_1264,GROUP_0155,Suministros Navarro S.L.U.,FR,EUR,etendo,2023-01-13,2024-09-01,2026-08-31,24,True,False,True,False,no_debt,3,0,3075,2893,460360.43,ok
COMP_1265,GROUP_0078,Transportes Beltran S.L.U.,,EUR,,2022-12-12,2024-10-14,2025-12-23,8,False,False,False,False,no_invoices_no_debt,1,0,0,20,46000,ok
COMP_1266,GROUP_0087,Quimica Tudela S.L.U.,,CZK,,2025-10-06,2025-10-07,2026-08-28,11,False,False,True,False,no_invoices_no_debt,2,0,0,1835,680730.21,ok
COMP_1267,GROUP_0095,Agricola Duero S.L.U.,,EUR,businessCentral,2025-10-31,2024-12-31,2026-08-31,21,True,True,True,True,full,6,26,2188,3750,8240431.85,ok
COMP_1268,GROUP_0027,Logistica Yuste S.L.,,EUR,,2026-02-02,2026-02-27,2026-08-31,7,False,True,True,True,no_invoices,9,4,0,8805,12467921.79,ok
COMP_1269,GROUP_0019,Textil Quintana S.L.,,EUR,businessCentral,2025-06-17,2025-01-01,2026-08-31,20,True,True,False,True,full,5,2,436,857,3246679.93,ok
COMP_1270,GROUP_0020,Grupo Bierzo S.L.,,EUR,,2025-06-23,2025-07-09,2026-08-27,14,False,False,False,False,no_invoices_no_debt,1,0,0,118,748316.16,ok
COMP_1271,GROUP_0172,Alimentaria Ebro S.L.,ES,EUR,,2025-05-05,2025-03-23,2026-08-31,18,False,True,True,False,no_invoices,4,2,0,6002,25839923.48,ok
COMP_1272,GROUP_0077,Servicios Zubiri S.L.,,EUR,,2026-02-23,2026-01-01,2026-08-31,8,False,True,True,True,no_invoices,17,22,0,1651,11183964.41,ok
COMP_1273,GROUP_0241,Talleres Cardona S.L.,,EUR,businessCentral,2026-05-08,2026-01-15,2026-08-31,8,True,False,False,False,no_debt,3,0,157,156,259846.14,ok
COMP_1274,GROUP_0213,Comercial Arga S.L.U.,,EUR,businessCentral,2025-03-24,2025-02-04,2026-07-27,17,True,False,False,False,no_debt,1,0,49,92,608182.52,ok
COMP_1275,GROUP_0067,Industrias Xativa S.L.U.,,EUR,,2025-10-02,2025-01-01,2026-08-31,20,False,True,True,False,no_invoices,2,3,0,655,143076,ok
COMP_1276,GROUP_0103,Textil Carrion S.L.U.,,EUR,,2025-03-13,2025-01-16,2026-08-31,20,False,False,True,False,no_invoices_no_debt,3,0,0,3023,1731765.44,ok
COMP_1277,GROUP_0200,Logistica Herrera S.L.U.,DE,EUR,netsuite,2025-03-05,2025-01-09,2026-08-31,20,True,False,False,False,no_debt,2,0,133,288,388776.05,ok
COMP_1278,GROUP_0222,Agricola Lacalle S.L.,,EUR,businessCentral,2025-01-16,2025-05-07,2026-08-31,16,True,False,True,False,no_debt,1,0,761,1170,4660761.09,ok
COMP_1279,GROUP_0035,Quimica Moncayo S.L.,ES,EUR,businessCentral,2024-03-06,2024-09-01,2026-08-31,24,True,True,True,True,full,14,10,1696,9006,3028526.46,ok
COMP_1280,GROUP_0159,Industrias Beltran S.L.U.,,EUR,,2022-07-15,2025-07-16,2026-08-31,14,False,False,False,False,no_invoices_no_debt,5,0,0,351,413173.25,ok
COMP_1281,GROUP_0218,Comercial Iranzo S.L.U.,ES,EUR,businessCentral,2025-04-01,2025-04-01,2026-08-31,17,True,False,False,False,no_debt,4,0,520,335,659472.96,ok
COMP_1282,GROUP_0218,Logistica Quintana S.L.U.,ES,EUR,businessCentral,2024-02-01,2024-09-01,2026-08-31,24,True,True,True,True,full,19,8,1867,3437,6914494.46,ok
COMP_1283,GROUP_0170,Textil Yuste S.L.U.,,MXN,,2025-06-10,2025-07-09,2026-08-31,14,False,False,False,False,no_invoices_no_debt,1,0,0,172,1685769.66,ok
COMP_1284,GROUP_0149,Alimentaria Aranda S.L.,,EUR,m3Rosetta,2026-02-16,2025-12-23,2026-08-31,9,True,True,True,False,full,3,19,138,909,245375.86,ok
COMP_1285,GROUP_0149,Grupo Fuentes S.L.,,GBP,m3Rosetta,2026-02-16,2025-12-31,2026-07-20,8,True,False,False,False,no_debt,1,0,12,113,245855.14,ok
COMP_1286,GROUP_0030,Talleres Pinilla S.L.,,EUR,,2021-11-17,2024-09-21,2026-08-31,24,False,True,True,True,no_invoices,10,5,0,9711,14139100.26,ok
