group_id,month,score,band,regime,delta_1m,delta_3m,outlook_6m,outlook_low,outlook_high,confidence,n_companies_scored,dispersion,weakest_company,weakest_score,strongest_company,intragroup_dependency_max
GROUP_0001,2026-01,52.9662062815,watch,warmup,,,52.9662062815,43.5601656692,62.3722468938,0.191111111111,2,11.0398579917,COMP_0939,52.9662062815,COMP_0853,
GROUP_0001,2026-02,55.1658997083,watch,warmup,2.19969342674,,55.1658997083,45.759859096,64.5719403206,0.189761747385,3,13.9291386285,COMP_0939,54.1430417225,COMP_0853,
GROUP_0001,2026-03,53.2749126887,watch,warmup,-1.89098701956,,54.062114027,44.6560734147,63.4681546393,0.189761747385,3,15.6734841771,COMP_0939,51.2610563113,COMP_0853,
GROUP_0001,2026-04,54.5992538441,watch,stable,1.32434115539,1.63304756257,56.3809449414,46.9749043291,65.7869855537,0.189761747385,3,12.0200836216,COMP_0939,52.8534608087,COMP_0853,
GROUP_0001,2026-05,54.4814979904,watch,stable,-0.117755853646,-0.684401717821,55.841097124,46.4350565118,65.2471377363,0.189761747385,3,13.7622453109,COMP_0939,52.6990089525,COMP_0853,
GROUP_0001,2026-06,54.1539596353,watch,stable,-0.327538355194,0.879046946548,54.9411609736,45.5351203613,64.3472015859,0.308918980629,3,13.0560553783,COMP_0939,52.9444177539,COMP_0853,
GROUP_0001,2026-07,56.3946697885,watch,stable,2.24071015325,1.79541594441,57.6480152703,48.2419746581,67.0540558826,0.332083057924,3,9.27774020203,COMP_0939,55.1372176034,COMP_0853,
GROUP_0001,2026-08,61.5800753917,healthy,stable,5.18540560315,7.09857740121,66.4586634767,57.0526228644,75.864704089,0.332083057924,3,4.5562877987,COMP_0939,61.3323253579,COMP_0853,
GROUP_0002,2026-05,63.5085992855,healthy,warmup,,,63.5085992855,54.1025586732,72.9146398978,0.223288888889,1,0,COMP_1053,63.5085992855,COMP_1053,
GROUP_0002,2026-06,66.9656409507,healthy,warmup,3.45704166521,,66.9656409507,57.5596003384,76.371681563,0.223288888889,1,0,COMP_1053,66.9656409507,COMP_1053,
GROUP_0002,2026-07,65.5915134374,healthy,warmup,-1.37412751335,,70.9029445246,61.4969039123,80.3089851369,0.223288888889,1,0,COMP_1053,65.5915134374,COMP_1053,
GROUP_0002,2026-08,68.0591907243,healthy,stable,2.46767728691,4.55059143877,74.5829089909,65.1768683786,83.9889496032,0.223288888889,1,0,COMP_1053,68.0591907243,COMP_1053,
GROUP_0003,2026-01,71.2623356216,healthy,warmup,,,71.2623356216,61.8562950093,80.6683762339,0.295111111111,4,10.9018269729,COMP_0154,62.2349816266,COMP_0208,
GROUP_0003,2026-02,73.8281100826,healthy,warmup,2.56577446098,,73.8281100826,64.4220694703,83.2341506949,0.295111111111,4,9.3280946092,COMP_0154,67.0107940715,COMP_0208,
GROUP_0003,2026-03,72.2715955849,healthy,warmup,-1.55651449774,,74.8452084911,65.4391678788,84.2512491034,0.295111111111,4,10.5807039672,COMP_0072,63.0389331037,COMP_0208,
GROUP_0003,2026-04,72.5413165623,healthy,stable,0.269720977425,1.27898094067,74.3162388543,64.910198242,83.7222794666,0.295111111111,4,9.73892204291,COMP_0072,65.4616993582,COMP_0208,
GROUP_0003,2026-05,72.0160429396,healthy,stable,-0.525273622648,-1.81206714296,72.1707017322,62.7646611199,81.5767423445,0.295111111111,4,11.4859131414,COMP_0072,63.0819885856,COMP_0208,
GROUP_0003,2026-06,74.1382222469,healthy,stable,2.12217930729,1.86662666207,75.5137992318,66.1077586195,84.9198398441,0.516444444444,4,11.0758911131,COMP_0072,65.8821972315,COMP_0208,
GROUP_0003,2026-07,70.1604179157,healthy,stable,-3.97780433126,-2.38089864662,67.4686663874,58.0626257752,76.8747069997,0.516444444444,4,32.4132233007,COMP_0154,40,COMP_0208,
GROUP_0003,2026-08,70.5572402587,healthy,stable,0.396822343012,-1.45880268096,68.077275701,58.6712350888,77.4833163133,0.516444444444,4,37.5503442141,COMP_0154,40,COMP_0208,
GROUP_0004,2024-09,73.9680976771,healthy,warmup,,,73.9680976771,64.5620570648,83.3741382894,0.322641954159,2,22.0039592006,COMP_0585,52.3328281345,COMP_1188,
GROUP_0004,2024-10,72.9438021308,healthy,warmup,-1.02429554628,,72.9438021308,63.5377615185,82.3498427431,0.322641954159,2,18.0171444656,COMP_0585,55.2285458287,COMP_1188,
GROUP_0004,2024-11,72.2956040193,healthy,warmup,-0.648198111462,,68.0307451921,58.6247045798,77.4367858044,0.322641954159,2,18.8443591216,COMP_0585,53.7669935436,COMP_1188,
GROUP_0004,2024-12,72.7099209546,healthy,stable,0.414316935245,-1.2581767225,69.9875655562,60.5815249439,79.3936061685,0.322641954159,2,21.1803741864,COMP_0585,51.8844367607,COMP_1188,
GROUP_0004,2025-01,72.7909214621,healthy,stable,0.0810005075367,-0.152880668681,71.7422731254,62.3362325131,81.1483137377,0.322641954159,2,21.7666284604,COMP_0585,51.3890060395,COMP_1188,
GROUP_0004,2025-02,70.3632428932,healthy,stable,-2.42767856887,-1.93236112609,67.0782289789,57.6721883666,76.4842695912,0.564623419779,2,19.1614417735,COMP_0585,51.5228626774,COMP_1188,
GROUP_0004,2025-03,69.3194159794,healthy,stable,-1.04382691381,-3.39050497515,66.013605611,56.6075649987,75.4196462233,0.564623419779,2,17.0360079421,COMP_0585,52.5688566643,COMP_1188,
GROUP_0004,2025-04,72.4900485601,healthy,stable,3.17063258065,-0.300872902037,71.9785646266,62.5725240143,81.3846052389,0.564623419779,2,18.3175419123,COMP_0585,54.4794281523,COMP_1188,
GROUP_0004,2025-05,71.8977063994,healthy,stable,-0.592342160682,1.53446350615,71.0692475531,61.6632069408,80.4752881654,0.564623419779,2,20.090867833,COMP_0585,52.1434732204,COMP_1188,
GROUP_0004,2025-06,72.9736347835,healthy,stable,1.07592838407,3.65421880403,74.2067796531,64.8007390408,83.6128202654,0.564623419779,2,21.4879164891,COMP_0585,51.8457613443,COMP_1188,
GROUP_0004,2025-07,67.8747768706,healthy,stable,-5.0988579129,-4.61527168951,69.1079217402,59.7018811279,78.5139623525,0.564623419779,2,13.6155442661,COMP_0585,54.4873692918,COMP_1188,
GROUP_0004,2025-08,62.6064064399,healthy,stable,-5.26837043067,-9.2912999595,55.7591367096,46.3530960973,65.1651773218,0.725944396859,2,7.91010615682,COMP_0585,54.8288389007,COMP_1188,
GROUP_0004,2025-09,60.8585842331,healthy,stable,-1.74782220678,-12.1150505503,48.2569405299,38.8508999176,57.6629811422,0.725944396859,2,9.54768608778,COMP_0585,51.4708754061,COMP_1188,
GROUP_0004,2025-10,64.5157523521,healthy,deteriorating,3.65716811899,-3.35902451845,53.7319522521,44.3259116398,63.1379928644,0.725944396859,2,13.1952265125,COMP_0585,51.5416198485,COMP_1188,
GROUP_0004,2025-11,64.9613764372,healthy,deteriorating,0.445624085143,2.35496999736,56.7888729241,47.3828323118,66.1949135364,0.725944396859,2,14.6871625714,COMP_0585,50.5203061667,COMP_1188,
GROUP_0004,2025-12,66.8338017393,healthy,deteriorating,1.87242530203,5.97521750617,70.8372507348,61.4312101225,80.2432913471,0.725944396859,2,12.7950554446,COMP_0585,54.253135195,COMP_1188,
GROUP_0004,2026-01,66.278531719,healthy,recovering,-0.555270020286,1.76277936689,71.1473637951,61.7413231829,80.5534044074,0.725944396859,2,13.6708415033,COMP_0585,52.8367534416,COMP_1188,
GROUP_0004,2026-02,50.8461420966,watch,recovering,-15.4323896224,-14.1152343407,53.8428670203,44.436826408,63.2489076326,0.806604885398,2,6.87065405126,COMP_1188,50.7310201283,COMP_0585,
GROUP_0004,2026-03,64.1212207658,healthy,recovering,13.2750786692,-2.71258097348,63.0500222847,53.6439816724,72.456062897,0.806604885398,2,3.47259414761,COMP_1188,64.0630353485,COMP_0585,
GROUP_0004,2026-04,65.0774895354,healthy,stable,0.956268769603,-1.20104218359,63.0357178233,53.629677211,72.4417584356,0.806604885398,2,8.39065756245,COMP_1188,64.9368989881,COMP_0585,
GROUP_0004,2026-05,65.6044236947,healthy,stable,0.526934159336,14.7582815981,64.3504580893,54.944417477,73.7564987016,0.806604885398,2,2.65028961103,COMP_1188,65.5600164878,COMP_0585,
GROUP_0004,2026-06,69.6100751014,healthy,stable,4.00565140663,5.48885433557,74.4870458263,65.081005214,83.8930864386,0.806604885398,2,0.110782420233,COMP_0585,69.5011489076,COMP_1188,
GROUP_0004,2026-07,65.4113089443,healthy,stable,-4.19876615705,0.333819408914,74.7423613148,65.3363207025,84.1484019271,0.806604885398,2,7.86487915803,COMP_1188,65.2795281325,COMP_0585,
GROUP_0004,2026-08,64.1764969965,healthy,stable,-1.23481194785,-1.42792669827,64.7439899916,55.3379493793,74.1500306039,0.806604885398,2,4.95518456312,COMP_1188,64.0934698791,COMP_0585,
GROUP_0005,2024-09,38.5544279783,stress,warmup,,,38.5544279783,29.148387366,47.9604685906,0.211111111111,1,0,COMP_0841,38.5544279783,COMP_0841,
GROUP_0005,2024-10,37.0565033705,stress,warmup,-1.49792460774,,37.0565033705,27.6504627583,46.4625439828,0.211111111111,1,0,COMP_0841,37.0565033705,COMP_0841,
GROUP_0005,2024-11,37.9808126598,stress,warmup,0.924309289236,,36.5180935976,27.1120529853,45.9241342099,0.211111111111,1,0,COMP_0841,37.9808126598,COMP_0841,
GROUP_0005,2024-12,38.2422759561,stress,stable,0.261463296335,-0.312152022172,38.6436781429,29.2376375306,48.0497187552,0.211111111111,1,0,COMP_0841,38.2422759561,COMP_0841,
GROUP_0005,2025-01,40.4335301899,watch,stable,2.19125423376,3.37702681933,43.1433178964,33.7372772841,52.5493585086,0.211111111111,1,0,COMP_0841,40.4335301899,COMP_0841,
GROUP_0005,2025-02,34.4568544205,stress,stable,-5.97667576935,-3.52395823926,33.9261959828,24.5201553705,43.3322365951,0.369444444444,1,0,COMP_0841,34.4568544205,COMP_0841,
GROUP_0005,2025-03,34.1784996468,stress,stable,-0.278354773688,-4.06377630928,31.2429358486,21.8368952364,40.6489764609,0.369444444444,1,0,COMP_0841,34.1784996468,COMP_0841,
GROUP_0005,2025-04,36.2483793071,stress,stable,2.0698796603,-4.18515088274,33.7061610797,24.3001204674,43.112201692,0.369444444444,1,0,COMP_0841,36.2483793071,COMP_0841,
GROUP_0005,2025-05,42.3174769178,watch,stable,6.06909761063,7.86062249724,44.7195089958,35.3134683835,54.1255496081,0.369444444444,1,0,COMP_0841,42.3174769178,COMP_0841,
GROUP_0005,2025-06,36.9402161913,stress,stable,-5.37726072644,2.7617165445,39.3422482694,29.9362076571,48.7482888817,0.369444444444,1,0,COMP_0841,36.9402161913,COMP_0841,
GROUP_0005,2025-07,35.608765128,stress,stable,-1.33145106334,-0.639614179151,37.4323536165,28.0263130042,46.8383942287,0.369444444444,1,0,COMP_0841,35.608765128,COMP_0841,
GROUP_0005,2025-08,35.3474737593,stress,stable,-0.261291368654,-6.97000315843,34.2601296548,24.8540890425,43.6661702671,0.475,1,0,COMP_0841,35.3474737593,COMP_0841,
GROUP_0005,2025-09,36.7987850824,stress,stable,1.45131132302,-0.141431108973,35.6501305089,26.2440898966,45.0561711212,0.475,1,0,COMP_0841,36.7987850824,COMP_0841,
GROUP_0005,2025-10,38.7315031154,stress,stable,1.93271803305,3.12273798742,37.3989171353,27.992876523,46.8049577475,0.475,1,0,COMP_0841,38.7315031154,COMP_0841,
GROUP_0005,2025-11,37.2557711586,stress,stable,-1.47573195681,1.90829739926,39.3557038476,29.9496632353,48.7617444599,0.475,1,0,COMP_0841,37.2557711586,COMP_0841,
GROUP_0005,2025-12,39.1384311067,stress,stable,1.8826599481,2.33964602433,42.738690405,33.3326497927,52.1447310172,0.475,1,0,COMP_0841,39.1384311067,COMP_0841,
GROUP_0005,2026-01,39.7180213865,stress,stable,0.579590279789,0.986518271075,43.6954196278,34.2893790156,53.1014602401,0.475,1,0,COMP_0841,39.7180213865,COMP_0841,
GROUP_0005,2026-02,38.3309930656,stress,stable,-1.38702832087,1.07522190702,40.0080741264,30.6020335141,49.4141147387,0.527777777778,1,0,COMP_0841,38.3309930656,COMP_0841,
GROUP_0005,2026-03,31.8127343696,stress,stable,-6.51825869599,-7.32569673706,29.7537673649,20.3477267526,39.1598079772,0.527777777778,1,0,COMP_0841,31.8127343696,COMP_0841,
GROUP_0005,2026-04,35.4752553007,stress,stable,3.6625209311,-4.24276608576,30.8047061481,21.3986655358,40.2107467604,0.527777777778,1,0,COMP_0841,35.4752553007,COMP_0841,
GROUP_0005,2026-05,35.9892362362,stress,stable,0.513980935461,-2.34175682943,31.3186870836,21.9126464713,40.7247276959,0.527777777778,1,0,COMP_0841,35.9892362362,COMP_0841,
GROUP_0005,2026-06,36.469444904,stress,stable,0.480208667802,4.65671053436,33.1558968918,23.7498562796,42.5619375041,0.527777777778,1,0,COMP_0841,36.469444904,COMP_0841,
GROUP_0005,2026-07,35.5837786682,stress,stable,-0.885666235808,0.108523367455,35.7682683928,26.3622277806,45.1743090051,0.527777777778,1,0,COMP_0841,35.5837786682,COMP_0841,
GROUP_0005,2026-08,39.4120578094,stress,stable,3.8282791412,3.4228215732,44.4314810079,35.0254403956,53.8375216202,0.527777777778,1,0,COMP_0841,39.4120578094,COMP_0841,
GROUP_0006,2026-03,56.9324000745,watch,warmup,,,56.9324000745,47.5263594622,66.3384406868,0.274375608689,3,40.2636453806,COMP_0855,47.5122801843,COMP_0957,0.408669036391
GROUP_0006,2026-04,57.5654585627,watch,warmup,0.633058488204,,57.5654585627,48.1594179504,66.971499175,0.274375608689,3,37.2987137166,COMP_0855,48.9487993599,COMP_0957,0.297550934147
GROUP_0006,2026-05,57.239580215,watch,warmup,-0.325878347677,,58.0228895734,48.6168489611,67.4289301856,0.274375608689,3,36.0453289375,COMP_0855,48.7473847647,COMP_0957,0.393185194513
GROUP_0006,2026-06,60.194393359,healthy,stable,2.95481314396,3.26199328448,64.5813867957,55.1753461834,73.987427408,0.274375608689,3,36.3269792751,COMP_0855,51.6436818313,COMP_0957,0.381784155564
GROUP_0006,2026-07,57.9569229037,watch,stable,-2.23747045529,0.391464340987,59.5246681353,50.118627523,68.9307087476,0.274375608689,3,38.2671855337,COMP_0855,49.1516523476,COMP_0957,0.395336162542
GROUP_0006,2026-08,58.9316105215,watch,stable,0.974687617874,1.69203030654,60.7608343776,51.3547937654,70.1668749899,0.480157315206,3,38.0535705773,COMP_0855,50.0989518162,COMP_0957,0.367833732006
GROUP_0007,2026-01,66.6549138185,healthy,warmup,,,66.6549138185,57.2488732062,76.0609544308,0.258297808848,5,36.6880088127,COMP_1041,50.0011908315,COMP_0020,0.277061180247
GROUP_0007,2026-02,65.7341311358,healthy,warmup,-0.920782682689,,65.7341311358,56.3280905235,75.1401717481,0.258297808848,5,30.2647131255,COMP_1041,53.9331105766,COMP_0020,0.242267775239
GROUP_0007,2026-03,64.5605627065,healthy,warmup,-1.17356842929,,59.219967371,49.8139267587,68.6260079832,0.258297808848,5,25.5078118101,COMP_1041,55.5652701454,COMP_0020,0.294890185965
GROUP_0007,2026-04,68.337590883,healthy,stable,3.7770281765,1.68267706452,67.419870547,58.0138299347,76.8259111593,0.258297808848,5,26.47024779,COMP_0669,59.9794366746,COMP_0020,0.274854972058
GROUP_0007,2026-05,69.016680293,healthy,stable,0.679089409955,3.28254915717,72.2539844158,62.8479438035,81.6600250281,0.258297808848,5,28.6652276057,COMP_1041,59.414058842,COMP_0020,0.301061297384
GROUP_0007,2026-06,59.5871909089,watch,stable,-9.42948938403,-4.97337179758,54.8911992272,45.4851586149,64.2972398395,0.452021165483,5,10.1557904037,COMP_0669,58.5096636007,COMP_0145,0.283478670315
GROUP_0007,2026-07,59.1925957608,watch,stable,-0.39459514815,-9.14499512223,52.5202296783,43.114189066,61.9262702906,0.452021165483,5,30.4138775226,COMP_1080,40,COMP_0145,0.268126674209
GROUP_0007,2026-08,60.0292560012,healthy,stable,0.836660240449,-8.98742429173,53.1850981454,43.7790575331,62.5911387577,0.452021165483,5,32.182294442,COMP_1080,40,COMP_0145,0.274131429221
GROUP_0008,2026-02,59.0062937568,watch,warmup,,,59.0062937568,49.6002531445,68.4123343691,0.304889345239,6,17.7603565941,COMP_0464,51.8422700282,COMP_0580,
GROUP_0008,2026-03,57.8587396056,watch,warmup,-1.1475541512,,57.8587396056,48.4526989933,67.2647802179,0.304889345239,6,14.2649791409,COMP_0464,51.579225194,COMP_0580,
GROUP_0008,2026-04,58.8305976041,watch,warmup,0.97185799854,,58.3825724148,48.9765318025,67.7886130271,0.304889345239,6,13.9349114065,COMP_0464,54.3286791706,COMP_0580,
GROUP_0008,2026-05,59.7815104479,watch,stable,0.950912843754,0.775216691092,62.8652723869,53.4592317746,72.2713129992,0.304889345239,6,12.4576328701,COMP_0464,55.2341508314,COMP_0580,
GROUP_0008,2026-06,60.8529082015,healthy,stable,1.07139775358,2.99416859588,65.7292687769,56.3232281647,75.1353093892,0.304889345239,6,9.88896479767,COMP_0110,57.3698786798,COMP_0580,
GROUP_0008,2026-07,60.2349087898,healthy,stable,-0.617999411635,1.4043111857,62.6222378055,53.2161971932,72.0282784178,0.533556354169,6,6.07215905467,COMP_0110,57.7031844689,COMP_0643,
GROUP_0008,2026-08,61.2425703445,healthy,stable,1.00766155468,1.46105989663,64.6940776982,55.2880370859,74.1001183105,0.533556354169,6,9.1619751882,COMP_0464,56.9959342399,COMP_0787,
GROUP_0009,2025-10,60.3880301172,healthy,warmup,,,60.3880301172,50.9819895049,69.7940707295,0.217014128817,4,22.1562917054,COMP_0727,51.5378580376,COMP_1141,0.418585962575
GROUP_0009,2025-11,58.5604885238,watch,warmup,-1.82754159335,,58.5604885238,49.1544479116,67.9665291361,0.206888025461,7,23.6186418976,COMP_0377,50.5567483305,COMP_1229,0.411318382652
GROUP_0009,2025-12,59.0522674078,watch,warmup,0.491778883979,,55.6460724989,46.2400318866,65.0521131112,0.206888025461,7,22.9060166146,COMP_0727,50.0233522578,COMP_1229,0.441026041278
GROUP_0009,2026-01,60.4737553293,healthy,stable,1.4214879215,0.0857252121269,61.8006579138,52.3946173015,71.2066985261,0.206851193116,8,29.5578247487,COMP_0377,49.246313688,COMP_1229,0.401736966194
GROUP_0009,2026-02,57.6895371849,watch,stable,-2.78421814447,-0.870951338988,55.2461310923,45.84009048,64.6521717046,0.206061345271,9,29.8297775118,COMP_0240,45.0362075009,COMP_1229,0.422468105217
GROUP_0009,2026-03,58.9546303113,watch,stable,1.26509312646,-0.0976370965031,57.4925625093,48.086521897,66.8986031216,0.315888456931,9,32.2300190446,COMP_0240,43.5319584866,COMP_1141,0.412022716735
GROUP_0009,2026-04,55.5192632333,watch,stable,-3.43536707801,-4.95449209602,52.417213437,43.0111728247,61.8232540492,0.35535445706,9,37.5172147178,COMP_0240,43.190267097,COMP_1229,0.452510652748
GROUP_0009,2026-05,51.1694978751,watch,stable,-4.34976535817,-6.52003930971,43.1290729518,33.7230323395,52.5351135641,0.35535445706,9,42.3771711235,COMP_0727,39.0129715101,COMP_1229,0.499692464298
GROUP_0009,2026-06,48.8620521093,watch,stable,-2.30744576585,-10.092578202,37.0181148249,27.6120742126,46.4241554371,0.356038185623,9,37.2597300202,COMP_0727,40.7119030941,COMP_1141,0.536579970034
GROUP_0009,2026-07,50.2004637192,watch,stable,1.33841160995,-5.31879951406,39.0389013143,29.6328607021,48.4449419266,0.360607354225,9,40.3674977745,COMP_0727,40.5352954731,COMP_1229,0.474438640937
GROUP_0009,2026-08,48.8122949913,watch,deteriorating,-1.38816872797,-2.35720288387,38.4671129648,29.0610723525,47.8731535771,0.360607354225,9,41.3829730325,COMP_0240,39.4225466819,COMP_1229,0.501534835286
GROUP_0010,2026-01,58.3790050072,watch,warmup,,,58.3790050072,48.9729643949,67.7850456194,0.307111111111,1,0,COMP_0691,58.3790050072,COMP_0691,
GROUP_0010,2026-02,61.9419396339,healthy,warmup,3.56293462674,,61.9419396339,52.5358990216,71.3479802462,0.307111111111,1,0,COMP_0691,61.9419396339,COMP_0691,
GROUP_0010,2026-03,63.751812035,healthy,warmup,1.80987240116,,77.4524699562,68.0464293439,86.8585105685,0.307111111111,1,0,COMP_0691,63.751812035,COMP_0691,
GROUP_0010,2026-04,63.6754123605,healthy,stable,-0.0763996745513,5.29640735334,72.7925332338,63.3864926215,82.1985738461,0.307111111111,1,0,COMP_0691,63.6754123605,COMP_0691,
GROUP_0010,2026-05,68.0840624765,healthy,stable,4.40865011598,6.14212284259,78.8284862055,69.4224455932,88.2345268178,0.307111111111,1,0,COMP_0691,68.0840624765,COMP_0691,
GROUP_0010,2026-06,69.1243306608,healthy,stable,1.04026818437,5.3725186258,79.5659394932,70.159898881,88.9719801055,0.537444444444,1,0,COMP_0691,69.1243306608,COMP_0691,
GROUP_0010,2026-07,62.431539542,healthy,stable,-6.69279111883,-1.24387281848,67.7369072823,58.33086667,77.1429478946,0.537444444444,1,0,COMP_0691,62.431539542,COMP_0691,
GROUP_0010,2026-08,66.2437000419,healthy,stable,3.81216049992,-1.84036243454,68.785425809,59.3793851967,78.1914664212,0.537444444444,1,0,COMP_0691,66.2437000419,COMP_0691,
GROUP_0011,2026-02,45.7952868786,watch,warmup,,,45.7952868786,36.3892462663,55.2013274909,0.271358337694,10,39.3314647578,COMP_0898,37.0054995506,COMP_1140,0.467106978863
GROUP_0011,2026-03,47.6573435813,watch,warmup,1.86205670271,,47.6573435813,38.251302969,57.0633841936,0.271358337694,10,40.2366459357,COMP_1205,35.371564238,COMP_1140,0.458683644284
GROUP_0011,2026-04,43.7941497371,watch,warmup,-3.86319384418,,38.6912500263,29.2852094141,48.0972906386,0.271358337694,10,42.3597553986,COMP_0898,34.9370374614,COMP_1140,0.49050203511
GROUP_0011,2026-05,45.0735249031,watch,stable,1.27937516602,-0.721761975456,41.9085773686,32.5025367563,51.3146179809,0.271358337694,10,41.8961154402,COMP_1205,34.0473618336,COMP_1140,0.480180336353
GROUP_0011,2026-06,45.7835327125,watch,stable,0.71000780941,-1.87381086875,45.1625417525,35.7565011403,54.5685823648,0.271358337694,10,39.7352103213,COMP_1205,33.6881943376,COMP_1140,0.470284485621
GROUP_0011,2026-07,45.0565021655,watch,stable,-0.727030547072,1.26235242835,44.3029417581,34.8969011458,53.7089823704,0.474877090965,10,39.4946779227,COMP_1205,34.9241170171,COMP_0063,0.469493695112
GROUP_0011,2026-08,45.0351819834,watch,stable,-0.0213201821015,-0.0383429197638,44.9264490546,35.5204084424,54.3324896669,0.474877090965,10,40.4691725515,COMP_0893,34.0353767335,COMP_1140,0.461119824724
GROUP_0012,2024-09,59.3217553733,watch,warmup,,,59.3217553733,49.915714761,68.7277959856,0.295111111111,1,0,COMP_1042,59.3217553733,COMP_1042,
GROUP_0012,2024-10,56.0474289619,watch,warmup,-3.27432641138,,56.0474289619,46.6413883496,65.4534695742,0.295111111111,1,0,COMP_1042,56.0474289619,COMP_1042,
GROUP_0012,2024-11,53.975872212,watch,warmup,-2.07155674996,,40.3438701505,30.9378295382,49.7499107628,0.295111111111,1,0,COMP_1042,53.975872212,COMP_1042,
GROUP_0012,2024-12,57.831037804,watch,stable,3.85516559203,-1.49071756931,51.2814581577,41.8754175454,60.68749877,0.295111111111,1,0,COMP_1042,57.831037804,COMP_1042,
GROUP_0012,2025-01,57.4174089555,watch,stable,-0.413628848452,1.36997999362,55.1486345507,45.7425939384,64.5546751629,0.295111111111,1,0,COMP_1042,57.4174089555,COMP_1042,
GROUP_0012,2025-02,58.9899579752,watch,stable,1.57254901966,5.01408576323,61.3189239643,51.9128833521,70.7249645766,0.516444444444,1,0,COMP_1042,58.9899579752,COMP_1042,
GROUP_0012,2025-03,57.7720934326,watch,stable,-1.21786454259,-0.0589443713803,60.7273398692,51.3212992569,70.1333804815,0.516444444444,1,0,COMP_1042,57.7720934326,COMP_1042,
GROUP_0012,2025-04,61.2957270643,healthy,stable,3.52363363167,3.87831810874,67.1754382414,57.7693976292,76.5814788537,0.516444444444,1,0,COMP_1042,61.2957270643,COMP_1042,
GROUP_0012,2025-05,60.1551544329,healthy,stable,-1.14057263138,1.16519645771,63.1104008695,53.7043602572,72.5164414818,0.516444444444,1,0,COMP_1042,60.1551544329,COMP_1042,
GROUP_0012,2025-06,63.720523166,healthy,stable,3.56536873313,5.94842973342,69.7973287168,60.3912881045,79.2033693291,0.516444444444,1,0,COMP_1042,63.720523166,COMP_1042,
GROUP_0012,2025-07,59.1726931867,watch,stable,-4.54782997937,-2.12303387762,61.1535271648,51.7474865525,70.559567777,0.516444444444,1,0,COMP_1042,59.1726931867,COMP_1042,
GROUP_0012,2025-08,58.4852187578,watch,stable,-0.687474428851,-1.66993567509,55.9799425799,46.5739019676,65.3859831922,0.664,1,0,COMP_1042,58.4852187578,COMP_1042,
GROUP_0012,2025-09,58.0838616403,watch,stable,-0.401357117498,-5.63666152572,54.8077589079,45.4017182956,64.2137995201,0.664,1,0,COMP_1042,58.0838616403,COMP_1042,
GROUP_0012,2025-10,57.5459683174,watch,stable,-0.537893322903,-1.62672486925,54.7805360397,45.3744954274,64.186576652,0.664,1,0,COMP_1042,57.5459683174,COMP_1042,
GROUP_0012,2025-11,57.8845992584,watch,stable,0.338630940972,-0.60061949943,55.1191669806,45.7131263684,64.5252075929,0.664,1,0,COMP_1042,57.8845992584,COMP_1042,
GROUP_0012,2025-12,55.8570662511,watch,stable,-2.02753300728,-2.22679538921,53.0916339734,43.6855933611,62.4976745857,0.664,1,0,COMP_1042,55.8570662511,COMP_1042,
GROUP_0012,2026-01,58.0310076616,watch,stable,2.17394141053,0.485039344224,57.0099545126,47.6039139003,66.4159951249,0.664,1,0,COMP_1042,58.0310076616,COMP_1042,
GROUP_0012,2026-02,56.5635923973,watch,stable,-1.46741526429,-1.32100686104,55.3110630993,45.905022487,64.7171037115,0.737777777778,1,0,COMP_1042,56.5635923973,COMP_1042,
GROUP_0012,2026-03,55.9715505179,watch,stable,-0.592041879425,0.114484266812,54.3656443624,44.9596037501,63.7716849747,0.737777777778,1,0,COMP_1042,55.9715505179,COMP_1042,
GROUP_0012,2026-04,59.2626454888,watch,stable,3.29109497093,1.23163782721,59.6359869171,50.2299463048,69.0420275294,0.737777777778,1,0,COMP_1042,59.2626454888,COMP_1042,
GROUP_0012,2026-05,54.9880326535,watch,stable,-4.27461283529,-1.57555974379,54.101618384,44.6955777718,63.5076589963,0.737777777778,1,0,COMP_1042,54.9880326535,COMP_1042,
GROUP_0012,2026-06,56.8010264216,watch,stable,1.8129937681,0.829475903738,54.2930558675,44.8870152552,63.6990964798,0.737777777778,1,0,COMP_1042,56.8010264216,COMP_1042,
GROUP_0012,2026-07,53.3220130868,watch,stable,-3.47901333486,-5.94063240206,50.3025995017,40.8965588894,59.708640114,0.737777777778,1,0,COMP_1042,53.3220130868,COMP_1042,
GROUP_0012,2026-08,56.1342729531,watch,stable,2.8122598663,1.14624029954,53.626302399,44.2202617867,63.0323430113,0.737777777778,1,0,COMP_1042,56.1342729531,COMP_1042,
GROUP_0013,2024-09,52.5760932019,watch,warmup,,,52.5760932019,43.1700525896,61.9821338142,0.311832694398,8,40.858527623,COMP_0504,45.494014727,COMP_0618,0.334412377451
GROUP_0013,2024-10,75.1189756311,healthy,warmup,22.5428824292,,75.1189756311,65.7129350188,84.5250162434,0.311131220417,10,42.5433467174,COMP_0504,47.2774590834,COMP_0959,0.325446070311
GROUP_0013,2024-11,76.7925749948,healthy,warmup,1.67359936368,,100,100,100,0.311131220417,10,42.7729677865,COMP_0504,45.4693756697,COMP_0959,0.346548397073
GROUP_0013,2024-12,73.2000822205,healthy,stable,-3.59249277423,20.6239890187,94.9981512638,85.5921106515,100,0.311131220417,10,41.3853085655,COMP_0504,45.550744452,COMP_0959,0.338684300229
GROUP_0013,2025-01,75.9719923538,healthy,stable,2.77191013321,0.853016722674,87.3080415709,77.9020009586,96.7140821831,0.311131220417,10,40.6624813299,COMP_0973,46.4900694582,COMP_0959,0.351554585254
GROUP_0013,2025-02,74.936524488,healthy,stable,-1.03546786574,-1.85605050675,79.3644522701,69.9584116578,88.7704928824,0.317544896828,10,43.687205819,COMP_0504,45.8716247279,COMP_0959,0.331013590002
GROUP_0013,2025-03,73.694532356,healthy,stable,-1.24199213203,0.494450135444,71.6020466214,62.1960060091,81.0080872337,0.54447963573,10,42.1517841419,COMP_0504,44.7983001809,COMP_0959,0.34452901279
GROUP_0013,2025-04,72.3301741043,healthy,stable,-1.36435825169,-3.64181824946,67.778525196,58.3724845837,77.1845658083,0.54447963573,10,47.4290133443,COMP_0973,44.4938326406,COMP_0959,0.356416264231
GROUP_0013,2025-05,73.515443586,healthy,stable,1.18526948168,-1.42108090204,71.0996060525,61.6935654402,80.5056466648,0.54447963573,10,43.7561841247,COMP_0504,46.9743329654,COMP_0959,0.322281977572
GROUP_0013,2025-06,74.3633114275,healthy,stable,0.847867841519,0.668779071511,71.947473894,62.5414332818,81.3535145063,0.54447963573,10,45.4280413493,COMP_0504,48.3285824858,COMP_0959,0.318991779259
GROUP_0013,2025-07,71.0153351694,healthy,stable,-3.34797625808,-1.31483893488,68.599497636,59.1934570237,78.0055382482,0.54447963573,10,50.0817590012,COMP_0504,44.2129755264,COMP_0959,0.32926728569
GROUP_0013,2025-08,70.7948537304,healthy,stable,-0.220481439012,-2.72058985557,68.5596275411,59.1535869288,77.9656681534,0.548335203229,11,47.2732193513,COMP_0504,45.4224496223,COMP_0959,0.317928467657
GROUP_0013,2025-09,66.7577965297,healthy,stable,-4.03705720075,-7.60551489784,61.0739714035,51.6679307912,70.4800120158,0.699366221935,11,54.0042186453,COMP_0504,42.0764186717,COMP_0959,0.343584868761
GROUP_0013,2025-10,39.5251050929,stress,stable,-27.2326914367,-31.4902300765,26.5957297666,17.1896891543,36.0017703789,0.381957637845,12,64.1871665495,COMP_1244,32.0489988645,COMP_0959,0.325312611704
GROUP_0013,2025-11,37.9570413185,stress,stable,-1.56806377439,-32.8378124119,0.822645807366,0,10.2286864197,0.381957637845,12,61.902652541,COMP_1244,31.2671457422,COMP_0959,0.324839400449
GROUP_0013,2025-12,36.209610483,stress,stable,-1.74743083554,-30.5481860467,0,0,3.46632643537,0.381957637845,12,67.0021798895,COMP_1244,29.2874473431,COMP_0959,0.337424921625
GROUP_0013,2026-01,37.0364191785,stress,stable,0.826808695501,-2.48868591443,2.60281593551,0,12.0088565478,0.382035019406,12,64.8524889666,COMP_1244,29.8571874389,COMP_0959,0.340919297657
GROUP_0013,2026-02,38.9513348395,stress,stable,1.91491566103,0.994293520983,30.9542095901,21.5481689778,40.3602502024,0.38245968777,12,64.8828554339,COMP_1244,32.3179150709,COMP_0959,0.326551526795
GROUP_0013,2026-03,40.144413692,watch,stable,1.19307885246,3.93480320898,41.8347126776,32.4286720653,51.2407532899,0.579584431258,12,59.1790161798,COMP_1244,34.1908405829,COMP_0959,0.335941392854
GROUP_0013,2026-04,39.2546968375,stress,stable,-0.889716854455,2.21827765903,43.0257688579,33.6197282456,52.4318094701,0.579584431258,12,60.0773059031,COMP_1244,34.1025759811,COMP_0959,0.340461687524
GROUP_0013,2026-05,39.3773689119,stress,stable,0.12267207442,0.426034072422,43.1484409323,33.74240032,52.5544815446,0.579584431258,12,63.3384222351,COMP_1244,33.815211512,COMP_0959,0.328921995686
GROUP_0013,2026-06,36.4514135278,stress,stable,-2.92595538409,-3.69300016413,37.0770411074,27.6710004951,46.4830817197,0.579584431258,12,60.9583622924,COMP_1244,30.0582417348,COMP_0959,0.309988262991
GROUP_0013,2026-07,40.676803834,watch,stable,4.22539030616,1.42210699648,41.3556012651,31.9495606528,50.7616418774,0.579636018965,12,58.485993855,COMP_1244,35.0579363777,COMP_0959,0.333794549664
GROUP_0013,2026-08,41.393823418,watch,stable,0.717019584015,2.01645450608,42.6682213386,33.2621807263,52.0742619509,0.579636018965,12,59.471453321,COMP_1244,36.2209306742,COMP_0959,0.344239986218
GROUP_0014,2024-09,74.4386667427,healthy,warmup,,,74.4386667427,65.0326261305,83.844707355,0.323111111111,1,0,COMP_0832,74.4386667427,COMP_0832,
GROUP_0014,2024-10,72.3231087565,healthy,warmup,-2.11555798624,,72.3231087565,62.9170681442,81.7291493688,0.323111111111,1,0,COMP_0832,72.3231087565,COMP_0832,
GROUP_0014,2024-11,72.8194555858,healthy,warmup,0.496346829269,,68.6904671355,59.2844265232,78.0965077478,0.323111111111,1,0,COMP_0832,72.8194555858,COMP_0832,
GROUP_0014,2024-12,71.7275043476,healthy,stable,-1.09195123814,-2.71116239511,67.3585220867,57.9524814744,76.764562699,0.323111111111,1,0,COMP_0832,71.7275043476,COMP_0832,
GROUP_0014,2025-01,72.9799845313,healthy,stable,1.2524801837,0.656875774827,71.2906790003,61.884638388,80.6967196125,0.323111111111,1,0,COMP_0832,72.9799845313,COMP_0832,
GROUP_0014,2025-02,73.8225950359,healthy,stable,0.842610504536,1.00313945009,74.231943847,64.8259032348,83.6379844593,0.565444444444,1,0,COMP_0832,73.8225950359,COMP_0832,
GROUP_0014,2025-03,76.5343125006,healthy,stable,2.71171746474,4.80680815298,80.8297403196,71.4236997073,90.2357809319,0.565444444444,1,0,COMP_0832,76.5343125006,COMP_0832,
GROUP_0014,2025-04,70.8101388076,healthy,stable,-5.72417369302,-2.16984572374,72.5154758728,63.1094352605,81.921516485,0.565444444444,1,0,COMP_0832,70.8101388076,COMP_0832,
GROUP_0014,2025-05,71.0120526046,healthy,stable,0.201913797015,-2.81054243126,70.2822918267,60.8762512144,79.688332439,0.565444444444,1,0,COMP_0832,71.0120526046,COMP_0832,
GROUP_0014,2025-06,73.4158291395,healthy,stable,2.40377653492,-3.11848336108,72.8972026217,63.4911620094,82.303243234,0.565444444444,1,0,COMP_0832,73.4158291395,COMP_0832,
GROUP_0014,2025-07,70.0638312353,healthy,stable,-3.35199790425,-0.746307572316,66.2298921587,56.8238515464,75.635932771,0.565444444444,1,0,COMP_0832,70.0638312353,COMP_0832,
GROUP_0014,2025-08,71.6635074709,healthy,stable,1.59967623561,0.651454866276,69.2455429791,59.8395023668,78.6515835914,0.727,1,0,COMP_0832,71.6635074709,COMP_0832,
GROUP_0014,2025-09,76.4435855352,healthy,stable,4.78007806434,3.02775639569,81.5907714079,72.1847307956,90.9968120202,0.727,1,0,COMP_0832,76.4435855352,COMP_0832,
GROUP_0014,2025-10,69.6421559464,healthy,stable,-6.8014295888,-0.421675288855,68.9253079554,59.5192673431,78.3313485677,0.727,1,0,COMP_0832,69.6421559464,COMP_0832,
GROUP_0014,2025-11,69.2645594543,healthy,stable,-0.377596492134,-2.3989480166,65.1863478261,55.7803072138,74.5923884384,0.727,1,0,COMP_0832,69.2645594543,COMP_0832,
GROUP_0014,2025-12,70.7259600673,healthy,stable,1.46140061302,-5.71762546791,69.7068885466,60.3008479343,79.1129291588,0.727,1,0,COMP_0832,70.7259600673,COMP_0832,
GROUP_0014,2026-01,71.7964352199,healthy,stable,1.07047515262,2.15427927351,70.6010622804,61.1950216681,80.0071028927,0.727,1,0,COMP_0832,71.7964352199,COMP_0832,
GROUP_0014,2026-02,74.8604911283,healthy,stable,3.06405590839,5.59593167403,78.5227658933,69.116725281,87.9288065056,0.807777777778,1,0,COMP_0832,74.8604911283,COMP_0832,
GROUP_0014,2026-03,75.0621582336,healthy,stable,0.2016671053,4.33619816631,81.7155355905,72.3094949783,91.1215762028,0.807777777778,1,0,COMP_0832,75.0621582336,COMP_0832,
GROUP_0014,2026-04,54.8385227964,watch,stable,-20.2236354373,-16.9579124236,61.2948059988,51.8887653865,70.700846611,0.807777777778,1,0,COMP_0832,54.8385227964,COMP_0832,
GROUP_0014,2026-05,54.7132581643,watch,stable,-0.125264632027,-20.147232964,38.3803022233,28.974261611,47.7863428356,0.807777777778,1,0,COMP_0832,54.7132581643,COMP_0832,
GROUP_0014,2026-06,71.9601664466,healthy,stable,17.2469082823,-3.101991787,68.2622524775,58.8562118652,77.6682930897,0.807777777778,1,0,COMP_0832,71.9601664466,COMP_0832,
GROUP_0014,2026-07,72.8696893203,healthy,stable,0.909522873696,18.0311665239,70.8390714762,61.4330308639,80.2451120884,0.807777777778,1,0,COMP_0832,72.8696893203,COMP_0832,
GROUP_0014,2026-08,73.4000419381,healthy,stable,0.530352617805,18.6867837738,77.0717244415,67.6656838292,86.4777650537,0.807777777778,1,0,COMP_0832,73.4000419381,COMP_0832,
GROUP_0015,2024-09,76.2548026426,healthy,warmup,,,76.2548026426,66.8487620303,85.6608432549,0.313947030746,3,34.4435188678,COMP_0545,58.0843590433,COMP_1210,0.130702343689
GROUP_0015,2024-10,75.7765890802,healthy,warmup,-0.478213562361,,75.7765890802,66.3705484679,85.1826296925,0.313947030746,4,44.5245807144,COMP_0475,52.7798769015,COMP_1210,0.147267434719
GROUP_0015,2024-11,73.3402371117,healthy,warmup,-2.43635196851,,65.908095008,56.5020543957,75.3141356203,0.313947030746,4,46.4578586751,COMP_0475,50.6469409699,COMP_1210,0.163435731061
GROUP_0015,2024-12,75.2714796077,healthy,stable,1.93124249597,-0.983323034899,73.216210444,63.8101698317,82.6222510563,0.313947030746,4,45.2224351544,COMP_0475,49.1093036624,COMP_1210,0.149218045814
GROUP_0015,2025-01,73.8225178403,healthy,stable,-1.44896176741,-1.95407123995,71.0524916948,61.6464510825,80.458532307,0.313947030746,4,43.5578315649,COMP_0475,47.6680987302,COMP_1210,0.171172414994
GROUP_0015,2025-02,77.7785512789,healthy,stable,3.95603343861,4.43831416717,76.4905221239,67.0844815116,85.8965627362,0.549407303805,4,38.1029364066,COMP_0475,51.7851225947,COMP_1210,0.113740089228
GROUP_0015,2025-03,74.2804794368,healthy,stable,-3.49807184202,-0.99100017082,75.4482815082,66.0422408959,84.8543221205,0.549407303805,4,33.9930912459,COMP_0475,54.1028418009,COMP_1210,0.171687829072
GROUP_0015,2025-04,73.4787329238,healthy,stable,-0.801746512998,-0.343784916403,73.6199986522,64.21395804,83.0260392645,0.549407303805,4,37.0103204822,COMP_0475,52.026970566,COMP_1210,0.164611226625
GROUP_0015,2025-05,73.1257150601,healthy,stable,-0.353017863755,-4.65283621877,70.9370352216,61.5309946093,80.3430758339,0.549407303805,4,33.6448224811,COMP_0475,52.7626523219,COMP_1210,0.174857470744
GROUP_0015,2025-06,73.5919500327,healthy,stable,0.466234972599,-0.688529404154,72.4214500456,63.0154094333,81.8274906579,0.549407303805,4,34.2232294141,COMP_0475,54.7409678768,COMP_1210,0.162181886768
GROUP_0015,2025-07,74.4118646898,healthy,stable,0.819914657127,0.93313176597,72.6114735847,63.2054329724,82.017514197,0.549407303805,4,43.2433113064,COMP_0475,45.5499337493,COMP_1210,0.165134022641
GROUP_0015,2025-08,75.925531589,healthy,stable,1.51366689916,2.79981652888,77.6034847841,68.1974441719,87.0095253964,0.706380819178,4,38.9466106317,COMP_0475,43.5537235648,COMP_1210,0.132333503861
GROUP_0015,2025-09,74.0219471791,healthy,stable,-1.90358440991,0.429997146374,75.6082711812,66.2022305689,85.0143117935,0.706380819178,4,37.4027805175,COMP_0475,46.0214084414,COMP_1210,0.136436487113
GROUP_0015,2025-10,73.7766618114,healthy,stable,-0.245285367649,-0.635202878402,74.5076569603,65.101616348,83.9136975725,0.706380819178,4,34.7479480169,COMP_0475,46.8955250994,COMP_0808,0.140044837744
GROUP_0015,2025-11,72.6016758419,healthy,stable,-1.17498596955,-3.32385574711,71.5218309486,62.1157903363,80.9278715609,0.706380819178,4,34.9881613491,COMP_0475,45.1833496293,COMP_1210,0.150443772028
GROUP_0015,2025-12,76.809046072,healthy,stable,4.20737023012,2.78709889292,75.7292011787,66.3231605664,85.135241791,0.706380819178,4,43.1760818344,COMP_0475,41.9008134161,COMP_0808,0.106860260524
GROUP_0015,2026-01,57.2970749702,watch,stable,-19.5119711018,-16.4795868412,51.6465202001,42.2404795878,61.0525608124,0.706380819178,4,40.5934779763,COMP_0475,39.2927681529,COMP_1210,0.160187011926
GROUP_0015,2026-02,71.2323895039,healthy,stable,13.9353145337,-1.369286338,67.9884423117,58.5824016995,77.394482924,0.784867576864,4,49.5492979125,COMP_0545,33.848740075,COMP_0808,0.13203392317
GROUP_0015,2026-03,77.3660509747,healthy,stable,6.13366147084,0.55700490272,78.3129593093,68.906918697,87.7189999216,0.784867576864,4,45.0634656294,COMP_0475,41.3218624419,COMP_0808,0.110396342315
GROUP_0015,2026-04,77.0795763481,healthy,stable,-0.286474626591,19.7825013779,81.6470348645,72.2409942522,91.0530754768,0.784867576864,4,42.8510240273,COMP_0475,43.5879494725,COMP_0808,0.116506116689
GROUP_0015,2026-05,78.6907100816,healthy,stable,1.61113373346,7.4583205777,86.9074921222,77.5014515099,96.3135327345,0.784867576864,4,44.6061936357,COMP_0475,44.036882206,COMP_0808,0.0926831006042
GROUP_0015,2026-06,77.9030704447,healthy,stable,-0.787639636913,0.537019469953,90.5822154268,81.1761748145,99.988256039,0.784867576864,4,40.6464586343,COMP_0475,46.7638846189,COMP_0808,0.10667368303
GROUP_0015,2026-07,76.6855544981,healthy,stable,-1.21751594659,-0.394021850049,78.7854644443,69.379423832,88.1915050565,0.784867576864,4,39.0005950918,COMP_0475,47.2116511288,COMP_0808,0.109789903614
GROUP_0015,2026-08,76.3005241571,healthy,stable,-0.385030340963,-2.39018592447,75.2136868031,65.8076461909,84.6197274154,0.784867576864,4,40.3062063166,COMP_0475,44.4955776179,COMP_0808,0.124160785007
GROUP_0016,2024-09,62.0367802405,healthy,warmup,,,62.0367802405,52.6307396282,71.4428208528,0.298965838062,12,37.4689073828,COMP_0810,33.8306966134,COMP_0828,0.340946156813
GROUP_0016,2024-10,64.1972820409,healthy,warmup,2.16050180045,,64.1972820409,54.7912414286,73.6033226532,0.298965838062,12,41.0739257889,COMP_0810,35.0533312224,COMP_0828,0.366546377101
GROUP_0016,2024-11,57.8158430362,watch,warmup,-6.38143900473,,47.0524531653,37.646412553,56.4584937776,0.29751240621,13,39.4488749699,COMP_0810,35.8888868388,COMP_0828,0.356653104179
GROUP_0016,2024-12,56.3243928737,watch,stable,-1.49145016255,-5.71238736683,46.0871686764,36.6811280641,55.4932092887,0.29751240621,13,38.9415420941,COMP_0810,32.2230394741,COMP_0828,0.348600613275
GROUP_0016,2025-01,55.1377807804,watch,stable,-1.18661209325,-9.05950126053,45.8841393628,36.4780987505,55.2901799751,0.29751240621,13,43.9117174478,COMP_0810,31.1076531758,COMP_0828,0.370090923125
GROUP_0016,2025-02,54.3644594295,watch,stable,-0.77332135094,-3.45138360674,46.5386922022,37.1326515899,55.9447328145,0.43719257246,13,39.9882810171,COMP_0810,30.1688856549,COMP_0828,0.361443596754
GROUP_0016,2025-03,53.8103746494,watch,stable,-0.554084780017,-2.5140182242,47.7586529739,38.3526123616,57.1646935862,0.43719257246,13,43.042882507,COMP_0810,29.9147219286,COMP_0828,0.348293008163
GROUP_0016,2025-04,56.3294849734,watch,stable,2.51911032392,1.19170419296,52.3855460836,42.9795054713,61.7915866959,0.520646710868,13,43.9598788884,COMP_0810,31.3927257276,COMP_0368,0.375603713359
GROUP_0016,2025-05,54.593927037,watch,stable,-1.73555793632,0.22946760758,52.8288518837,43.4228112714,62.234892496,0.520646710868,13,47.8688035809,COMP_0810,33.9054312881,COMP_0368,0.358181646327
GROUP_0016,2025-06,54.7575031467,watch,stable,0.163576109648,0.947128497245,55.1475980796,45.7415574673,64.5536386919,0.520646710868,13,45.3624237134,COMP_0810,34.264643988,COMP_0368,0.360603443143
GROUP_0016,2025-07,53.8801987989,watch,stable,-0.877304347768,-2.44928617444,53.9692245895,44.5631839772,63.3752652018,0.517156358544,14,46.212400398,COMP_0810,30.7176010529,COMP_0368,0.374324667041
GROUP_0016,2025-08,56.1104162499,watch,stable,2.230217451,1.51648921288,56.9446544091,47.5386137968,66.3506950214,0.609290166243,14,43.1804620716,COMP_0810,32.8148770755,COMP_0368,0.387710189094
GROUP_0016,2025-09,55.0497610073,watch,stable,-1.06065524258,0.29225786065,54.770448385,45.3644077727,64.1764889972,0.609290166243,14,41.554347517,COMP_0810,34.6297529858,COMP_0368,0.378656378291
GROUP_0016,2025-10,55.9645421845,watch,stable,0.914781177173,2.08434338559,57.3625696349,47.9565290226,66.7686102472,0.659998758854,15,42.7181062987,COMP_0810,36.4796125244,COMP_0368,0.378137067482
GROUP_0016,2025-11,54.923045986,watch,stable,-1.04149619856,-1.18737026397,55.4198843491,46.0138437368,64.8259249613,0.659998758854,15,44.2528215428,COMP_0810,35.5923764693,COMP_0368,0.398558932121
GROUP_0016,2025-12,53.5345189344,watch,stable,-1.38852705159,-1.51524207298,53.1625400676,43.7564994553,62.5685806799,0.661503220921,15,42.9750079209,COMP_0412,35.5636256658,COMP_0368,0.392879518967
GROUP_0016,2026-01,55.2057159742,watch,stable,1.67119703984,-0.758826210315,53.9157114167,44.5096708044,63.321752029,0.661503220921,15,46.8982827764,COMP_0810,32.2180428754,COMP_0368,0.377402866331
GROUP_0016,2026-02,54.6541221613,watch,stable,-0.551593812897,-0.268923824649,54.1969516594,44.7909110471,63.6029922717,0.707154834889,15,50.6513738911,COMP_1199,31.814652779,COMP_0368,0.431506449187
GROUP_0016,2026-03,61.2897211376,healthy,stable,6.63559897633,7.75520220327,62.0105296077,52.6044889954,71.41657022,0.708392885181,15,55.6840892442,COMP_1199,31.3574895966,COMP_0203,0.420133328873
GROUP_0016,2026-04,58.5248670968,watch,stable,-2.76485404078,3.31915112265,64.1674240054,54.7613833931,73.5734646176,0.735668168514,15,47.8498313269,COMP_1199,32.0628893248,COMP_0203,0.416056654712
GROUP_0016,2026-05,59.1352813759,watch,stable,0.610414279047,4.48115921459,64.8480590663,55.442018454,74.2540996785,0.735668168514,15,51.6039707402,COMP_1199,29.8982109716,COMP_0203,0.420257880006
GROUP_0016,2026-06,58.9404874545,watch,stable,-0.19479392136,-2.3492336831,62.7499543645,53.3439137522,72.1559949768,0.736671143226,15,52.2705095326,COMP_1199,28.5595748007,COMP_0368,0.428581014026
GROUP_0016,2026-07,58.4252266541,watch,stable,-0.515260800464,-0.0996404427769,58.2558379014,48.8497972891,67.6618785136,0.736671143226,15,53.097352366,COMP_1199,31.5834396432,COMP_0368,0.408144317061
GROUP_0016,2026-08,58.2330543168,watch,stable,-0.192172337318,-0.902227059142,56.4290998154,47.0230592031,65.8351404277,0.736671143226,15,52.8182787384,COMP_1199,28.4430518802,COMP_0203,0.441002095236
GROUP_0017,2024-09,64.5954233081,healthy,warmup,,,64.5954233081,55.1893826958,74.0014639204,0.279576450659,9,45.3486287542,COMP_0174,35.8211025704,COMP_0786,0.450347875754
GROUP_0017,2024-10,64.7010589951,healthy,warmup,0.105635687065,,64.7010589951,55.2950183828,74.1070996074,0.279576450659,9,40.6797568909,COMP_0174,39.3616462174,COMP_0786,0.41582979
GROUP_0017,2024-11,63.0749743866,healthy,warmup,-1.62608460858,,59.1978296367,49.7917890244,68.603870249,0.279576450659,9,38.1433747045,COMP_0174,41.6741175447,COMP_0786,0.411353352689
GROUP_0017,2024-12,63.1057276767,healthy,stable,0.0307532901499,-1.48969563136,59.9009140151,50.4948734028,69.3069546274,0.279576450659,9,38.9516849066,COMP_0174,40.583435438,COMP_0786,0.426401696992
GROUP_0017,2025-01,62.7944845057,healthy,stable,-0.311243171053,-1.90657448948,60.3801447325,50.9741041202,69.7861853447,0.279576450659,9,40.349336871,COMP_0174,37.165454822,COMP_0786,0.458369020793
GROUP_0017,2025-02,64.3718019425,healthy,stable,1.57731743681,1.29682755591,63.6565527462,54.2505121339,73.0625933585,0.489258788653,9,39.8434810071,COMP_0174,37.8865206554,COMP_0786,0.446171743318
GROUP_0017,2025-03,63.8644938857,healthy,stable,-0.507308056722,0.758766209038,63.4446911436,54.0386505313,72.8507317559,0.489258788653,9,42.2131994211,COMP_0174,37.55481943,COMP_0786,0.453799293302
GROUP_0017,2025-04,64.7248893013,healthy,stable,0.860395415518,1.93040479561,66.4078025143,57.001761902,75.8138431266,0.489258788653,9,38.0431511571,COMP_0174,45.7225991165,COMP_0786,0.429752626662
GROUP_0017,2025-05,63.8255581568,healthy,stable,-0.899331144475,-0.54624378568,65.1154607122,55.7094200999,74.5215013244,0.489258788653,9,31.8343059018,COMP_0174,42.3264115653,COMP_0532,0.421132301007
GROUP_0017,2025-06,61.9095745287,healthy,stable,-1.91598362813,-1.95491935708,61.0069663521,51.6009257398,70.4130069644,0.489258788653,9,34.256920516,COMP_0174,39.5572809186,COMP_0532,0.449738604239
GROUP_0017,2025-07,63.140435527,healthy,stable,1.23086099838,-1.58445377422,61.3933728212,51.9873322089,70.7994134335,0.489258788653,9,30.7407735319,COMP_0174,42.0747642086,COMP_0532,0.416231140194
GROUP_0017,2025-08,64.1411347133,healthy,stable,1.0006991863,0.315576556551,63.3968476137,53.9908070014,72.802888226,0.629047013982,9,29.2117433385,COMP_0174,44.0979143346,COMP_0532,0.408590978849
GROUP_0017,2025-09,65.5697107999,healthy,stable,1.4285760866,3.66013627128,66.4314287286,57.0253881163,75.8374693409,0.629047013982,9,29.2773748013,COMP_0174,43.8797040671,COMP_0696,0.425019060529
GROUP_0017,2025-10,65.8368197357,healthy,stable,0.267108935737,2.69638420864,70.4206728904,61.0146322781,79.8267135026,0.629047013982,9,35.7351669498,COMP_0174,38.0023753432,COMP_0696,0.441613063104
GROUP_0017,2025-11,65.35540305,healthy,stable,-0.481416685679,1.21426833666,69.9392562047,60.5332155924,79.345296817,0.629047013982,9,34.6905727107,COMP_0174,38.7732382847,COMP_0696,0.435448540466
GROUP_0017,2025-12,65.1085943421,healthy,stable,-0.246808707929,-0.46111645787,67.1161163334,57.7100757211,76.5221569457,0.629047013982,9,33.519853829,COMP_0174,38.3827847304,COMP_0696,0.434825341816
GROUP_0017,2026-01,67.0164612001,healthy,stable,1.90786685805,1.17964146445,68.8610679604,59.4550273481,78.2671085726,0.629047013982,9,34.7746123238,COMP_0174,39.5154658872,COMP_0696,0.423119577136
GROUP_0017,2026-02,65.5847016832,healthy,stable,-1.43175951695,0.229298633181,65.5999923841,56.1939517718,75.0060329964,0.684543741876,11,30.9816248538,COMP_0174,39.4493671726,COMP_0696,0.42281038378
GROUP_0017,2026-03,66.0487735529,healthy,stable,0.464071869768,0.940179210877,66.4385812294,57.0325406171,75.8446218416,0.684543741876,11,34.081575223,COMP_0174,39.0861716485,COMP_0696,0.430630290322
GROUP_0017,2026-04,66.3130870212,healthy,stable,0.264313468267,-0.70337417891,67.527160741,58.1211201288,76.9332013533,0.684543741876,11,29.4946048208,COMP_0174,43.9869010318,COMP_0696,0.39440690952
GROUP_0017,2026-05,62.6040855175,healthy,stable,-3.70900150372,-2.98061616568,61.4083494134,52.0023088011,70.8143900256,0.684543741876,11,35.8633057959,COMP_0174,40.2904621153,COMP_0532,0.441135652402
GROUP_0017,2026-06,57.1119750357,watch,stable,-5.49211048178,-8.93679851723,49.8100014993,40.403960887,59.2160421116,0.684543741876,11,37.3401320607,COMP_0174,36.6147200662,COMP_0696,0.4639059705
GROUP_0017,2026-07,60.6285021172,healthy,stable,3.51652708144,-5.68458490406,53.7176560365,44.3116154242,63.1236966488,0.688877101786,11,34.9293952569,COMP_0174,43.22208762,COMP_0532,0.420402750894
GROUP_0017,2026-08,60.026698717,healthy,stable,-0.60180340014,-2.57738680048,53.1158526364,43.7098120241,62.5218932487,0.688877101786,11,34.5201382277,COMP_0174,43.7652484009,COMP_0532,0.427817447879
GROUP_0018,2025-01,69.4764654522,healthy,warmup,,,69.4764654522,60.0704248399,78.8825060645,0.398115090453,5,44.0760786557,COMP_1038,38.1567749507,COMP_0047,0.440233657779
GROUP_0018,2025-02,67.983353909,healthy,warmup,-1.49311154317,,67.983353909,58.5773132968,77.3893945213,0.398115032134,6,37.1033273087,COMP_1038,41.6725345839,COMP_0047,0.406201352911
GROUP_0018,2025-03,68.4746745524,healthy,warmup,0.491320643313,,65.9201077577,56.5140671454,75.32614837,0.398879524601,7,38.3585912808,COMP_1038,42.6060881108,COMP_0047,0.390150611287
GROUP_0018,2025-04,67.3855484826,healthy,stable,-1.08912606973,-2.09091696959,64.3309856612,54.9249450489,73.7370262734,0.398879524601,7,38.2247925905,COMP_1038,42.1259230893,COMP_0047,0.396278476704
GROUP_0018,2025-05,68.552040089,healthy,stable,1.16649160639,0.568686179978,67.2005170013,57.794476389,76.6065576136,0.398879524601,7,36.7155514349,COMP_1038,45.1093519978,COMP_0047,0.38321481352
GROUP_0018,2025-06,66.2056243339,healthy,stable,-2.34641575513,-2.26905021846,63.6510575393,54.245016927,73.0570981515,0.576367091557,7,38.3418585981,COMP_1038,42.0257343678,COMP_0047,0.410343959693
GROUP_0018,2025-07,66.0972476912,healthy,stable,-0.108376642674,-1.28830079141,63.9071363458,54.5010957335,73.3131769581,0.571346536398,10,35.4908800002,COMP_1038,44.1550628904,COMP_0047,0.384735949579
GROUP_0018,2025-08,63.984086676,healthy,stable,-2.11316101517,-4.56795341298,59.6472228727,50.2411822604,69.0532634849,0.690506524579,10,34.3478802899,COMP_1038,39.4185915203,COMP_0047,0.408060265287
GROUP_0018,2025-09,61.6104914692,healthy,stable,-2.37359520689,-4.59513286474,55.3507708548,45.9447302425,64.756811467,0.635137523887,12,50.1025297402,COMP_1038,35.1940447422,COMP_0565,0.442542813461
GROUP_0018,2025-10,61.6382919012,healthy,stable,0.0278004320185,-4.45895579005,54.0580670581,44.6520264458,63.4641076704,0.635137523887,12,47.1932524251,COMP_1038,35.6523067289,COMP_0565,0.434144022822
GROUP_0018,2025-11,60.7980569726,healthy,stable,-0.840234928599,-3.18602970348,54.9747081209,45.5686675086,64.3807487331,0.635137523887,12,39.7620933152,COMP_1038,40.6548630174,COMP_0565,0.400637515632
GROUP_0018,2025-12,61.8973506886,healthy,stable,1.09929371606,0.286859219475,57.6121525528,48.2061119405,67.0181931651,0.738052134613,12,41.0795135679,COMP_1038,39.0168145913,COMP_0565,0.411442724479
GROUP_0018,2026-01,58.9920782669,watch,stable,-2.90527242172,-2.64621363427,54.706880131,45.3008395188,64.1129207433,0.738052197708,12,45.8098297873,COMP_1038,37.793146824,COMP_0565,0.423595004063
GROUP_0018,2026-02,60.6246485873,healthy,stable,1.63257032036,-0.173408385307,59.332253362,49.9262127497,68.7382939743,0.841624225165,12,44.4521384492,COMP_1038,38.5547210929,COMP_0565,0.421153376905
GROUP_0018,2026-03,59.931931574,watch,stable,-0.692717013296,-1.96541911466,58.1914440402,48.7854034279,67.5974846525,0.841624225165,12,39.5926636374,COMP_1038,38.601662153,COMP_0565,0.416544298846
GROUP_0018,2026-04,55.8561920178,watch,stable,-4.07573955616,-3.1358862491,52.32333525,42.9172946377,61.7293758623,0.841624225165,12,43.7945101813,COMP_0979,38.6937172053,COMP_0565,0.383753009368
GROUP_0018,2026-05,52.6055624885,watch,stable,-3.25062952928,-8.01908609874,44.4627548711,35.0567142588,53.8687954834,0.841624225165,12,47.326296336,COMP_0979,35.7082367208,COMP_0565,0.39528862782
GROUP_0018,2026-06,49.8988522764,watch,stable,-2.70671021211,-10.0330792976,36.2664059086,26.8603652963,45.6724465208,0.893812602854,12,48.6381822413,COMP_0979,35.6427124905,COMP_0565,0.387407686444
GROUP_0018,2026-07,50.7421126955,watch,deteriorating,0.84326041907,-5.11407932232,37.1096663276,27.7036257153,46.5157069399,0.893812634402,12,46.6718773272,COMP_0979,33.1324500517,COMP_0565,0.390317206371
GROUP_0018,2026-08,51.7544851154,watch,deteriorating,1.01237241988,-0.851077373155,43.0605502674,33.6545096551,52.4665908797,0.951603416619,12,45.7378522489,COMP_0979,34.2662785915,COMP_0565,0.388395779651
GROUP_0019,2025-01,59.7902194991,watch,warmup,,,59.7902194991,50.3841788869,69.1962601114,0.388475000472,3,12.1825124732,COMP_1230,54.2409280187,COMP_1269,0.475235701876
GROUP_0019,2025-02,60.0141112094,healthy,warmup,0.22389171029,,60.0141112094,50.6080705971,69.4201518217,0.388475000472,3,10.2999894243,COMP_1230,52.7625518797,COMP_1269,0.450308734957
GROUP_0019,2025-03,60.6579192104,healthy,warmup,0.643808000985,,62.8705534742,53.4645128619,72.2765940865,0.388475000472,3,5.98581190303,COMP_1230,55.8855790682,COMP_1269,0.444837884199
GROUP_0019,2025-04,58.2185890688,watch,stable,-2.43933014166,-1.57163043038,57.4536270642,48.0475864519,66.8596676765,0.388475000472,3,4.8124239633,COMP_0173,56.6085402437,COMP_1269,0.490440089307
GROUP_0019,2025-05,61.1926919445,healthy,stable,2.97410287569,1.17858073502,62.7686033642,53.3625627519,72.1746439765,0.388475000472,3,8.56277115418,COMP_1230,56.0214613277,COMP_1269,0.448572407961
GROUP_0019,2025-06,61.7386137948,healthy,stable,0.545921850391,1.08069458443,63.7259759765,54.3199353642,73.1320165887,0.679831250825,3,6.28316452386,COMP_1230,57.4550124855,COMP_1269,0.436475059682
GROUP_0019,2025-07,60.0706004931,healthy,stable,-1.66801330175,1.85201142433,61.9077812866,52.5017406743,71.3138218989,0.679831250825,3,7.55022099581,COMP_1230,56.9549612974,COMP_1269,0.478464399729
GROUP_0019,2025-08,61.4649608805,healthy,stable,1.39436038743,0.272268936076,62.8286313523,53.42259074,72.2346719646,0.679831250825,3,15.5636362054,COMP_1230,52.6393015888,COMP_1269,0.480847941022
GROUP_0019,2025-09,59.5565786573,watch,stable,-1.90838222323,-2.18203513755,60.0194358486,50.6133952363,69.4254764609,0.679831250825,3,9.57532203068,COMP_1230,51.388620128,COMP_0173,0.457974818466
GROUP_0019,2025-10,56.6466610657,watch,stable,-2.90991759161,-3.4239394274,52.9372013319,43.5311607196,62.3432419442,0.679831250825,3,4.77654059367,COMP_1230,53.7542251859,COMP_0173,0.485236395866
GROUP_0019,2025-11,56.9729720349,watch,stable,0.326310969219,-4.49198884562,51.1522750083,41.746234396,60.5583156206,0.679831250825,3,4.30407947598,COMP_1230,54.2167253866,COMP_0173,0.480350814697
GROUP_0019,2025-12,56.2367728094,watch,deteriorating,-0.736199225505,-3.3198058479,50.593102868,41.1870622557,59.9991434803,0.874068751061,3,5.06622421633,COMP_1230,52.7645947365,COMP_0173,0.495016960831
GROUP_0019,2026-01,57.0854619584,watch,deteriorating,0.848689149016,0.438800892729,52.6183730579,43.2123324456,62.0244136702,0.874068751061,3,5.05326435101,COMP_1230,52.8783844805,COMP_0173,0.486415582855
GROUP_0019,2026-02,55.5605479321,watch,stable,-1.52491402628,-1.41242410277,53.1594269574,43.7533863451,62.5654675697,0.874068751061,3,4.54147856116,COMP_1269,52.8484224115,COMP_0173,0.465671488395
GROUP_0019,2026-03,55.6623198052,watch,stable,0.101771873058,-0.574453004208,54.6171047517,45.2110641394,64.023145364,0.874068751061,3,4.20591044248,COMP_1230,52.5761950925,COMP_0173,0.476392140029
GROUP_0019,2026-04,54.6815617252,watch,stable,-0.980758079965,-2.40390023319,52.4401468976,43.0341062853,61.8461875099,0.874068751061,3,5.47597155558,COMP_0173,52.867377556,COMP_1269,0.514063245535
GROUP_0019,2026-05,52.1508860744,watch,deteriorating,-2.53067565081,-3.40966185772,48.064255678,38.6582150657,57.4702962903,0.874068751061,3,10.7549703558,COMP_1230,46.7717947401,COMP_1269,0.542101332172
GROUP_0019,2026-06,48.5547793492,watch,deteriorating,-3.59610672519,-7.10754045597,40.7777178152,31.3716772029,50.1837584275,0.971187501179,3,13.1498710845,COMP_1230,40.8551451806,COMP_1269,0.550430137822
GROUP_0019,2026-07,51.3604374171,watch,deteriorating,2.8056580679,-3.3211243081,45.7145260934,36.3084854811,55.1205667056,0.971187501179,3,14.3270201168,COMP_1230,41.3144526452,COMP_1269,0.503726996781
GROUP_0019,2026-08,51.3722665151,watch,deteriorating,0.0118290979861,-0.778619559306,46.3704003073,36.964359695,55.7764409196,0.971187501179,3,11.380605243,COMP_1230,41.0477337892,COMP_1269,0.509529699838
GROUP_0020,2025-07,49.9910276984,watch,warmup,,,49.9910276984,40.5849870861,59.3970683107,0.207050602488,5,47.3597114732,COMP_0717,26.4235913373,COMP_0386,0.44950992307
GROUP_0020,2025-08,50.4028234165,watch,warmup,0.411795718124,,50.4028234165,40.9967828043,59.8088640288,0.207050602488,5,36.7801856079,COMP_0717,35.361457965,COMP_0386,0.41617541107
GROUP_0020,2025-09,48.738971651,watch,warmup,-1.66385176553,,45.5462287301,36.1401881178,54.9522693424,0.207050602488,5,36.8029735277,COMP_0717,34.6810432366,COMP_0386,0.42154391865
GROUP_0020,2025-10,53.3873215753,watch,stable,4.64834992428,3.39629387688,57.3242504519,47.9182098396,66.7302910641,0.207050602488,5,40.5239769686,COMP_0717,31.0917570398,COMP_0386,0.441658228088
GROUP_0020,2025-11,55.5157059038,watch,stable,2.12838432846,5.11288248722,62.8429234121,53.4368827998,72.2489640244,0.204995550467,6,38.8909563296,COMP_0717,32.8114174446,COMP_0386,0.426245233931
GROUP_0020,2025-12,54.9689745808,watch,stable,-0.546731323003,6.23000292974,60.7908173151,51.3847767028,70.1968579274,0.315021438585,6,41.3100724605,COMP_0717,30.7874761437,COMP_0386,0.447638131345
GROUP_0020,2026-01,53.2177447315,watch,stable,-1.75122984925,-0.16957684379,58.9281804091,49.5221397968,68.3342210214,0.315021438585,6,39.8107824704,COMP_0717,30.8260876782,COMP_0386,0.447860640852
GROUP_0020,2026-02,53.4999190641,watch,stable,0.282174332555,-2.0157868397,54.9390081601,45.5329675478,64.3450487724,0.315021438585,6,41.4220882582,COMP_0717,29.5288731578,COMP_0386,0.447366693444
GROUP_0020,2026-03,53.5685405983,watch,stable,0.0686215342412,-1.40043398245,53.2802599639,43.8742193516,62.6863005761,0.315021438585,6,40.0742797785,COMP_0717,29.6000845089,COMP_0386,0.443494155938
GROUP_0020,2026-04,53.5284708038,watch,stable,-0.0400697944783,0.310726072318,51.5014910019,42.0954503896,60.9075316142,0.358742213318,6,35.3138616106,COMP_0717,29.0554518943,COMP_0386,0.446085464017
GROUP_0020,2026-05,51.8025620312,watch,stable,-1.72590877264,-1.69735703288,49.9659197156,40.5598791033,59.3719603279,0.358742213318,6,38.080005008,COMP_0717,27.9194415797,COMP_0386,0.446781270431
GROUP_0020,2026-06,52.6289701818,watch,stable,0.82640815059,-0.939570416527,52.0284201411,42.6223795288,61.4344607533,0.432092805396,6,41.9599761542,COMP_0717,27.0596719607,COMP_0386,0.434789552856
GROUP_0020,2026-07,53.2387647808,watch,stable,0.609794599024,-0.289706023025,52.8183006135,43.4122600012,62.2243412258,0.432092805396,6,33.7142547624,COMP_0717,30.9995050277,COMP_0386,0.431277905793
GROUP_0020,2026-08,54.8566530201,watch,stable,1.61788823931,3.05409098892,56.1705276904,46.7644870781,65.5765683026,0.432092805396,6,36.6295626699,COMP_0717,31.0964551233,COMP_0374,0.422888513246
GROUP_0021,2024-09,66.9709742003,healthy,warmup,,,66.9709742003,57.564933588,76.3770148126,0.398709425169,2,19.7765129982,COMP_0871,47.5302910693,COMP_0094,0.294173164807
GROUP_0021,2024-10,70.3591579297,healthy,warmup,3.38818372938,,70.3591579297,60.9531173174,79.7651985419,0.398709425169,2,21.3365814174,COMP_0871,49.3848982879,COMP_0094,0.28845119066
GROUP_0021,2024-11,70.5926388741,healthy,warmup,0.233480944491,,79.8278837925,70.4218431802,89.2339244048,0.398709425169,2,23.3846710391,COMP_0871,47.605068728,COMP_0094,0.300787547379
GROUP_0021,2024-12,69.5819786262,healthy,stable,-1.01066024791,2.61100442597,72.3967087968,62.9906681845,81.802749409,0.398709425169,2,19.9745620464,COMP_0871,49.946609567,COMP_0094,0.282653810264
GROUP_0021,2025-01,67.2547687133,healthy,stable,-2.3272099129,-3.10438921632,66.4447841036,57.0387434913,75.8508247158,0.398709425169,2,16.2092201191,COMP_0871,51.3208013772,COMP_0094,0.278439113181
GROUP_0021,2025-02,70.8856299173,healthy,stable,3.63086120394,0.292991043127,71.5568817015,62.1508410892,80.9629223138,0.697741494046,2,19.7027142047,COMP_0871,51.5174923842,COMP_0094,0.281639964284
GROUP_0021,2025-03,72.6804223801,healthy,stable,1.79479246282,3.09844375385,73.871175197,64.4651345847,83.2772158093,0.697741494046,2,21.0958580803,COMP_0871,51.9427982928,COMP_0094,0.26722691407
GROUP_0021,2025-04,74.9216535561,healthy,stable,2.24123117605,7.66688484281,80.1890079377,70.7829673254,89.59504855,0.697741494046,2,23.3084581659,COMP_0871,52.0090020935,COMP_0094,0.25713370013
GROUP_0021,2025-05,68.594585573,healthy,stable,-6.32706798309,-2.29104434423,73.8619399546,64.4558993423,83.2679805669,0.697741494046,2,20.8223441875,COMP_0871,48.1258307714,COMP_0094,0.289050356964
GROUP_0021,2025-06,62.657625551,healthy,stable,-5.93696002208,-10.0227968291,58.7628501658,49.3568095535,68.1688907781,0.697741494046,2,11.3062854074,COMP_0871,51.5433349774,COMP_0094,0.267923228225
GROUP_0021,2025-07,64.2360341993,healthy,stable,1.57840864833,-10.6856193568,53.7453286323,44.33928802,63.1513692446,0.697741494046,2,12.1776875778,COMP_0871,52.2651389516,COMP_0094,0.259623424986
GROUP_0021,2025-08,65.0463215581,healthy,stable,0.810287358844,-3.5482640149,54.2797266276,44.8736860154,63.6857672399,0.897096206631,2,14.0241418998,COMP_0871,51.2603270867,COMP_0094,0.27469198612
GROUP_0021,2025-09,63.4843917129,healthy,stable,-1.56192984521,0.826766161964,55.5185495023,46.1125088901,64.9245901146,0.897096206631,2,8.55034061684,COMP_0871,55.0792465486,COMP_0094,0.259976354062
GROUP_0021,2025-10,68.1304847557,healthy,stable,4.64609304279,3.89445055642,69.5359872311,60.1299466188,78.9420278434,0.897096206631,2,12.1817826956,COMP_0871,56.1555639303,COMP_0094,0.228542846139
GROUP_0021,2025-11,71.7520097112,healthy,stable,3.62152495543,6.70568815301,79.616625865,70.2105852527,89.0226664773,0.897096206631,2,12.5338149407,COMP_0871,59.4310345875,COMP_0094,0.198370704355
GROUP_0021,2025-12,72.6079900533,healthy,stable,0.855980342095,9.12359834032,82.1908588309,72.7848182186,91.5968994432,0.894769080537,3,22.4287830036,COMP_0925,50.4653726364,COMP_0094,0.200975235744
GROUP_0021,2026-01,73.2211044484,healthy,improving,0.613114395122,5.09061969265,82.8622317796,73.4561911673,92.2682723919,0.894769080537,3,25.0966965889,COMP_0925,48.4477195276,COMP_0094,0.211989427114
GROUP_0021,2026-02,61.6629878586,healthy,improving,-11.5581165898,-10.0890218526,66.0284876033,56.622446991,75.4345282156,0.99412155361,3,13.5941795455,COMP_0925,48.2228240539,COMP_0094,0.242360514807
GROUP_0021,2026-03,63.1671197179,healthy,stable,1.50413185932,-9.44087033534,58.1044873793,48.6984467671,67.5105279916,0.99412155361,3,16.5225943805,COMP_0925,46.7773997119,COMP_0094,0.198244946768
GROUP_0021,2026-04,74.4948016756,healthy,stable,11.3276819577,1.27369722721,76.900486494,67.4944458818,86.3065271063,0.99412155361,3,26.2699637341,COMP_0925,48.5455640388,COMP_0094,0.188476844584
GROUP_0021,2026-05,75.3798302701,healthy,stable,0.88502859455,13.7168424115,78.2071072913,68.8010666791,87.6131479036,0.994569170774,3,26.3003496248,COMP_0925,49.4146230261,COMP_0094,0.186438970771
GROUP_0021,2026-06,60.0244365992,healthy,stable,-15.3553936709,-3.14268311867,62.1897218855,52.7836812732,71.5957624978,0.994569170774,3,14.3271350529,COMP_0925,49.1969099012,COMP_0871,0.165620075915
GROUP_0021,2026-07,59.9719015528,watch,stable,-0.052535046446,-14.5229001228,58.2469935209,48.8409529086,67.6530341332,0.994569170774,3,11.0464933547,COMP_0925,49.345174948,COMP_0871,0.206835359659
GROUP_0021,2026-08,60.0113971316,healthy,stable,0.03949557884,-15.3684331385,55.9374939711,46.5314533588,65.3435345834,0.994569170774,3,12.4968777234,COMP_0925,50.0856423384,COMP_0871,0.18977236596
GROUP_0022,2024-09,40.3000918269,watch,warmup,,,40.3000918269,30.8940512146,49.7061324392,0.396599482134,10,41.1119253376,COMP_1182,36.911604013,COMP_0337,0.461092800139
GROUP_0022,2024-10,38.7261086904,stress,warmup,-1.57398313647,,38.7261086904,29.3200680781,48.1321493027,0.396599482134,10,40.0163801178,COMP_1182,35.0743637625,COMP_0337,0.460597430422
GROUP_0022,2024-11,39.0423020038,stress,warmup,0.316193313394,,35.8349379549,26.4288973427,45.2409785672,0.396599482134,10,42.4843991034,COMP_1182,35.3277530426,COMP_0732,0.460195360623
GROUP_0022,2024-12,39.4512112632,stress,stable,0.408909259391,-0.848880563688,39.5359557332,30.1299151209,48.9419963455,0.396599482134,10,41.2824098114,COMP_1182,35.9786697221,COMP_0732,0.453761436975
GROUP_0022,2025-01,39.3019925006,stress,stable,-0.149218762604,0.575883810182,39.2525900393,29.8465494271,48.6586306516,0.396599482134,10,42.5253030877,COMP_1182,35.795432628,COMP_0337,0.473088573437
GROUP_0022,2025-02,39.8453061648,stress,stable,0.543313664261,0.803004161048,40.8243086422,31.4182680299,50.2303492544,0.694049093735,10,40.6719914195,COMP_1182,36.219182699,COMP_0337,0.46142445557
GROUP_0022,2025-03,38.7221311538,stress,stable,-1.12317501103,-0.72908010937,39.7011336311,30.2950930188,49.1071742434,0.694049093735,10,45.1676075033,COMP_0908,31.7830329578,COMP_0337,0.45811361397
GROUP_0022,2025-04,42.9431647338,watch,stable,4.22103358003,3.64117223326,44.3082718076,34.9022311953,53.7143124199,0.694049093735,10,45.1733792295,COMP_0908,31.1101182943,COMP_0337,0.477584728642
GROUP_0022,2025-05,38.8370697032,stress,stable,-4.1060950307,-1.0082364617,38.2442931364,28.8382525241,47.6503337487,0.694049093735,10,41.1959452657,COMP_1182,35.551887867,COMP_0337,0.473487488951
GROUP_0022,2025-06,34.7666039458,stress,stable,-4.07046575737,-3.95552720804,33.0526019609,23.6465613486,42.4586425732,0.694049093735,10,44.5397142082,COMP_1182,32.6067711145,COMP_0337,0.474298390394
GROUP_0022,2025-07,35.2603117281,stress,stable,0.493707782339,-7.68285300573,29.5321191719,20.1260785596,38.9381597842,0.694049093735,10,46.7263918179,COMP_0908,32.9126925516,COMP_0337,0.530115795124
GROUP_0022,2025-08,38.782258775,stress,stable,3.52194704687,-0.0548109281587,34.3684390072,24.9623983949,43.7744796195,0.892348834802,10,49.3270958313,COMP_0908,26.1466904824,COMP_0640,0.589510210521
GROUP_0022,2025-09,39.7919178632,stress,stable,1.00965908818,5.02531391739,39.6987392853,30.292698673,49.1047798976,0.892348834802,10,52.8443895033,COMP_0908,24.0614807611,COMP_0337,0.589014990072
GROUP_0022,2025-10,37.0635835252,stress,stable,-2.72833433792,1.80327179713,39.5814932152,30.1754526029,48.9875338275,0.862347156948,11,57.5065939293,COMP_0908,20.3593635402,COMP_0337,0.603380586286
GROUP_0022,2025-11,44.078123556,watch,stable,7.01454003074,5.295864781,53.0810936837,43.6750530714,62.487134296,0.833121811102,13,62.5215434432,COMP_0908,21.7196362146,COMP_0634,0.59000512299
GROUP_0022,2025-12,39.784664869,stress,stable,-4.29345868699,-0.00725299417434,44.9339262187,35.5278856064,54.339966831,0.833121811102,13,62.3983346692,COMP_0908,23.2425519568,COMP_0634,0.564421968875
GROUP_0022,2026-01,39.750188521,stress,stable,-0.0344763480085,2.68660499574,40.7374768619,31.3314362496,50.1435174742,0.833121811102,13,60.0992966527,COMP_0908,22.0239316165,COMP_0634,0.575577617853
GROUP_0022,2026-02,40.0219050563,watch,stable,0.2717165353,-4.0562184997,40.2564919933,30.850451381,49.6625326056,0.923779691736,13,59.4996379044,COMP_0908,24.0167823021,COMP_0634,0.548673923505
GROUP_0022,2026-03,39.3701561129,stress,stable,-0.651748943389,-0.414508756097,39.1943267381,29.7882861258,48.6003673503,0.929992165056,13,59.3572783068,COMP_0908,22.9373201868,COMP_0634,0.568784726762
GROUP_0022,2026-04,42.1380271617,watch,stable,2.7678710488,2.38783864071,41.4333622763,32.027321664,50.8394028886,0.936680355785,13,55.9848838469,COMP_0908,26.0627474968,COMP_0634,0.552035056428
GROUP_0022,2026-05,43.0588251791,watch,stable,0.920798017431,3.03692012284,46.3984686955,36.9924280832,55.8045093078,0.936680355785,13,58.855299013,COMP_0908,21.9854479426,COMP_0337,0.607822782425
GROUP_0022,2026-06,42.7349462802,watch,stable,-0.323878898917,3.36479016732,46.7942719694,37.3882313571,56.2003125817,0.936680355785,13,55.7950683237,COMP_0908,24.5760029973,COMP_0337,0.567751250957
GROUP_0022,2026-07,39.5162563729,stress,stable,-3.21868990726,-2.62177078875,41.0384001252,31.6323595129,50.4444407374,0.936680355785,13,60.6015046199,COMP_0908,23.4064596777,COMP_0732,0.581752751604
GROUP_0022,2026-08,38.1158663072,stress,stable,-1.40039006577,-4.94295887195,36.4640839227,27.0580433104,45.870124535,0.936680355785,13,59.3372745952,COMP_0908,26.537600402,COMP_0732,0.555383903679
GROUP_0023,2024-12,70.0286286411,healthy,warmup,,,70.0286286411,60.6225880288,79.4346692534,0.331990767133,8,35.6062851778,COMP_0772,56.0069767291,COMP_0433,0.319858681708
GROUP_0023,2025-01,68.6950162258,healthy,warmup,-1.3336124153,,68.6950162258,59.2889756135,78.1010568381,0.331688012339,12,37.1461523058,COMP_0507,53.4106475667,COMP_0433,0.465343098947
GROUP_0023,2025-02,67.3448676038,healthy,warmup,-1.350148622,,60.5012769587,51.0952363464,69.907317571,0.331688012339,12,33.592309093,COMP_0507,54.5289165357,COMP_0433,0.460363929438
GROUP_0023,2025-03,64.1257987025,healthy,stable,-3.21906890136,-5.90282993867,55.6655142685,46.2594736562,65.0715548808,0.331688012339,12,30.5018935305,COMP_1032,53.4912254718,COMP_0433,0.467157314325
GROUP_0023,2025-04,65.4264451743,healthy,stable,1.30064647184,-3.26857105153,58.6039381927,49.1978975804,68.009978805,0.331688012339,12,35.8649770084,COMP_0507,51.8508521974,COMP_0433,0.447555849499
GROUP_0023,2025-05,66.6204731005,healthy,stable,1.19402792624,-0.724394503285,61.0639023129,51.6578617007,70.4699429252,0.572259206296,14,36.3775424674,COMP_0507,50.0907853456,COMP_0433,0.421496355371
GROUP_0023,2025-06,68.6386614812,healthy,stable,2.01818838068,4.51286277875,68.5811796417,59.1751390294,77.987220254,0.577948910617,14,37.7273677931,COMP_0507,51.7584388773,COMP_0433,0.454626652398
GROUP_0023,2025-07,68.0998250741,healthy,stable,-0.538836407134,2.67337989978,72.6445709037,63.2385302914,82.050611516,0.577948910617,14,44.0004130002,COMP_1032,43.6896753305,COMP_0433,0.410186027754
GROUP_0023,2025-08,68.0234978928,healthy,stable,-0.076327181306,1.40302479224,72.5682437224,63.1622031101,81.9742843347,0.577948910617,14,48.7737579809,COMP_1032,35.8604553742,COMP_0433,0.42109788446
GROUP_0023,2025-09,60.1511346904,healthy,stable,-7.87236320239,-8.48752679083,59.7618660657,50.3558254534,69.167906678,0.576599096492,15,45.0031579854,COMP_1032,36.9501254463,COMP_0433,0.435920358311
GROUP_0023,2025-10,64.9227790803,healthy,stable,4.77164438994,-3.17704599375,62.1747134039,52.7686727917,71.5807540162,0.577516270724,15,47.798978136,COMP_1032,34.587883088,COMP_0433,0.512727152525
GROUP_0023,2025-11,63.2501528031,healthy,stable,-1.67262627726,-4.77334508971,57.7538739514,48.3478333391,67.1599145636,0.737616557313,15,42.6357962425,COMP_0257,37.6245501569,COMP_0433,0.597213434098
GROUP_0023,2025-12,63.3667176201,healthy,stable,0.116564817035,3.21558292971,57.9657394307,48.5596988184,67.371780043,0.741388876078,15,40.7014530822,COMP_1032,37.6608520288,COMP_0433,0.557600519441
GROUP_0023,2026-01,65.9959807435,healthy,stable,2.62926312341,1.07320166318,66.5904613104,57.1844206981,75.9965019227,0.741388876078,15,43.1299402228,COMP_1032,37.8908422826,COMP_0453,0.533638182703
GROUP_0023,2026-02,64.0225811337,healthy,stable,-1.97339960976,0.772428330685,65.8470239612,56.4409833489,75.2530645734,0.739427102415,17,43.6443807992,COMP_0257,40.2006061845,COMP_0433,0.493299368991
GROUP_0023,2026-03,65.847429777,healthy,stable,1.8248486433,2.48071215695,67.1605579392,57.7545173269,76.5665985515,0.739427102415,17,41.4779847234,COMP_0257,40.2871981525,COMP_0433,0.505854993725
GROUP_0023,2026-04,65.7515657531,healthy,stable,-0.0958640239403,-0.244414990405,68.3030069622,58.8969663499,77.7090475744,0.740033702303,17,45.7568672808,COMP_1032,37.5049781884,COMP_0453,0.539886838315
GROUP_0023,2026-05,66.6033702222,healthy,stable,0.851804469068,2.58078908843,69.6440515918,60.2380109795,79.050092204,0.819448942424,17,47.3664143184,COMP_1032,38.7492935617,COMP_0453,0.495383585685
GROUP_0023,2026-06,65.8728478648,healthy,stable,-0.730522357347,0.0254180877806,66.1821172497,56.7760766374,75.588157862,0.821320142076,17,43.5097448547,COMP_0257,39.44573828,COMP_0453,0.477805324806
GROUP_0023,2026-07,65.8669961233,healthy,stable,-0.00585174154827,0.115430370173,66.1762655082,56.7702248959,75.5823061205,0.823242164899,17,51.674217667,COMP_1032,35.1337793623,COMP_0453,0.496512439684
GROUP_0023,2026-08,65.536839482,healthy,stable,-0.33015664124,-1.06653074013,65.2630634864,55.8570228741,74.6691040987,0.824145978543,17,48.2560008294,COMP_1032,35.9193930989,COMP_0453,0.491671293888
GROUP_0024,2025-12,51.9796382278,watch,warmup,,,51.9796382278,42.5735976155,61.3856788401,0.279111111111,1,0,COMP_1129,51.9796382278,COMP_1129,
GROUP_0024,2026-01,55.2227111431,watch,warmup,3.24307291525,,55.2227111431,45.8166705308,64.6287517554,0.279111111111,1,0,COMP_1129,55.2227111431,COMP_1129,
GROUP_0024,2026-02,54.4860430778,watch,warmup,-0.736668065222,,60.8773754454,51.4713348331,70.2834160577,0.279111111111,1,0,COMP_1129,54.4860430778,COMP_1129,
GROUP_0024,2026-03,59.6748276779,watch,stable,5.18878460006,7.69518945008,71.8921872924,62.4861466801,81.2982279047,0.279111111111,1,0,COMP_1129,59.6748276779,COMP_1129,
GROUP_0024,2026-04,53.3500301786,watch,stable,-6.32479749932,-1.87268096449,57.419321231,48.0132806187,66.8253618433,0.279111111111,1,0,COMP_1129,53.3500301786,COMP_1129,
GROUP_0024,2026-05,50.6115920051,watch,stable,-2.73843817353,-3.87445107279,47.7147591119,38.3087184996,57.1207997242,0.488444444444,1,0,COMP_1129,50.6115920051,COMP_1129,
GROUP_0024,2026-06,57.2030557878,watch,stable,6.59146378271,-2.47177189013,54.0194981481,44.6134575359,63.4255387604,0.488444444444,1,0,COMP_1129,57.2030557878,COMP_1129,
GROUP_0024,2026-07,64.4012121799,healthy,stable,7.19815639209,11.0511820013,70.4273524198,61.0213118076,79.8333930321,0.488444444444,1,0,COMP_1129,64.4012121799,COMP_1129,
GROUP_0024,2026-08,70.3345114668,healthy,stable,5.93329928691,19.7229194617,89.1215208689,79.7154802566,98.5275614812,0.488444444444,1,0,COMP_1129,70.3345114668,COMP_1129,
GROUP_0025,2026-01,72.3954220453,healthy,warmup,,,72.3954220453,62.989381433,81.8014626576,0.338532882671,2,15.4344152828,COMP_0255,60.5365593566,COMP_1049,0.274394950321
GROUP_0025,2026-02,70.4686580263,healthy,warmup,-1.92676401901,,70.4686580263,61.062617414,79.8746986386,0.338532882671,2,10.2672247859,COMP_0255,62.5799491443,COMP_1049,0.300102464919
GROUP_0025,2026-03,69.3027234557,healthy,warmup,-1.16593457063,,61.4163420521,52.0103014398,70.8223826644,0.338532882671,2,9.46637936202,COMP_0255,62.0293353191,COMP_1049,0.322457516082
GROUP_0025,2026-04,71.4949580834,healthy,stable,2.19223462771,-0.900463961935,67.7564305606,58.3503899484,77.1624711729,0.338532882671,2,11.6717854132,COMP_0255,62.5270705405,COMP_1049,0.299632043202
GROUP_0025,2026-05,74.1207996464,healthy,stable,2.625841563,3.65214162008,76.5292604398,67.1232198276,85.9353010521,0.338532882671,2,15.3296320426,COMP_0255,62.3424460042,COMP_1049,0.260933178103
GROUP_0025,2026-06,60.748606403,healthy,stable,-13.3721932434,-8.55411705267,54.8023400928,45.3962994805,64.2083807051,0.592432544674,2,3.23147312292,COMP_1049,60,COMP_0255,0.224240082934
GROUP_0025,2026-07,61.9584993516,healthy,stable,1.2098929486,-9.53645873177,53.2781375034,43.8720968911,62.6841781157,0.592432544674,2,8.45415960982,COMP_1049,60,COMP_0255,0.350100113211
GROUP_0025,2026-08,62.9361081072,healthy,shock_pending,0.97760875555,-11.1846915392,53.5722223745,44.1661817622,62.9782629868,0.592432544674,2,12.6741561335,COMP_1049,60,COMP_0255,0.405714761399
GROUP_0026,2026-02,70.3559544513,healthy,warmup,,,70.3559544513,60.949913839,79.7619950636,0.37674535181,2,17.2206642705,COMP_0558,54.1204949349,COMP_1262,0.111288445744
GROUP_0026,2026-03,71.8885612315,healthy,warmup,1.53260678019,,71.8885612315,62.4825206192,81.2946018437,0.37674535181,2,16.8094004072,COMP_0558,56.0408369208,COMP_1262,0.091359230693
GROUP_0026,2026-04,72.066999943,healthy,warmup,0.178438711568,,76.430165947,67.0241253347,85.8362065593,0.37674535181,2,17.1759539966,COMP_0558,55.8736927984,COMP_1262,0.0978651706298
GROUP_0026,2026-05,68.8618843612,healthy,stable,-3.20511558187,-1.49407009011,68.0469434991,58.6409028868,77.4529841113,0.37674535181,2,8.74922719111,COMP_0558,60.6132058184,COMP_1262,0.13093716546
GROUP_0026,2026-06,72.1661564388,healthy,stable,3.30427207766,0.277595207353,72.8571310796,63.4510904673,82.2631716918,0.37674535181,2,16.6003399629,COMP_0558,56.5155320963,COMP_1262,0.0357218657226
GROUP_0026,2026-07,40.7646658378,watch,stable,-31.401490601,-31.3023341052,38.2247466846,28.8187060723,47.6307872969,0.659304365668,2,13.3658040285,COMP_1262,40,COMP_0558,0.0705635799887
GROUP_0026,2026-08,40.8750028147,watch,stable,0.110336976863,-27.9868815465,9.24117322953,0,18.6472138418,0.659304365668,2,15.2944143272,COMP_1262,40,COMP_0558,0.115211519914
GROUP_0027,2026-02,49.1285279065,watch,warmup,,,49.1285279065,39.7224872942,58.5345685188,0.271111111111,1,0,COMP_1268,49.1285279065,COMP_1268,
GROUP_0027,2026-03,48.5122376366,watch,warmup,-0.616290269853,,48.5122376366,39.1061970244,57.9182782489,0.271111111111,1,0,COMP_1268,48.5122376366,COMP_1268,
GROUP_0027,2026-04,48.4009021383,watch,warmup,-0.111335498363,,46.5454564293,37.139415817,55.9514970416,0.271111111111,1,0,COMP_1268,48.4009021383,COMP_1268,
GROUP_0027,2026-05,52.1965035429,watch,stable,3.79560140459,3.06797563637,54.520377313,45.1143367007,63.9264179253,0.271111111111,1,0,COMP_1268,52.1965035429,COMP_1268,
GROUP_0027,2026-06,55.1263994484,watch,stable,2.92989590555,6.61416181178,63.6474815868,54.2414409746,73.0535221991,0.271111111111,1,0,COMP_1268,55.1263994484,COMP_1268,
GROUP_0027,2026-07,53.8689973333,watch,stable,-1.2574021151,5.46809519504,60.6988659466,51.2928253343,70.1049065589,0.474444444444,1,0,COMP_1268,53.8689973333,COMP_1268,
GROUP_0027,2026-08,54.6192167064,watch,stable,0.750219373111,2.42271316356,61.4490853197,52.0430447074,70.855125932,0.474444444444,1,0,COMP_1268,54.6192167064,COMP_1268,
GROUP_0028,2024-09,42.2695659187,watch,warmup,,,42.2695659187,32.8635253064,51.675606531,0.191288888889,1,0,COMP_0235,42.2695659187,COMP_0235,
GROUP_0028,2024-10,40.5735570781,watch,warmup,-1.69600884053,,40.5735570781,31.1675164659,49.9795976904,0.191288888889,1,0,COMP_0235,40.5735570781,COMP_0235,
GROUP_0028,2024-11,43.5370468191,watch,warmup,2.96348974097,,46.7691231152,37.363082503,56.1751637275,0.191288888889,1,0,COMP_0235,43.5370468191,COMP_0235,
GROUP_0028,2024-12,42.7131077719,watch,stable,-0.823939047165,0.443541853278,44.7061564953,35.300115883,54.1121971076,0.191288888889,1,0,COMP_0235,42.7131077719,COMP_0235,
GROUP_0028,2025-01,45.1974438659,watch,stable,2.48433609395,4.62388678775,49.1809722919,39.7749316796,58.5870129042,0.191288888889,1,0,COMP_0235,45.1974438659,COMP_0235,
GROUP_0028,2025-02,49.0988979952,watch,stable,3.90145412935,5.56185117613,56.0648167133,46.6587761011,65.4708573256,0.334755555556,1,0,COMP_0235,49.0988979952,COMP_0235,
GROUP_0028,2025-03,43.5365351892,watch,stable,-5.56236280603,0.823427417265,48.9923894584,39.5863488461,58.3984300707,0.334755555556,1,0,COMP_0235,43.5365351892,COMP_0235,
GROUP_0028,2025-04,45.6615576999,watch,stable,2.12502251069,0.464113834007,47.8285587983,38.422518186,57.2345994106,0.334755555556,1,0,COMP_0235,45.6615576999,COMP_0235,
GROUP_0028,2025-05,45.8962604913,watch,stable,0.23470279138,-3.20263750396,47.2960871006,37.8900464883,56.7021277129,0.334755555556,1,0,COMP_0235,45.8962604913,COMP_0235,
GROUP_0028,2025-06,42.1270454766,watch,stable,-3.7692150147,-1.40948971263,38.9952391195,29.5891985072,48.4012797318,0.334755555556,1,0,COMP_0235,42.1270454766,COMP_0235,
GROUP_0028,2025-07,41.5054567311,watch,stable,-0.621588745498,-4.15610096882,34.4400850841,25.0340444718,43.8461256964,0.334755555556,1,0,COMP_0235,41.5054567311,COMP_0235,
GROUP_0028,2025-08,39.5445130986,stress,stable,-1.96094363245,-6.35174739265,32.9590555349,23.5530149226,42.3650961471,0.4304,1,0,COMP_0235,39.5445130986,COMP_0235,
GROUP_0028,2025-09,40.40336919,watch,stable,0.858856091337,-1.72367628661,33.3999327808,23.9938921685,42.8059733931,0.4304,1,0,COMP_0235,40.40336919,COMP_0235,
GROUP_0028,2025-10,48.771207623,watch,stable,8.36783843301,7.2657508919,45.8409579357,36.4349173234,55.246998548,0.4304,1,0,COMP_0235,48.771207623,COMP_0235,
GROUP_0028,2025-11,41.8229787177,watch,stable,-6.9482289053,2.27846561905,42.2278192506,32.8217786383,51.6338598629,0.4304,1,0,COMP_0235,41.8229787177,COMP_0235,
GROUP_0028,2025-12,29.5243882775,stress,stable,-12.2985904402,-10.8789809125,26.7140650477,17.3080244354,36.1201056599,0.4304,1,0,COMP_0235,29.5243882775,COMP_0235,
GROUP_0028,2026-01,29.9892594382,stress,stable,0.464871160656,-18.7819481848,17.2136002912,7.80755967895,26.6196409035,0.4304,1,0,COMP_0235,29.9892594382,COMP_0235,
GROUP_0028,2026-02,29.4323121066,stress,stable,-0.556947331613,-12.3906666111,10.9380445554,1.53200394308,20.3440851677,0.478222222222,1,0,COMP_0235,29.4323121066,COMP_0235,
GROUP_0028,2026-03,28.5288803505,stress,stable,-0.903431756014,-0.995507926971,7.88170653265,0,17.2877471449,0.478222222222,1,0,COMP_0235,28.5288803505,COMP_0235,
GROUP_0028,2026-04,29.237676469,stress,stable,0.708796118489,-0.751582969138,26.3972450778,16.9912044655,35.8032856901,0.478222222222,1,0,COMP_0235,29.237676469,COMP_0235,
GROUP_0028,2026-05,30.8568282421,stress,stable,1.61915177308,1.42451613555,30.6220340062,21.2159933939,40.0280746184,0.478222222222,1,0,COMP_0235,30.8568282421,COMP_0235,
GROUP_0028,2026-06,27.2479215608,stress,stable,-3.60890668131,-1.28095878975,25.0702916182,15.6642510059,34.4763322305,0.478222222222,1,0,COMP_0235,27.2479215608,COMP_0235,
GROUP_0028,2026-07,31.0279940649,stress,stable,3.78007250412,1.79031759589,32.6555896624,23.2495490502,42.0616302747,0.478222222222,1,0,COMP_0235,31.0279940649,COMP_0235,
GROUP_0028,2026-08,30.2518813443,stress,stable,-0.776112720578,-0.604946897766,32.009342358,22.6033017457,41.4153829703,0.478222222222,1,0,COMP_0235,30.2518813443,COMP_0235,
GROUP_0029,2025-10,66.5475438987,healthy,warmup,,,66.5475438987,57.1415032864,75.9535845109,0.391111111111,1,0,COMP_0597,66.5475438987,COMP_0597,
GROUP_0029,2025-11,67.796867153,healthy,warmup,1.24932325433,,67.796867153,58.3908265407,77.2029077653,0.391111111111,1,0,COMP_0597,67.796867153,COMP_0597,
GROUP_0029,2025-12,67.4047498003,healthy,warmup,-0.392117352683,,69.5906248495,60.1845842372,78.9966654618,0.391111111111,1,0,COMP_0597,67.4047498003,COMP_0597,
GROUP_0029,2026-01,68.8255267853,healthy,stable,1.42077698497,2.27798288662,72.0733532701,62.6673126578,81.4793938823,0.391111111111,1,0,COMP_0597,68.8255267853,COMP_0597,
GROUP_0029,2026-02,66.696700536,healthy,stable,-2.12882624926,-1.10016661697,67.8847254169,58.4786848046,77.2907660292,0.391111111111,1,0,COMP_0597,66.696700536,COMP_0597,
GROUP_0029,2026-03,68.012651457,healthy,stable,1.31595092101,0.607901656725,69.0460842735,59.6400436612,78.4521248857,0.684444444444,1,0,COMP_0597,68.012651457,COMP_0597,
GROUP_0029,2026-04,64.9736523038,healthy,stable,-3.0389991532,-3.85187448145,62.9738538051,53.5678131929,72.3798944174,0.684444444444,1,0,COMP_0597,64.9736523038,COMP_0597,
GROUP_0029,2026-05,63.4003808073,healthy,stable,-1.57327149653,-3.29631972872,59.0066078152,49.6005672029,68.4126484275,0.684444444444,1,0,COMP_0597,63.4003808073,COMP_0597,
GROUP_0029,2026-06,66.8530805103,healthy,stable,3.45269970296,-1.15957094677,62.4593075182,53.0532669059,71.8653481305,0.684444444444,1,0,COMP_0597,66.8530805103,COMP_0597,
GROUP_0029,2026-07,65.2046123313,healthy,stable,-1.64846817892,0.230960027517,63.2333417218,53.8273011095,72.6393823341,0.684444444444,1,0,COMP_0597,65.2046123313,COMP_0597,
GROUP_0029,2026-08,63.1764924869,healthy,stable,-2.02811984443,-0.223888320381,59.5962426017,50.1902019894,69.002283214,0.684444444444,1,0,COMP_0597,63.1764924869,COMP_0597,
GROUP_0030,2024-09,55.2783059038,watch,warmup,,,55.2783059038,45.8722652915,64.6843465161,0.279111111111,1,0,COMP_1286,55.2783059038,COMP_1286,
GROUP_0030,2024-10,59.0251801115,watch,warmup,3.74687420776,,59.0251801115,49.6191394993,68.4312207238,0.279111111111,1,0,COMP_1286,59.0251801115,COMP_1286,
GROUP_0030,2024-11,57.4353741674,watch,warmup,-1.58980594419,,62.9358982395,53.5298576272,72.3419388518,0.279111111111,1,0,COMP_1286,57.4353741674,COMP_1286,
GROUP_0030,2024-12,53.3430166675,watch,stable,-4.09235749988,-1.9352892363,47.6440156589,38.2379750466,57.0500562712,0.279111111111,1,0,COMP_1286,53.3430166675,COMP_1286,
GROUP_0030,2025-01,55.3935000204,watch,stable,2.05048335293,-3.63168009114,51.1451146322,41.7390740199,60.5511552445,0.279111111111,1,0,COMP_1286,55.3935000204,COMP_1286,
GROUP_0030,2025-02,56.2195558952,watch,stable,0.826055874756,-1.21581827219,54.1526648324,44.7466242202,63.5587054447,0.488444444444,1,0,COMP_1286,56.2195558952,COMP_1286,
GROUP_0030,2025-03,53.4048749134,watch,stable,-2.81468098173,0.0618582459515,48.2659883647,38.8599477524,57.672028977,0.488444444444,1,0,COMP_1286,53.4048749134,COMP_1286,
GROUP_0030,2025-04,57.597667617,watch,stable,4.19279270358,2.2041675966,57.7632069357,48.3571663234,67.1692475479,0.488444444444,1,0,COMP_1286,57.597667617,COMP_1286,
GROUP_0030,2025-05,53.8281978664,watch,stable,-3.76946975056,-2.39135802872,54.9076713966,45.5016307843,64.3137120089,0.488444444444,1,0,COMP_1286,53.8281978664,COMP_1286,
GROUP_0030,2025-06,55.8170002117,watch,stable,1.98880234528,2.4121252983,56.2489704069,46.8429297946,65.6550110192,0.488444444444,1,0,COMP_1286,55.8170002117,COMP_1286,
GROUP_0030,2025-07,58.7556167164,watch,stable,2.93861650469,1.15794909941,61.3423987541,51.9363581418,70.7484393664,0.488444444444,1,0,COMP_1286,58.7556167164,COMP_1286,
GROUP_0030,2025-08,58.274661593,watch,stable,-0.480955123393,4.44646372658,63.2418440062,53.8358033939,72.6478846185,0.628,1,0,COMP_1286,58.274661593,COMP_1286,
GROUP_0030,2025-09,54.5610617398,watch,stable,-3.71359985324,-1.25593847194,55.4242290592,46.0181884469,64.8302696715,0.628,1,0,COMP_1286,54.5610617398,COMP_1286,
GROUP_0030,2025-10,57.0270467803,watch,stable,2.46598504047,-1.72856993616,58.5698561551,49.1638155428,67.9758967674,0.628,1,0,COMP_1286,57.0270467803,COMP_1286,
GROUP_0030,2025-11,53.399726625,watch,stable,-3.62732015523,-4.874934968,50.4611577336,41.0551171213,59.8671983458,0.628,1,0,COMP_1286,53.399726625,COMP_1286,
GROUP_0030,2025-12,59.0614062937,watch,stable,5.66167966872,4.50034455396,56.1228374023,46.71679679,65.5288780146,0.628,1,0,COMP_1286,59.0614062937,COMP_1286,
GROUP_0030,2026-01,55.8589829581,watch,stable,-3.20242333565,-1.16806382217,53.8732744604,44.4672338481,63.2793150727,0.628,1,0,COMP_1286,55.8589829581,COMP_1286,
GROUP_0030,2026-02,53.4566611315,watch,stable,-2.40232182658,0.0569345064835,52.3301725111,42.9241318988,61.7362131234,0.697777777778,1,0,COMP_1286,53.4566611315,COMP_1286,
GROUP_0030,2026-03,56.020397495,watch,stable,2.56373636351,-3.04100879873,54.9936152241,45.5875746118,64.3996558364,0.697777777778,1,0,COMP_1286,56.020397495,COMP_1286,
GROUP_0030,2026-04,53.593747072,watch,stable,-2.42665042298,-2.26523588605,53.6905357331,44.2844951208,63.0965763454,0.697777777778,1,0,COMP_1286,53.593747072,COMP_1286,
GROUP_0030,2026-05,52.863520594,watch,stable,-0.730226478027,-0.593140537494,47.6938056362,38.2877650239,57.0998462485,0.697777777778,1,0,COMP_1286,52.863520594,COMP_1286,
GROUP_0030,2026-06,56.0112413433,watch,stable,3.14772074929,-0.00915615171278,55.9956758854,46.5896352731,65.4017164977,0.697777777778,1,0,COMP_1286,56.0112413433,COMP_1286,
GROUP_0030,2026-07,56.0293486057,watch,stable,0.018107262429,2.43560153369,56.3789177541,46.9728771418,65.7849583664,0.697777777778,1,0,COMP_1286,56.0293486057,COMP_1286,
GROUP_0030,2026-08,57.8621028262,watch,stable,1.83275422049,4.99858223221,62.0026254335,52.5965848212,71.4086660458,0.697777777778,1,0,COMP_1286,57.8621028262,COMP_1286,
GROUP_0031,2025-03,52.5812592729,watch,warmup,,,52.5812592729,43.1752186606,61.9872998852,0.391111111111,1,0,COMP_1070,52.5812592729,COMP_1070,
GROUP_0031,2025-04,51.6952089378,watch,warmup,-0.886050335081,,51.6952089378,42.2891683255,61.1012495501,0.391111111111,1,0,COMP_1070,51.6952089378,COMP_1070,
GROUP_0031,2025-05,51.1716662243,watch,warmup,-0.523542713491,,47.5772039504,38.1711633382,56.9832445627,0.391111111111,1,0,COMP_1070,51.1716662243,COMP_1070,
GROUP_0031,2025-06,54.2838586402,watch,stable,3.11219241592,1.70259936735,54.3960341831,44.9899935708,63.8020747953,0.391111111111,1,0,COMP_1070,54.2838586402,COMP_1070,
GROUP_0031,2025-07,54.1074066237,watch,stable,-0.176452016491,2.41219768594,56.5275350221,47.1214944099,65.9335756344,0.391111111111,1,0,COMP_1070,54.1074066237,COMP_1070,
GROUP_0031,2025-08,49.9496562335,watch,stable,-4.15775039021,-1.22200999078,47.8722392492,38.4661986369,57.2782798615,0.684444444444,1,0,COMP_1070,49.9496562335,COMP_1070,
GROUP_0031,2025-09,54.0059091292,watch,stable,4.05625289569,-0.277949511014,53.7470905182,44.3410499059,63.1531311305,0.684444444444,1,0,COMP_1070,54.0059091292,COMP_1070,
GROUP_0031,2025-10,53.8740096253,watch,stable,-0.131899503942,-0.233396998465,53.4772347279,44.0711941156,62.8832753402,0.684444444444,1,0,COMP_1070,53.8740096253,COMP_1070,
GROUP_0031,2025-11,49.0542912297,watch,stable,-4.81971839554,-0.895365003799,48.1543859456,38.7483453333,57.5604265579,0.684444444444,1,0,COMP_1070,49.0542912297,COMP_1070,
GROUP_0031,2025-12,55.4965098979,watch,stable,6.4422186682,1.49060076872,55.2376912869,45.8316506746,64.6437318992,0.684444444444,1,0,COMP_1070,55.4965098979,COMP_1070,
GROUP_0031,2026-01,54.3467110607,watch,stable,-1.14979883723,0.472701435426,56.8807323675,47.4746917552,66.2867729798,0.684444444444,1,0,COMP_1070,54.3467110607,COMP_1070,
GROUP_0031,2026-02,54.247584993,watch,stable,-0.0991260676711,5.1932937633,54.6821074557,45.2760668434,64.0881480679,0.88,1,0,COMP_1070,54.247584993,COMP_1070,
GROUP_0031,2026-03,54.0186566362,watch,stable,-0.228928356768,-1.47785326167,54.1661965875,44.7601559752,63.5722371997,0.88,1,0,COMP_1070,54.0186566362,COMP_1070,
GROUP_0031,2026-04,54.2687145493,watch,stable,0.250057913076,-0.0779965113623,54.13612048,44.7300798677,63.5421610923,0.88,1,0,COMP_1070,54.2687145493,COMP_1070,
GROUP_0031,2026-05,53.8625968782,watch,stable,-0.406117671097,-0.384988114788,53.0260580959,43.6200174836,62.4320987082,0.88,1,0,COMP_1070,53.8625968782,COMP_1070,
GROUP_0031,2026-06,52.4923248714,watch,stable,-1.37027200684,-1.52633176486,51.6557860891,42.2497454768,61.0618267014,0.88,1,0,COMP_1070,52.4923248714,COMP_1070,
GROUP_0031,2026-07,52.3070846634,watch,stable,-0.185240208001,-1.96162988594,50.2358845408,40.8298439285,59.6419251531,0.88,1,0,COMP_1070,52.3070846634,COMP_1070,
GROUP_0031,2026-08,54.787764615,watch,stable,2.48067995161,0.925167736767,53.8430395542,44.4369989419,63.2490801665,0.977777777778,1,0,COMP_1070,54.787764615,COMP_1070,
GROUP_0032,2025-11,43.1977858983,watch,warmup,,,43.1977858983,33.791745286,52.6038265105,0.28,2,26.486153177,COMP_1025,31.2033893459,COMP_1012,0.714916404351
GROUP_0032,2025-12,41.5075750903,watch,warmup,-1.69021080791,,41.5075750903,32.1015344781,50.9136157026,0.269815369196,3,31.8246191985,COMP_1025,27.5203163591,COMP_1012,0.754634295001
GROUP_0032,2026-01,40.6444469691,watch,warmup,-0.86312812122,,34.1334326998,24.7273920875,43.5394733121,0.269815369196,3,28.4246709767,COMP_1025,28.3966929634,COMP_1012,0.728736595563
GROUP_0032,2026-02,45.0283127835,watch,stable,4.38386581443,1.8305268853,44.3832839269,34.9772433146,53.7893245392,0.26513543857,4,44.0360733772,COMP_1025,33.597245671,COMP_0744,0.667281738391
GROUP_0032,2026-03,44.375017624,watch,stable,-0.653295159519,2.86744253369,46.6814507017,37.2754100894,56.087491314,0.26513543857,4,43.8094747619,COMP_1025,32.8898031187,COMP_0744,0.694600003246
GROUP_0032,2026-04,41.9240158728,watch,stable,-2.45100175119,1.27956890371,42.4549778705,33.0489372582,51.8610184828,0.437655054288,4,51.7483478633,COMP_1025,26.1948742451,COMP_0744,0.780767423947
GROUP_0032,2026-05,41.8616817249,watch,stable,-0.0623341478944,-3.16663105861,42.2228704922,32.8168298799,51.6289111045,0.45532664594,4,52.019041229,COMP_1025,26.3484174125,COMP_0744,0.756665765001
GROUP_0032,2026-06,42.368256465,watch,stable,0.506574740053,-2.00676115903,42.0503523107,32.6443116984,51.456392923,0.45532664594,4,51.1879016332,COMP_1025,29.7145162721,COMP_0744,0.714603939263
GROUP_0032,2026-07,42.8983228579,watch,stable,0.530066392905,0.974306985064,40.7257331337,31.3196925214,50.131773746,0.463987017498,4,54.3974580334,COMP_1025,28.0124541983,COMP_0744,0.741637315728
GROUP_0032,2026-08,41.5502235009,watch,stable,-1.34809935699,-0.311458224035,41.02074452,31.6147039078,50.4267851323,0.463987017498,4,57.7069596194,COMP_1146,22.9923610138,COMP_0744,0.751060419163
GROUP_0033,2024-09,58.7159287367,watch,warmup,,,58.7159287367,49.3098881244,68.121969349,0.4,1,0,COMP_0743,58.7159287367,COMP_0743,0.177341922794
GROUP_0033,2024-10,59.6135430526,watch,warmup,0.897614315867,,59.6135430526,50.2075024403,69.0195836649,0.4,1,0,COMP_0743,59.6135430526,COMP_0743,0.167618329829
GROUP_0033,2024-11,60.0166972821,healthy,warmup,0.403154229543,,63.3336570729,53.9276164606,72.7396976852,0.394493226366,2,8.46325812926,COMP_0265,52.2388104282,COMP_0743,0.270597400677
GROUP_0033,2024-12,57.0586908166,watch,stable,-2.95800646555,-1.65723792014,56.6780818698,47.2720412575,66.0841224821,0.394493226366,2,7.07823991331,COMP_0265,50.5536606816,COMP_0743,0.289912328353
GROUP_0033,2025-01,58.3825821557,watch,stable,1.32389133908,-1.23096089692,57.1237569479,47.7177163356,66.5297975601,0.394493226366,2,4.81393246937,COMP_0265,53.958491398,COMP_0743,0.241748464754
GROUP_0033,2025-02,62.0818761186,healthy,stable,3.69929396292,2.06517883646,65.2290007777,55.8229601655,74.63504139,0.670198636806,2,9.00585085111,COMP_0265,53.8053367677,COMP_0743,0.255428560011
GROUP_0033,2025-03,56.1098919342,watch,stable,-5.97198418443,-0.948798882426,54.0172584094,44.6112177971,63.4232990217,0.670198636806,2,4.68898873426,COMP_0265,51.8006267224,COMP_0743,0.268485269769
GROUP_0033,2025-04,56.5325978371,watch,stable,0.422705902987,-1.84998431852,53.3876244957,43.9815838834,62.7936651079,0.690363146141,2,4.03330416125,COMP_0265,52.8259185731,COMP_0743,0.269759825735
GROUP_0033,2025-05,58.1673627933,watch,stable,1.63476495616,-3.91451332528,57.8929581063,48.486917494,67.2989987186,0.690363146141,2,5.13168952018,COMP_0265,53.4512475753,COMP_0743,0.270364974968
GROUP_0033,2025-06,57.6798365196,watch,stable,-0.487526273717,1.56994458543,56.9630359708,47.5569953585,66.3690765831,0.690363146141,2,2.07884336593,COMP_0265,55.7693419748,COMP_0743,0.240528962114
GROUP_0033,2025-07,57.2171164041,watch,stable,-0.462720115503,0.684518566943,54.857243815,45.4512032027,64.2632844273,0.690363146141,2,9.13316425302,COMP_0265,48.8235737408,COMP_0743,0.284540189613
GROUP_0033,2025-08,60.1966908165,healthy,stable,2.97957441244,2.02932802322,63.1221494568,53.7161088445,72.528190069,0.874166753101,2,9.31436212983,COMP_0265,51.6366240365,COMP_0743,0.259893539458
GROUP_0033,2025-09,60.4721507684,healthy,stable,0.275459951878,2.79231424881,63.9220084079,54.5159677956,73.3280490202,0.874166753101,2,11.1840906737,COMP_0265,50.1937697364,COMP_0743,0.29550296581
GROUP_0033,2025-10,59.0439626456,watch,stable,-1.42818812279,1.82684624152,60.7832234563,51.377182844,70.1892640686,0.887609759324,2,6.75468902723,COMP_0265,52.8362816101,COMP_0743,0.283988040134
GROUP_0033,2025-11,57.8083496818,watch,stable,-1.23561296379,-2.3883411347,58.5621721109,49.1561314986,67.9682127232,0.887609759324,2,4.55397198235,COMP_0265,53.6231673001,COMP_0743,0.267718163431
GROUP_0033,2025-12,58.7528530401,watch,stable,0.944503358243,-1.71929772834,58.0105235459,48.6044829336,67.4165641582,0.887609759324,2,4.56244591175,COMP_0265,54.5598829644,COMP_0743,0.264307887812
GROUP_0033,2026-01,58.0924397354,watch,stable,-0.660413304677,-0.951522910222,55.1696335972,45.7635929849,64.5756742095,0.887609759324,2,4.92438486298,COMP_0265,53.566841236,COMP_0743,0.260455125825
GROUP_0033,2026-02,59.5095294038,watch,stable,1.41708966839,1.70117972196,58.5276556119,49.1216149996,67.9336962242,0.979511562804,2,6.2592450868,COMP_0265,53.7571702848,COMP_0743,0.259679266544
GROUP_0033,2026-03,60.9967582638,healthy,stable,1.48722886003,2.24390522375,62.9886097944,53.5825691821,72.3946504067,0.979511562804,2,10.2991597565,COMP_0265,51.5316447043,COMP_0743,0.284466088688
GROUP_0033,2026-04,60.268330453,healthy,stable,-0.728427810846,2.17589071758,63.1603359803,53.754295368,72.5663765926,0.986233065916,2,11.260620023,COMP_0265,49.9196175688,COMP_0743,0.293306656936
GROUP_0033,2026-05,60.1321903401,healthy,stable,-0.136140112887,0.622660936298,62.0644240415,52.6583834292,71.4704646538,0.986233065916,2,10.7823599461,COMP_0265,50.2230070919,COMP_0743,0.291646252026
GROUP_0033,2026-06,56.839111212,watch,stable,-3.29307912804,-4.15764705177,56.1447966363,46.738756024,65.5508372486,0.986233065916,2,11.2451731664,COMP_0265,46.5045942677,COMP_0743,0.308648235636
GROUP_0033,2026-07,61.1655792448,healthy,stable,4.32646803279,0.897248791864,61.3808259956,51.9747853833,70.7868666079,0.986233065916,2,16.7476632183,COMP_0265,45.7741747064,COMP_0743,0.30368445781
GROUP_0033,2026-08,59.088393144,watch,stable,-2.07718610083,-1.04379719608,57.3139379107,47.9078972984,66.719978523,0.986233065916,2,16.9201271268,COMP_0265,43.5384911634,COMP_0743,0.320156321618
GROUP_0034,2026-01,76.158211355,healthy,warmup,,,76.158211355,66.7521707427,85.5642519673,0.371111111111,1,0,COMP_0406,76.158211355,COMP_0406,
GROUP_0034,2026-02,76.1135104228,healthy,warmup,-0.0447009322402,,76.1135104228,66.7074698105,85.5195510351,0.371111111111,1,0,COMP_0406,76.1135104228,COMP_0406,
GROUP_0034,2026-03,71.7805598592,healthy,warmup,-4.33295056357,,60.6175485449,51.2115079326,70.0235891572,0.371111111111,1,0,COMP_0406,71.7805598592,COMP_0406,
GROUP_0034,2026-04,74.9395549646,healthy,stable,3.15899510538,-1.21865639043,72.4069038235,63.0008632112,81.8129444358,0.371111111111,1,0,COMP_0406,74.9395549646,COMP_0406,
GROUP_0034,2026-05,74.7002962391,healthy,stable,-0.239258725448,-1.41321418364,72.7350174209,63.3289768086,82.1410580332,0.371111111111,1,0,COMP_0406,74.7002962391,COMP_0406,
GROUP_0034,2026-06,78.6162691963,healthy,stable,3.91597295715,6.83570933709,78.3882944419,68.9822538296,87.7943350542,0.649444444444,1,0,COMP_0406,78.6162691963,COMP_0406,
GROUP_0034,2026-07,81.0624239147,solid,stable,2.44615471838,6.12286895009,90.4380452055,81.0320045932,99.8440858178,0.649444444444,1,0,COMP_0406,81.0624239147,COMP_0406,
GROUP_0034,2026-08,74.1569419799,healthy,stable,-6.90548193478,-0.54335425924,83.5325632708,74.1265226585,92.938603883,0.649444444444,1,0,COMP_0406,74.1569419799,COMP_0406,
GROUP_0035,2024-09,59.4389998838,watch,warmup,,,59.4389998838,50.0329592715,68.8450404961,0.38432824404,12,46.50254598,COMP_0685,33.1082206313,COMP_0405,0.531873919127
GROUP_0035,2024-10,58.5602236994,watch,warmup,-0.878776184406,,58.5602236994,49.1541830871,67.9662643117,0.38432824404,12,44.6691584775,COMP_0685,33.0748890876,COMP_0405,0.519699126573
GROUP_0035,2024-11,59.4155519704,watch,warmup,0.855328270957,,59.3557597911,49.9497191788,68.7618004034,0.384246466637,13,49.1477026084,COMP_0685,31.6527825337,COMP_0405,0.541730550415
GROUP_0035,2024-12,59.8450049795,watch,stable,0.42945300916,0.406005095711,61.2852144842,51.879173872,70.6912550965,0.384246466637,13,47.1156480201,COMP_0685,33.2778450959,COMP_0405,0.517441719761
GROUP_0035,2025-01,60.6931904371,healthy,stable,0.848185457584,2.1329667377,63.4172846556,54.0112440433,72.8233252679,0.384246466637,13,38.8462037789,COMP_0685,38.4442748244,COMP_0405,0.476416074389
GROUP_0035,2025-02,60.3039936363,healthy,stable,-0.389196800849,0.888441665895,61.9030865917,52.4970459794,71.309127204,0.672166746214,13,41.1119714973,COMP_0685,37.118089264,COMP_0405,0.484162171832
GROUP_0035,2025-03,63.2229714696,healthy,stable,2.91897783337,3.37796649011,66.8490149237,57.4429743114,76.255055536,0.672166746214,13,44.350838057,COMP_0685,36.2274119208,COMP_0138,0.496713709724
GROUP_0035,2025-04,63.4570675185,healthy,improving,0.234096048898,2.76387708142,67.7828133522,58.3767727399,77.1888539645,0.672431316614,13,45.3105515713,COMP_0685,36.7915285141,COMP_0138,0.495242961572
GROUP_0035,2025-05,62.2197220824,healthy,improving,-1.23734543617,1.9157284461,65.4764604407,56.0704198285,74.882501053,0.672431316614,13,42.1642917705,COMP_0685,37.8405539302,COMP_0138,0.495810634667
GROUP_0035,2025-06,62.3890468672,healthy,stable,0.169324784792,-0.83392460248,64.1188204258,54.7127798135,73.5248610381,0.672431316614,13,49.9859325061,COMP_0685,34.8984871648,COMP_0138,0.513524925863
GROUP_0035,2025-07,64.30960267,healthy,stable,1.92055580286,0.852535151483,65.7589124275,56.3528718153,75.1649530398,0.672431316614,13,45.9310790979,COMP_0685,37.5889991456,COMP_0405,0.487947314352
GROUP_0035,2025-08,63.7393260089,healthy,stable,-0.570276661168,1.51960392648,64.6028824113,55.196841799,74.0089230236,0.864378169666,13,53.2166524203,COMP_0685,30.972635318,COMP_0405,0.548837368283
GROUP_0035,2025-09,64.9660533887,healthy,stable,1.22672737989,2.57700652159,66.6400027215,57.2339621092,76.0460433338,0.864378169666,13,56.0410783247,COMP_0685,30.8973093106,COMP_0138,0.555661981421
GROUP_0035,2025-10,66.2823850016,healthy,stable,1.31633161287,1.97278233159,70.4263011792,61.020260567,79.8323417915,0.864554549932,13,64.3403719339,COMP_0685,31.4363320328,COMP_0138,0.544064556642
GROUP_0035,2025-11,68.0687766757,healthy,stable,1.7863916741,4.32945066686,73.8621010804,64.4560604682,83.2681416927,0.780325631794,14,64.2041338188,COMP_0685,32.7715604445,COMP_0138,0.517678442512
GROUP_0035,2025-12,67.1582339007,healthy,stable,-0.910542774975,2.192180512,71.5173414629,62.1113008506,80.9233820752,0.780325631794,14,61.7773103479,COMP_0685,35.3149455881,COMP_0138,0.490836487216
GROUP_0035,2026-01,67.587456576,healthy,stable,0.429222675215,1.30507157434,71.5125497544,62.1065091421,80.9185903667,0.780325631794,14,60.9822322856,COMP_0685,35.7810241114,COMP_0138,0.509905071667
GROUP_0035,2026-02,67.6253246666,healthy,stable,0.0378680906709,-0.443452009089,69.843946343,60.4379057307,79.2499869553,0.861119884868,14,61.2996986572,COMP_0685,35.6105207258,COMP_0138,0.533369516862
GROUP_0035,2026-03,67.5209434785,healthy,stable,-0.104381188148,0.362709577739,68.1375497606,58.7315091483,77.5435903729,0.861119884868,14,62.3296719082,COMP_0685,34.4395676888,COMP_0138,0.528493860383
GROUP_0035,2026-04,67.8135585705,healthy,stable,0.292615092057,0.22610199458,68.006685833,58.6006452207,77.4127264452,0.900576009158,14,62.4377418603,COMP_0685,34.4418645358,COMP_0138,0.55877462797
GROUP_0035,2026-05,68.3268079916,healthy,stable,0.51324942107,0.701483324979,69.2694810466,59.8634404343,78.6755216588,0.900576009158,14,61.1759799432,COMP_0685,35.7968687986,COMP_0138,0.519543614096
GROUP_0035,2026-06,68.5543924772,healthy,stable,0.227584485552,1.03344899868,69.7150733535,60.3090327412,79.1211139658,0.900576009158,14,59.6786150193,COMP_0685,37.1958866874,COMP_0138,0.530678224659
GROUP_0035,2026-07,68.9013359655,healthy,stable,0.346943488295,1.08777739492,70.3936729349,60.9876323227,79.7997135472,0.900576009158,14,58.8025264892,COMP_0685,38.0431883043,COMP_0138,0.514163225156
GROUP_0035,2026-08,67.397890804,healthy,stable,-1.50344516148,-0.928917187629,68.8902277735,59.4841871612,78.2962683858,0.900576009158,14,63.3665522707,COMP_0685,33.3478076674,COMP_0138,0.529947207667
GROUP_0036,2024-09,40.4521253229,watch,warmup,,,40.4521253229,31.0460847106,49.8581659352,0.323111111111,1,0,COMP_0357,40.4521253229,COMP_0357,
GROUP_0036,2024-10,38.1146709776,stress,warmup,-2.33745434534,,38.1146709776,28.7086303653,47.5207115899,0.323111111111,1,0,COMP_0357,38.1146709776,COMP_0357,
GROUP_0036,2024-11,33.5122333361,stress,warmup,-4.60243764148,,15.8155087697,6.40946815741,25.221549382,0.323111111111,1,0,COMP_0357,33.5122333361,COMP_0357,
GROUP_0036,2024-12,37.6463163338,stress,stable,4.13408299771,-2.80580898912,29.3008701124,19.8948295001,38.7069107247,0.323111111111,1,0,COMP_0357,37.6463163338,COMP_0357,
GROUP_0036,2025-01,39.981287325,stress,stable,2.33497099116,1.86661634738,39.0839759304,29.6779353182,48.4900165427,0.323111111111,1,0,COMP_0357,39.981287325,COMP_0357,
GROUP_0036,2025-02,39.1492687455,stress,stable,-0.832018579484,5.63703540938,38.5489502981,29.1429096858,47.9549909104,0.565444444444,1,0,COMP_0357,39.1492687455,COMP_0357,
GROUP_0036,2025-03,38.6427096858,stress,stable,-0.506559059682,0.996393351993,40.3365783842,30.9305377719,49.7426189965,0.565444444444,1,0,COMP_0357,38.6427096858,COMP_0357,
GROUP_0036,2025-04,38.1646722076,stress,stable,-0.478037478227,-1.81661511739,39.858540906,30.4525002937,49.2645815182,0.565444444444,1,0,COMP_0357,38.1646722076,COMP_0357,
GROUP_0036,2025-05,42.0257913487,watch,stable,3.86111914116,2.87652260326,43.7196600471,34.3136194348,53.1257006594,0.565444444444,1,0,COMP_0357,42.0257913487,COMP_0357,
GROUP_0036,2025-06,39.9487072788,stress,stable,-2.07708406991,1.30599759303,39.9154756318,30.5094350195,49.321516244,0.565444444444,1,0,COMP_0357,39.9487072788,COMP_0357,
GROUP_0036,2025-07,38.6650906941,stress,stable,-1.28361658468,0.500418486578,38.6936264798,29.2875858675,48.0996670921,0.565444444444,1,0,COMP_0357,38.6650906941,COMP_0357,
GROUP_0036,2025-08,37.6131875816,stress,stable,-1.05190311257,-4.41260376716,36.5630750353,27.157034423,45.9691156476,0.727,1,0,COMP_0357,37.6131875816,COMP_0357,
GROUP_0036,2025-09,39.5624154218,stress,stable,1.94922784022,-0.386291857028,38.8592725236,29.4532319114,48.2653131359,0.727,1,0,COMP_0357,39.5624154218,COMP_0357,
GROUP_0036,2025-10,40.3917716525,watch,stable,0.829356230728,1.72668095838,38.7250715624,29.3190309501,48.1311121747,0.727,1,0,COMP_0357,40.3917716525,COMP_0357,
GROUP_0036,2025-11,37.5838233741,stress,stable,-2.80794827841,-0.0293642074603,36.9271272172,27.5210866049,46.3331678294,0.727,1,0,COMP_0357,37.5838233741,COMP_0357,
GROUP_0036,2025-12,36.1209925984,stress,stable,-1.4628307757,-3.44142282338,34.2184439949,24.8124033826,43.6244846072,0.727,1,0,COMP_0357,36.1209925984,COMP_0357,
GROUP_0036,2026-01,38.0478688343,stress,stable,1.92687623585,-2.34390281826,36.1453202307,26.7392796184,45.551360843,0.727,1,0,COMP_0357,38.0478688343,COMP_0357,
GROUP_0036,2026-02,43.4155718373,watch,stable,5.36770300306,5.83174846321,44.5988877607,35.1928471484,54.004928373,0.807777777778,1,0,COMP_0357,43.4155718373,COMP_0357,
GROUP_0036,2026-03,40.7423918136,watch,stable,-2.6731800237,4.62139921521,44.5977370492,35.191696437,54.0037776615,0.807777777778,1,0,COMP_0357,40.7423918136,COMP_0357,
GROUP_0036,2026-04,41.2391338729,watch,stable,0.496742059278,3.19126503864,46.6642844386,37.2582438263,56.0703250509,0.807777777778,1,0,COMP_0357,41.2391338729,COMP_0357,
GROUP_0036,2026-05,34.4036216735,stress,stable,-6.83551219943,-9.01195016385,36.9370061758,27.5309655635,46.3430467881,0.807777777778,1,0,COMP_0357,34.4036216735,COMP_0357,
GROUP_0036,2026-06,37.2502336165,stress,stable,2.84661194303,-3.49215819712,31.7003168072,22.2942761949,41.1063574195,0.807777777778,1,0,COMP_0357,37.2502336165,COMP_0357,
GROUP_0036,2026-07,37.692056614,stress,stable,0.441822997546,-3.54707725885,31.7553876789,22.3493470666,41.1614282912,0.807777777778,1,0,COMP_0357,37.692056614,COMP_0357,
GROUP_0036,2026-08,37.5421654765,stress,stable,-0.149891137572,3.138543803,34.2779346126,24.8718940003,43.6839752249,0.807777777778,1,0,COMP_0357,37.5421654765,COMP_0357,
GROUP_0037,2024-09,46.5285516601,watch,warmup,,,46.5285516601,37.1225110479,55.9345922724,0.360527406908,6,20.8607895506,COMP_0994,42.7844072572,COMP_1168,0.414068714367
GROUP_0037,2024-10,45.3379241162,watch,warmup,-1.19062754391,,45.3379241162,35.9318835039,54.7439647285,0.360527406908,6,25.4845386293,COMP_0994,40.835068232,COMP_1168,0.417998136093
GROUP_0037,2024-11,47.1183991186,watch,warmup,1.78047500236,,48.6225101377,39.2164695254,58.0285507499,0.360527406908,6,27.7325469173,COMP_0994,42.8489871738,COMP_1168,0.40690633429
GROUP_0037,2024-12,44.5944287002,watch,stable,-2.52397041837,-1.93412295992,42.0024675289,32.5964269166,51.4085081412,0.360527406908,6,30.2499044133,COMP_0994,39.4839410211,COMP_1168,0.429674498484
GROUP_0037,2025-01,44.8180548236,watch,stable,0.223626123361,-0.519869292647,42.7796564349,33.3736158226,52.1856970472,0.360527406908,6,30.293572001,COMP_0994,39.8427341277,COMP_1168,0.429149934007
GROUP_0037,2025-02,42.7094701088,watch,stable,-2.10858471482,-4.40892900983,39.3581912492,29.952150637,48.7642318615,0.630922962089,6,27.7214166919,COMP_0994,38.0277095655,COMP_1168,0.446337802434
GROUP_0037,2025-03,43.9119715905,watch,stable,1.20250148171,-0.682457109752,41.601459346,32.1954187337,51.0074999583,0.630922962089,6,25.3828958016,COMP_0994,39.4134133282,COMP_1168,0.429731805015
GROUP_0037,2025-04,43.9879534522,watch,stable,0.0759818617421,-0.830101371371,41.6774412078,32.2714005955,51.0834818201,0.630922962089,6,36.4860349071,COMP_0847,30.4879824907,COMP_1168,0.462315583561
GROUP_0037,2025-05,44.7743181056,watch,stable,0.786364653409,2.06484799686,44.9578052991,35.5517646868,54.3638459114,0.630922962089,6,30.5502865283,COMP_0847,32.9425645549,COMP_1168,0.431435780743
GROUP_0037,2025-06,43.3863689617,watch,stable,-1.38794914389,-0.525602628739,43.3306046463,33.924564034,52.7366452586,0.630922962089,6,27.6229551467,COMP_0994,38.5954408453,COMP_1168,0.438825382618
GROUP_0037,2025-07,44.2607405663,watch,stable,0.874371604575,0.272787114094,45.1237866038,35.7177459916,54.5298272161,0.630922962089,6,29.2444039242,COMP_0847,39.5033935862,COMP_1168,0.429535290681
GROUP_0037,2025-08,44.5557412605,watch,stable,0.295000694217,-0.218576845098,45.0194793545,35.6134387422,54.4255199668,0.811186665543,6,28.6493608945,COMP_0847,39.463094735,COMP_0636,0.423683611266
GROUP_0037,2025-09,43.9778621816,watch,stable,-0.577879078896,0.591493219896,43.9675690856,34.5615284733,53.3736096979,0.811186665543,6,39.1014408581,COMP_0847,36.2944183817,COMP_0636,0.427132286305
GROUP_0037,2025-10,45.9448597752,watch,stable,1.96699759354,1.68411920886,47.1388122781,37.7327716658,56.5448528904,0.811186665543,6,36.78349039,COMP_0847,38.2901283439,COMP_0636,0.409108266252
GROUP_0037,2025-11,47.0152542475,watch,stable,1.07039447234,2.45951298698,50.527259191,41.1212185787,59.9332998033,0.811186665543,6,36.9742834108,COMP_0847,39.0130857357,COMP_0636,0.406274360023
GROUP_0037,2025-12,46.9590894399,watch,stable,-0.0561648076576,2.98122725822,50.0233583685,40.6173177562,59.4293989808,0.811186665543,6,34.4992908538,COMP_0847,38.5750123032,COMP_0636,0.399234378003
GROUP_0037,2026-01,44.8739372582,watch,stable,-2.0851521817,-1.07092251701,47.4602229031,38.0541822908,56.8662635154,0.811186665543,6,33.0391450833,COMP_0847,38.6861156425,COMP_0636,0.424501691902
GROUP_0037,2026-02,45.8387370312,watch,stable,0.964799773084,-1.17651721627,46.9812327538,37.5751921415,56.3872733661,0.90131851727,6,33.5294867479,COMP_0847,40.4823642762,COMP_0636,0.412508860138
GROUP_0037,2026-03,47.3979483106,watch,stable,1.55921127932,0.438858870713,47.885883241,38.4798426287,57.2919238532,0.90131851727,6,40.9574054352,COMP_0847,36.5132788408,COMP_0636,0.397031884641
GROUP_0037,2026-04,48.5088675457,watch,stable,1.1109192351,3.63493028751,50.0323531098,40.6263124975,59.4383937221,0.90131851727,6,35.9760685648,COMP_0847,39.6931830353,COMP_0636,0.389521040388
GROUP_0037,2026-05,44.7118167341,watch,stable,-3.79705081154,-1.12692029712,45.4578768143,36.051836202,54.8639174266,0.90131851727,6,36.9092692321,COMP_0847,37.3553602276,COMP_0636,0.425223553388
GROUP_0037,2026-06,49.8451410744,watch,stable,5.13332434029,2.44719276385,54.915768967,45.5097283547,64.3218095793,0.90131851727,6,42.1148423974,COMP_0847,33.5576746156,COMP_0636,0.406163198202
GROUP_0037,2026-07,53.2384412049,watch,stable,3.39330013046,4.7295736592,60.0472740167,50.6412334044,69.4533146289,0.90131851727,6,42.1205261048,COMP_0847,35.8135366637,COMP_0636,0.38023550594
GROUP_0037,2026-08,53.5880078381,watch,stable,0.349566633236,8.87619110398,60.063911711,50.6578710987,69.4699523233,0.90131851727,6,36.76498201,COMP_0847,37.8547216094,COMP_0636,0.373304651396
GROUP_0038,2025-05,66.4541296815,healthy,warmup,,,66.4541296815,57.0480890692,75.8601702938,0.303111111111,1,0,COMP_0989,66.4541296815,COMP_0989,
GROUP_0038,2025-06,75.2717250632,healthy,warmup,8.81759538174,,75.2717250632,65.8656844509,84.6777656755,0.316657262913,3,19.860565635,COMP_0989,66.9235309248,COMP_0650,0.157603748911
GROUP_0038,2025-07,74.9337476816,healthy,warmup,-0.337977381615,,96.5567735819,87.1507329696,100,0.316657262913,3,17.0450867836,COMP_0989,68.9514825498,COMP_0650,0.162537764124
GROUP_0038,2025-08,78.6462960541,healthy,stable,3.71254837246,12.1921663726,98.4766358206,89.0705952083,100,0.316657262913,3,18.6322046013,COMP_0989,65.2313108176,COMP_0650,0.182261956821
GROUP_0038,2025-09,74.7031820231,healthy,stable,-3.94311403102,-0.568543040174,84.2645309041,74.8584902918,93.6705715164,0.316657262913,3,20.8272628907,COMP_0989,62.8686850194,COMP_0650,0.190881228572
GROUP_0038,2025-10,72.6719299742,healthy,stable,-2.0312520489,-2.26181770746,72.0839875448,62.6779469325,81.4900281571,0.361649906736,3,17.3664614273,COMP_0989,64.0342477122,COMP_0650,0.208947398032
GROUP_0038,2025-11,75.1311592028,healthy,stable,2.45922922862,-3.5151368513,74.1646360345,64.7585954222,83.5706766468,0.554150210098,3,18.7623557815,COMP_0989,65.4375977386,COMP_0650,0.17589360845
GROUP_0038,2025-12,75.8950671869,healthy,stable,0.763907984155,1.19188516387,76.1467668764,66.7407262641,85.5528074887,0.554150210098,3,14.1418955357,COMP_0989,68.7491516049,COMP_0650,0.196084007927
GROUP_0038,2026-01,73.7825780376,healthy,stable,-2.11248914932,1.11064806345,70.3436960664,60.9376554541,79.7497366787,0.554150210098,3,22.6417135469,COMP_0989,61.5787706668,COMP_0650,0.174953456874
GROUP_0038,2026-02,72.0171821118,healthy,stable,-1.76539592585,-3.11397709101,70.8434120303,61.437371418,80.2494526426,0.554150210098,3,27.5275998298,COMP_0989,56.6252049708,COMP_0650,0.182698679446
GROUP_0038,2026-03,74.8740883494,healthy,stable,2.85690623764,-1.02097883753,74.5463230113,65.1402823991,83.9523636236,0.554150210098,3,16.9022670956,COMP_0989,65.3847618134,COMP_0650,0.204171139219
GROUP_0038,2026-04,76.7740799055,healthy,stable,1.89999155608,2.99150186787,77.8948211216,68.4887805093,87.3008617339,0.58414530598,3,15.562399248,COMP_0989,65.2554136884,COMP_0650,0.218805674175
GROUP_0038,2026-05,74.4131575984,healthy,stable,-2.36092230704,2.39597548668,75.2171465385,65.8111059262,84.6231871508,0.712478841554,3,19.9453467857,COMP_0989,65.0706992551,COMP_0650,0.159731490789
GROUP_0038,2026-06,75.0085040436,healthy,stable,0.595346445174,0.134415694216,77.7918553387,68.3858147264,87.197895951,0.712478841554,3,21.5672769426,COMP_0989,66.8319836137,COMP_0650,0.149096548131
GROUP_0038,2026-07,74.1520588166,healthy,stable,-0.856445227009,-2.62202108887,74.3805654968,64.9745248845,83.7866061091,0.712478841554,3,19.0835216008,COMP_0989,67.007975841,COMP_0650,0.169400971449
GROUP_0038,2026-08,71.8286414844,healthy,stable,-2.32341733221,-2.58451611405,67.4607708266,58.0547302144,76.8668114389,0.712478841554,3,20.3624588071,COMP_0989,65.5441198457,COMP_0650,0.171930704122
GROUP_0039,2026-02,47.0599456056,watch,warmup,,,47.0599456056,37.6539049934,56.4659862179,0.331352611079,5,22.5408356154,COMP_0964,41.3534386009,COMP_0619,0.42328220856
GROUP_0039,2026-03,46.9405322238,watch,warmup,-0.119413381853,,46.9405322238,37.5344916115,56.3465728361,0.331352611079,5,21.4380245262,COMP_0964,42.5800306257,COMP_0619,0.436870920773
GROUP_0039,2026-04,48.5545412152,watch,warmup,1.61400899136,,52.3657600194,42.9597194071,61.7718006317,0.331352611079,5,15.2513193459,COMP_0536,43.9364047944,COMP_0619,0.418923070499
GROUP_0039,2026-05,47.0387998997,watch,stable,-1.51574131548,-0.0211457059728,47.1461173363,37.7400767241,56.5521579486,0.331352611079,5,20.7971972664,COMP_0536,41.5149849102,COMP_0619,0.415936742201
GROUP_0039,2026-06,46.1414404951,watch,stable,-0.897359404594,-0.799091728713,45.2513893634,35.8453487511,54.6574299757,0.331352611079,5,19.3359052295,COMP_0536,39.7906752996,COMP_0619,0.432706292084
GROUP_0039,2026-07,48.1984860703,watch,stable,2.05704557525,-0.356055144822,48.1625383702,38.7564977579,57.5685789825,0.579867069388,5,22.9072916148,COMP_0536,42.2067235871,COMP_0619,0.419433304446
GROUP_0039,2026-08,47.5732552523,watch,stable,-0.625230817994,0.534455352666,47.8238378258,38.4177972135,57.2298784381,0.579867069388,5,21.5846704012,COMP_0536,40.0714730173,COMP_0619,0.429034875931
GROUP_0040,2025-10,56.2357163588,watch,warmup,,,56.2357163588,46.8296757465,65.641756971,0.332,1,0,COMP_0416,56.2357163588,COMP_0416,0.299137951291
GROUP_0040,2025-11,59.1951563349,watch,warmup,2.95943997617,,59.1951563349,49.7891157226,68.6011969472,0.300177971323,2,18.0562210025,COMP_0416,51.3024972341,COMP_0709,0.341798057717
GROUP_0040,2025-12,59.4087391243,watch,warmup,0.213582789342,,67.4999471763,58.0939065641,76.9059877886,0.300177971323,2,15.8170043853,COMP_0416,52.4948769383,COMP_0709,0.336158184498
GROUP_0040,2026-01,60.3854502795,healthy,stable,0.976711155196,4.14973392071,66.4033375578,56.9972969455,75.8093781701,0.295596031345,3,15.0258680426,COMP_1254,52.7293438182,COMP_0709,0.309986306259
GROUP_0040,2026-02,59.0963657453,watch,stable,-1.28908453419,-0.0987905896516,62.4376545085,53.0316138962,71.8436951208,0.295596031345,3,18.7209703504,COMP_1254,49.1236745275,COMP_0709,0.35412015125
GROUP_0040,2026-03,61.2155786801,healthy,stable,2.11921293481,1.80683955581,64.287205925,54.8811653127,73.6932465373,0.429817722821,3,15.7094080429,COMP_1254,52.4855576027,COMP_0709,0.304762347308
GROUP_0040,2026-04,63.040211131,healthy,stable,1.82463245088,2.6547608515,66.1118383759,56.7057977636,75.5178789881,0.511193852321,3,20.4190876749,COMP_1254,52.4663500361,COMP_0709,0.315727010113
GROUP_0040,2026-05,62.4265245552,healthy,stable,-0.613686575796,3.33015880989,65.5144365367,56.1083959244,74.9204771489,0.511193852321,3,15.6661688194,COMP_1254,51.898849928,COMP_0709,0.329152469164
GROUP_0040,2026-06,65.2247407594,healthy,stable,2.79821620422,4.00916207931,70.7952913119,61.3892506996,80.2013319242,0.517293054855,3,14.591819345,COMP_1254,53.2713517264,COMP_0709,0.307403759976
GROUP_0040,2026-07,64.7579125819,healthy,stable,-0.466828177498,1.71770145093,70.5326903552,61.126649743,79.9387309675,0.517293054855,3,19.4432174131,COMP_1254,50.2341064095,COMP_0709,0.359714013093
GROUP_0040,2026-08,62.5413904275,healthy,stable,-2.21652215445,0.114865872276,65.461482894,56.0554422817,74.8675235063,0.517293054855,3,21.1826423338,COMP_1254,42.8971714687,COMP_0709,0.408089844065
GROUP_0041,2025-12,61.5557409023,healthy,warmup,,,61.5557409023,52.14970029,70.9617815146,0.191109043894,2,6.80275270234,COMP_0730,61.5539830564,COMP_0734,
GROUP_0041,2026-01,63.8562720715,healthy,warmup,2.30053116916,,63.8562720715,54.4502314592,73.2623126838,0.191109043894,2,5.19444167949,COMP_0730,63.8549298166,COMP_0734,
GROUP_0041,2026-02,57.9208944627,watch,warmup,-5.93537760873,,48.6520360418,39.2459954296,58.0580766541,0.191109043894,2,8.31653026551,COMP_0730,57.9187454535,COMP_0734,
GROUP_0041,2026-03,60.9905448687,healthy,stable,3.06965040592,-0.565196033648,56.8563260565,47.4502854442,66.2623666688,0.191109043894,2,6.80195743494,COMP_0730,60.9887872283,COMP_0734,
GROUP_0041,2026-04,62.0416192558,healthy,stable,1.05107438716,-1.81465281564,61.8709500776,52.4649094653,71.2769906899,0.191109043894,2,6.99606816929,COMP_0730,62.0398114568,COMP_0734,
GROUP_0041,2026-05,59.6714330345,watch,stable,-2.37018622133,1.75053857175,57.7494390093,48.343398397,67.1554796216,0.334440826814,2,14.8682107659,COMP_0730,59.667591057,COMP_0734,
GROUP_0041,2026-06,63.8553427736,healthy,stable,4.18390973906,2.86479790489,66.8312583455,57.4252177333,76.2372989578,0.334440826814,2,9.67043653841,COMP_0730,63.852843912,COMP_0734,
GROUP_0041,2026-07,63.6739771065,healthy,stable,-0.181365667044,1.63235785068,68.5441335448,59.1380929325,77.9501741571,0.334440826814,2,7.63010919367,COMP_0730,63.6720054699,COMP_0734,
GROUP_0041,2026-08,65.063892684,healthy,stable,1.38991557752,5.39245964953,69.2187074557,59.8126668434,78.624748068,0.334440826814,2,6.96072374135,COMP_0730,65.0620940181,COMP_0734,
GROUP_0042,2026-01,72.7994975101,healthy,warmup,,,72.7994975101,63.3934568978,82.2055381224,0.231145492219,2,9.93808956376,COMP_0391,63.1117041775,COMP_0444,0.242362436084
GROUP_0042,2026-02,71.1356838677,healthy,warmup,-1.66381364242,,71.1356838677,61.7296432554,80.5417244799,0.231145492219,2,12.2979616799,COMP_0391,59.1474530912,COMP_0444,0.257954630784
GROUP_0042,2026-03,69.4972218883,healthy,warmup,-1.63846197938,,61.0764190527,51.6703784404,70.482459665,0.231145492219,2,7.68334866179,COMP_0391,62.0073825726,COMP_0444,0.279848954743
GROUP_0042,2026-04,69.8362633236,healthy,stable,0.339041435345,-2.96323418645,63.1394362177,53.7333956054,72.54547683,0.231145492219,2,9.74022739634,COMP_0391,60.3413488913,COMP_0444,0.275852407829
GROUP_0042,2026-05,70.4430304738,healthy,stable,0.606767150205,-0.692653393827,67.2840215446,57.8779809323,76.6900621569,0.231145492219,2,9.58668272963,COMP_0391,61.0977936017,COMP_0444,0.264161568775
GROUP_0042,2026-06,67.9140627726,healthy,stable,-2.52896770128,-1.58315911573,63.8064958763,54.400455264,73.2125364886,0.404504611383,2,3.74685995028,COMP_0391,64.2615695432,COMP_0444,0.283195737264
GROUP_0042,2026-07,70.4484852116,healthy,stable,2.53442243906,0.612221887988,69.7475425825,60.3415019702,79.1535831947,0.404504611383,2,11.9597008881,COMP_0391,58.7899959436,COMP_0444,0.254908919307
GROUP_0042,2026-08,69.2870511434,healthy,stable,-1.16143406818,-1.1559793304,69.3009607248,59.8949201125,78.7070013371,0.404504611383,2,11.3077460868,COMP_0391,58.2640968378,COMP_0444,0.274579210879
GROUP_0043,2024-09,89.2831882664,solid,warmup,,,89.2831882664,79.8771476541,98.6892288787,0.259111111111,1,0,COMP_0825,89.2831882664,COMP_0825,
GROUP_0043,2024-10,91.2120245143,solid,warmup,1.92883624795,,91.2120245143,81.805983902,100,0.259111111111,1,0,COMP_0825,91.2120245143,COMP_0825,
GROUP_0043,2024-11,88.6738564953,solid,warmup,-2.53816801904,,87.120060479,77.7140198667,96.5261010913,0.259111111111,1,0,COMP_0825,88.6738564953,COMP_0825,
GROUP_0043,2024-12,89.3233067581,solid,stable,0.649450262764,0.0401184916733,88.5805094678,79.1744688556,97.9865500801,0.259111111111,1,0,COMP_0825,89.3233067581,COMP_0825,
GROUP_0043,2025-01,93.0198758421,solid,stable,3.69656908407,1.8078513278,96.2126476408,86.8066070285,100,0.259111111111,1,0,COMP_0825,93.0198758421,COMP_0825,
GROUP_0043,2025-02,93.9951019354,solid,stable,0.975226093284,5.32124544012,98.7593785945,89.3533379822,100,0.453444444444,1,0,COMP_0825,93.9951019354,COMP_0825,
GROUP_0043,2025-03,95.7108927453,solid,stable,1.71579080984,6.3875859872,100,93.1669452359,100,0.453444444444,1,0,COMP_0825,95.7108927453,COMP_0825,
GROUP_0043,2025-04,89.0003907383,solid,stable,-6.71050200699,-4.01948510387,95.8624838412,86.4564432289,100,0.453444444444,1,0,COMP_0825,89.0003907383,COMP_0825,
GROUP_0043,2025-05,90.3255653182,solid,stable,1.32517457989,-3.66953661726,91.3478690495,81.9418284372,100,0.453444444444,1,0,COMP_0825,90.3255653182,COMP_0825,
GROUP_0043,2025-06,90.9346578421,solid,stable,0.6090925239,-4.7762349032,87.499411924,78.0933713117,96.9054525363,0.453444444444,1,0,COMP_0825,90.9346578421,COMP_0825,
GROUP_0043,2025-07,91.795619279,solid,stable,0.860961436911,2.7952285407,89.5521469694,80.1461063571,98.9581875817,0.453444444444,1,0,COMP_0825,91.795619279,COMP_0825,
GROUP_0043,2025-08,89.1138107774,solid,stable,-2.6818085016,-1.21175454079,87.053828058,77.6477874457,96.4598686703,0.583,1,0,COMP_0825,89.1138107774,COMP_0825,
GROUP_0043,2025-09,95.1068586164,solid,stable,5.99304783906,4.17220077436,99.8587471356,90.4527065233,100,0.583,1,0,COMP_0825,95.1068586164,COMP_0825,
GROUP_0043,2025-10,94.0156934592,solid,stable,-1.09116515727,2.22007418019,97.7898195655,88.3837789532,100,0.583,1,0,COMP_0825,94.0156934592,COMP_0825,
GROUP_0043,2025-11,91.2337397173,solid,stable,-2.78195374183,2.11992893995,94.8376189152,85.431578303,100,0.583,1,0,COMP_0825,91.2337397173,COMP_0825,
GROUP_0043,2025-12,92.5836873411,solid,stable,1.34994762373,-2.52317127537,93.3875167644,83.9814761521,100,0.583,1,0,COMP_0825,92.5836873411,COMP_0825,
GROUP_0043,2026-01,94.145119027,solid,stable,1.56143168596,0.129425567862,97.7489982249,88.3429576127,100,0.583,1,0,COMP_0825,94.145119027,COMP_0825,
GROUP_0043,2026-02,94.8212730641,solid,stable,0.676154037092,3.58753334679,95.0412965295,85.6352559172,100,0.647777777778,1,0,COMP_0825,94.8212730641,COMP_0825,
GROUP_0043,2026-03,95.1593500827,solid,stable,0.338077018546,2.5756627416,98.6077356718,89.2016950595,100,0.647777777778,1,0,COMP_0825,95.1593500827,COMP_0825,
GROUP_0043,2026-04,96.9334663653,solid,stable,1.77411628263,2.78834733827,100,93.0733940089,100,0.647777777778,1,0,COMP_0825,96.9334663653,COMP_0825,
GROUP_0043,2026-05,97.1566102112,solid,improving,0.22314384594,2.33533714711,100,92.4149509265,100,0.647777777778,1,0,COMP_0825,97.1566102112,COMP_0825,
GROUP_0043,2026-06,60,healthy,improving,-37.1566102112,-35.1593500827,62.5862891919,53.1802485796,71.9923298042,0.647777777778,1,0,COMP_0825,60,COMP_0825,
GROUP_0043,2026-07,60,healthy,stable,0,-36.9334663653,24.4823014746,15.0762608623,33.8883420869,0.647777777778,1,0,COMP_0825,60,COMP_0825,
GROUP_0043,2026-08,60,healthy,stable,0,-37.1566102112,15.1718286446,5.76578803233,24.5778692569,0.647777777778,1,0,COMP_0825,60,COMP_0825,
GROUP_0044,2025-12,65.8023840467,healthy,warmup,,,65.8023840467,56.3963434345,75.208424659,0.324,1,0,COMP_0352,65.8023840467,COMP_0352,0.161136299274
GROUP_0044,2026-01,44.3537812054,watch,warmup,-21.4486028413,,44.3537812054,34.9477405931,53.7598218177,0.38057112282,13,36.7142756966,COMP_1225,43.4841234419,COMP_0114,0.47063710762
GROUP_0044,2026-02,40.6456466874,watch,warmup,-3.70813451799,,0,0,0,0.38057112282,13,39.4942970095,COMP_1225,39.6129412697,COMP_0114,0.503529659683
GROUP_0044,2026-03,42.2209510254,watch,stable,1.57530433795,-23.5814330214,12.7209899364,3.31494932408,22.1270305487,0.38057112282,13,30.5529340275,COMP_1225,41.303807358,COMP_0114,0.492836614328
GROUP_0044,2026-04,41.014153439,watch,stable,-1.20679758638,-3.33962776643,28.4810765729,19.0750359606,37.8871171851,0.38057112282,13,33.985912088,COMP_1225,40.0679946579,COMP_0740,0.499431715157
GROUP_0044,2026-05,40.9565754817,watch,stable,-0.0575779573481,0.310928794215,35.2792082787,25.8731676664,44.685248891,0.380777408919,13,32.2486317575,COMP_1225,39.9878269673,COMP_0114,0.493496668847
GROUP_0044,2026-06,42.337295103,watch,stable,1.38071962129,0.116344077562,42.0436475205,32.6376069082,51.4496881328,0.665999464935,13,29.2058345425,COMP_1225,41.3327711369,COMP_0114,0.479640684965
GROUP_0044,2026-07,42.6634517301,watch,stable,0.326156627188,1.64929829113,44.3268505288,34.9208099165,53.7328911411,0.665999464935,13,30.9909242597,COMP_1225,41.7775332458,COMP_0114,0.47468167303
GROUP_0044,2026-08,42.3079391286,watch,stable,-0.355512601554,1.35136364693,42.8721275271,33.4660869149,52.2781681394,0.665999464935,13,29.0673901442,COMP_1225,41.3167379165,COMP_0740,0.491132603336
GROUP_0045,2024-09,56.0372043422,watch,warmup,,,56.0372043422,46.63116373,65.4432449545,0.346648329523,2,6.32755448246,COMP_0181,53.9294698807,COMP_0788,0.334744339052
GROUP_0045,2024-10,59.5558387882,watch,warmup,3.51863444597,,59.5558387882,50.1497981759,68.9618794005,0.346648329523,2,6.8448999751,COMP_0181,57.2757744121,COMP_0788,0.254136355642
GROUP_0045,2024-11,61.4053521173,healthy,warmup,1.84951332906,,75.0941289436,65.6880883313,84.5001695559,0.346648329523,2,2.13713739706,COMP_0181,60.6934628474,COMP_0788,0.262637159081
GROUP_0045,2024-12,60.3564158667,healthy,stable,-1.04893625059,4.31921152445,68.7440046516,59.3379640393,78.1500452639,0.346648329523,2,2.07828268292,COMP_0788,58.970417706,COMP_0181,0.276688469818
GROUP_0045,2025-01,58.3258861837,watch,stable,-2.03052968294,-1.22995260447,60.8056566328,51.3996160205,70.211697245,0.346648329523,2,4.27842041761,COMP_0181,56.9007267197,COMP_0788,0.315738715682
GROUP_0045,2025-02,59.8085271176,watch,stable,1.48264093385,-1.59682499967,61.8499986677,52.4439580554,71.25603928,0.606634576665,2,3.4141306085,COMP_0181,58.671266149,COMP_0788,0.282406258605
GROUP_0045,2025-03,59.4466440905,watch,stable,-0.361883027121,-0.909771776207,57.9000320709,48.4939914586,67.3060726832,0.606634576665,2,5.08363934906,COMP_0181,57.7532628836,COMP_0788,0.302430615807
GROUP_0045,2025-04,57.3840134376,watch,stable,-2.06263065286,-0.941872746127,54.6694109382,45.2633703259,64.0754515505,0.606634576665,2,6.15259826722,COMP_0181,55.3345576121,COMP_0788,0.340468456237
GROUP_0045,2025-05,58.692767579,watch,stable,1.30875414141,-1.11575953857,56.9958463256,47.5898057133,66.4018869379,0.606634576665,2,4.42688864462,COMP_0181,57.218152737,COMP_0788,0.318821546488
GROUP_0045,2025-06,59.7929967115,watch,stable,1.1002291325,0.346352621051,60.2607704905,50.8547298782,69.6668111028,0.606634576665,2,0.160536286028,COMP_0788,59.6859357236,COMP_0181,0.290940134338
GROUP_0045,2025-07,58.9603775827,watch,stable,-0.832619128787,1.57636414512,58.3403877854,48.9343471731,67.7464283977,0.606634576665,2,1.05610225459,COMP_0181,58.6085855716,COMP_0788,0.314428436617
GROUP_0045,2025-08,60.5324906914,healthy,stable,1.57211310861,1.83972311232,62.4182003399,53.0121597276,71.8242409522,0.779958741426,2,1.68084151041,COMP_0181,59.9725954608,COMP_0788,0.294299597698
GROUP_0045,2025-09,60.0639283039,healthy,stable,-0.468562387451,0.270931592369,62.7974414675,53.3914008552,72.2034820798,0.779958741426,2,4.72282791525,COMP_0181,58.4907348718,COMP_0788,0.30200139391
GROUP_0045,2025-10,60.7757617589,healthy,improving,0.711833455026,1.81538417618,62.6614714075,53.2554307952,72.0675120198,0.779958741426,2,6.49472516873,COMP_0181,58.6123420532,COMP_0788,0.302986602349
GROUP_0045,2025-11,54.9265394323,watch,improving,-5.8492223266,-5.60595125903,55.3871231394,45.9810825271,64.7931637516,0.779958741426,2,3.88508536907,COMP_0181,53.6324014931,COMP_0788,0.348640026123
GROUP_0045,2025-12,52.3423516229,watch,stable,-2.58418780947,-7.72157668104,45.5919651438,36.1859245315,54.9980057561,0.779958741426,2,9.56970731055,COMP_0181,49.1546426998,COMP_0788,0.380166190272
GROUP_0045,2026-01,51.7143626449,watch,stable,-0.627988977914,-9.06139911398,41.2719353326,31.8658947203,50.6779759449,0.779958741426,2,12.9913938062,COMP_0181,47.3868758561,COMP_0788,0.383547799742
GROUP_0045,2026-02,55.6613317853,watch,stable,3.94696914033,0.734792352949,47.4702809775,38.0642403652,56.8763215897,0.866620823807,2,5.16907746839,COMP_0181,53.9394907889,COMP_0788,0.329069535473
GROUP_0045,2026-03,52.5751843222,watch,stable,-3.0861474631,0.232832699315,46.0542861058,36.6482454935,55.4603267181,0.866620823807,2,7.16054993372,COMP_0181,50.1899756447,COMP_0788,0.359344423332
GROUP_0045,2026-04,52.0887591957,watch,stable,-0.486425126502,0.374396550727,49.6079910505,40.2019504382,59.0140316628,0.866620823807,2,7.2423171839,COMP_0181,49.6763135104,COMP_0788,0.363649871914
GROUP_0045,2026-05,50.0645022302,watch,stable,-2.02425696547,-5.59682955507,47.7410958497,38.3350552374,57.147136462,0.866620823807,2,8.57455895777,COMP_0181,47.2082813225,COMP_0788,0.377420993345
GROUP_0045,2026-06,48.4438278156,watch,stable,-1.62067441457,-4.13135650654,41.4205217545,32.0144811422,50.8265623668,0.866620823807,2,5.28303211064,COMP_0181,46.6840280586,COMP_0788,0.385621214728
GROUP_0045,2026-07,50.4428365703,watch,stable,1.99900875469,-1.64592262535,43.4195305092,34.0134898969,52.8255711215,0.866620823807,2,6.54714861248,COMP_0181,48.2619543996,COMP_0788,0.379587819773
GROUP_0045,2026-08,50.7332424802,watch,stable,0.290405909907,0.66874025003,48.2524743351,38.8464337228,57.6585149474,0.866620823807,2,6.42751464239,COMP_0181,48.5922108777,COMP_0788,0.367793336679
GROUP_0046,2025-06,60.6122332226,healthy,warmup,,,60.6122332226,51.2061926103,70.0182738348,0.315111111111,1,0,COMP_0936,60.6122332226,COMP_0936,
GROUP_0046,2025-07,58.9973471291,watch,warmup,-1.61488609348,,58.9973471291,49.5913065168,68.4033877414,0.315111111111,1,0,COMP_0936,58.9973471291,COMP_0936,
GROUP_0046,2025-08,57.488681442,watch,warmup,-1.50866568706,,49.5236244016,40.1175837894,58.9296650139,0.315111111111,1,0,COMP_0936,57.488681442,COMP_0936,
GROUP_0046,2025-09,60.2829289341,healthy,stable,2.7942474921,-0.32930428844,56.1559227869,46.7498821746,65.5619633992,0.315111111111,1,0,COMP_0936,60.2829289341,COMP_0936,
GROUP_0046,2025-10,59.0323512376,watch,stable,-1.25057769652,0.0350041085186,57.745267827,48.3392272147,67.1513084393,0.315111111111,1,0,COMP_0936,59.0323512376,COMP_0936,
GROUP_0046,2025-11,59.9630851308,watch,stable,0.93073389319,2.47440368877,59.4032678404,49.9972272282,68.8093084527,0.551444444444,1,0,COMP_0936,59.9630851308,COMP_0936,
GROUP_0046,2025-12,60.0722542327,healthy,stable,0.109169101875,-0.210674701454,61.3035701848,51.8975295726,70.7096107971,0.551444444444,1,0,COMP_0936,60.0722542327,COMP_0936,
GROUP_0046,2026-01,60.9831457977,healthy,stable,0.910891565069,1.95079456013,64.2772011058,54.8711604935,73.6832417181,0.551444444444,1,0,COMP_0936,60.9831457977,COMP_0936,
GROUP_0046,2026-02,60.0666351088,healthy,stable,-0.91651068889,0.103549978054,60.6233975284,51.2173569161,70.0294381407,0.551444444444,1,0,COMP_0936,60.0666351088,COMP_0936,
GROUP_0046,2026-03,57.5864037545,watch,stable,-2.48023135438,-2.4858504782,57.7624387172,48.3563981049,67.1684793294,0.551444444444,1,0,COMP_0936,57.5864037545,COMP_0936,
GROUP_0046,2026-04,57.3809916502,watch,stable,-0.205412104246,-3.60215414752,54.3507228954,44.9446822831,63.7567635077,0.551444444444,1,0,COMP_0936,57.3809916502,COMP_0936,
GROUP_0046,2026-05,59.6403591071,watch,stable,2.25936745686,-0.426276001768,57.9283060765,48.5222654642,67.3343466888,0.709,1,0,COMP_0936,59.6403591071,COMP_0936,
GROUP_0046,2026-06,56.1919665195,watch,stable,-3.44839258756,-1.39443723495,51.5177620062,42.1117213939,60.9238026185,0.709,1,0,COMP_0936,56.1919665195,COMP_0936,
GROUP_0046,2026-07,57.2793059847,watch,stable,1.08733946518,-0.101685665516,54.9087626853,45.502722073,64.3148032976,0.709,1,0,COMP_0936,57.2793059847,COMP_0936,
GROUP_0046,2026-08,57.7853302131,watch,stable,0.506024228376,-1.855028894,57.6124645817,48.2064239694,67.018505194,0.709,1,0,COMP_0936,57.7853302131,COMP_0936,
GROUP_0047,2025-12,38.203627233,stress,warmup,,,38.203627233,28.7975866208,47.6096678453,0.324409635744,2,9.45522385774,COMP_1043,38.1344629892,COMP_0742,0.295776966255
GROUP_0047,2026-01,39.8350060243,stress,warmup,1.63137879128,,39.8350060243,30.428965412,49.2410466366,0.324409635744,2,8.25803432888,COMP_1043,39.7745991309,COMP_0742,0.297470439309
GROUP_0047,2026-02,43.7426739058,watch,warmup,3.90766788147,,57.8672429213,48.461202309,67.2732835336,0.324410385438,5,26.0338883098,COMP_1043,43.5112160783,COMP_1161,0.273707764228
GROUP_0047,2026-03,40.2552666483,watch,stable,-3.48740725748,2.05163941527,46.1591760691,36.7531354568,55.5652166813,0.324410385438,5,32.0970605433,COMP_1043,39.9959547962,COMP_1161,0.291126761203
GROUP_0047,2026-04,38.8201803898,stress,stable,-1.43508625851,-1.01482563452,39.7490653228,30.3430247105,49.1551059351,0.324410385438,5,34.556343133,COMP_1043,38.5560996606,COMP_1161,0.296619548197
GROUP_0047,2026-05,34.5425325542,stress,stable,-4.27764783558,-9.20014135158,30.8082159818,21.4021753695,40.2142565941,0.56543883618,5,39.2862361096,COMP_1043,34.2032957552,COMP_1161,0.313407288614
GROUP_0047,2026-06,38.6315102647,stress,stable,4.08897771047,-1.62375638362,32.1147766223,22.70873601,41.5208172346,0.56543883618,5,31.9090256755,COMP_1043,38.3838649007,COMP_1161,0.306013242377
GROUP_0047,2026-07,39.1252528058,stress,stable,0.493742541083,0.305072415965,34.4154832837,25.0094426715,43.821523896,0.567718174516,5,32.1448063194,COMP_1043,38.8934096492,COMP_1161,0.296992317965
GROUP_0047,2026-08,38.052571797,stress,stable,-1.07268100874,3.51003924281,36.6118041478,27.2057635355,46.0178447601,0.567718174516,5,34.1437610038,COMP_1043,37.7641391808,COMP_1161,0.295242011493
GROUP_0048,2026-01,60.0952534506,healthy,warmup,,,60.0952534506,50.6892128383,69.5012940629,0.365566213036,10,55.0822581791,COMP_0192,26.6300655291,COMP_1062,0.504324348221
GROUP_0048,2026-02,59.9371435023,watch,warmup,-0.158109948258,,59.9371435023,50.5311028901,69.3431841146,0.365566213036,10,57.2999706557,COMP_0192,25.5720128359,COMP_1062,0.511292107093
GROUP_0048,2026-03,59.9112145555,watch,warmup,-0.0259289468049,,59.4419153731,50.0358747608,68.8479559854,0.365566213036,10,57.9592195786,COMP_0192,24.2916132083,COMP_1062,0.529350474596
GROUP_0048,2026-04,58.3170206121,watch,stable,-1.59419394348,-1.77823283854,56.4023423312,46.996301719,65.8083829435,0.365566213036,10,53.4453301223,COMP_0192,29.6135283197,COMP_1062,0.477938626037
GROUP_0048,2026-05,59.5342067755,watch,stable,1.21718616341,-0.402936726867,58.773359152,49.3673185397,68.1793997643,0.365566213036,10,53.0584367924,COMP_0192,32.0401594802,COMP_1062,0.466907230147
GROUP_0048,2026-06,59.6722154087,watch,stable,0.138008633214,-0.238999146848,59.2029162263,49.796875614,68.6089568386,0.639740872813,10,55.0033957913,COMP_0192,29.436781691,COMP_1062,0.488676734619
GROUP_0048,2026-07,63.8155105744,healthy,stable,4.14329516568,5.49848996231,64.5193546038,55.1133139915,73.925395216,0.639740872813,10,52.6404954236,COMP_0192,32.0827067439,COMP_1062,0.471315100938
GROUP_0048,2026-08,65.5079782671,healthy,stable,1.69246769269,5.97377149159,71.7156277005,62.3095870882,81.1216683128,0.639740872813,10,56.7392008931,COMP_0192,32.1619542858,COMP_1062,0.470325171244
GROUP_0049,2026-01,61.2450811517,healthy,warmup,,,61.2450811517,51.8390405394,70.6511217639,0.205497813942,2,4.75287803874,COMP_0355,57.6409884734,COMP_1228,0.294318691118
GROUP_0049,2026-02,61.268960921,healthy,warmup,0.02387976938,,61.268960921,51.8629203087,70.6750015333,0.205497813942,2,2.63307009887,COMP_0355,59.2723120301,COMP_1228,0.224034168658
GROUP_0049,2026-03,61.9633615523,healthy,warmup,0.69440063125,,63.7949765739,54.3889359616,73.2010171862,0.205497813942,2,8.70674492727,COMP_0355,55.3610638732,COMP_1228,0.247806470835
GROUP_0049,2026-04,63.6892339002,healthy,stable,1.72587234787,2.4441527485,67.5374853461,58.1314447338,76.9435259584,0.205497813942,2,5.40017601315,COMP_0355,59.5942971751,COMP_1228,0.241184773958
GROUP_0049,2026-05,59.0138504884,watch,stable,-4.6753834118,-2.25511043267,59.9905514111,50.5845107988,69.3965920234,0.205497813942,2,0.661891907145,COMP_0355,58.5119399077,COMP_1228,0.321525883761
GROUP_0049,2026-06,60.2983050849,healthy,stable,1.28445459651,-1.66505646741,59.3325934968,49.9265528845,68.738634109,0.359621174399,2,2.24121597637,COMP_0355,58.5987979599,COMP_1228,0.290778925955
GROUP_0049,2026-07,64.1084031502,healthy,stable,3.81009806533,0.419169250042,66.8433311875,57.4372905753,76.2493717998,0.359621174399,2,9.11458839683,COMP_0355,57.1968390329,COMP_1228,0.230595801907
GROUP_0049,2026-08,66.2834845976,healthy,stable,2.1750814474,7.26963410924,70.6900101038,61.2839694915,80.0960507161,0.359621174399,2,16.4868170099,COMP_0355,53.781582384,COMP_1228,0.245027440813
GROUP_0050,2024-09,47.0809755007,watch,warmup,,,47.0809755007,37.6749348884,56.487016113,0.19112860711,3,34.489134262,COMP_0135,47.0715832966,COMP_0938,
GROUP_0050,2024-10,46.7354816763,watch,warmup,-0.345493824408,,46.7354816763,37.329441064,56.1415222886,0.19112860711,3,35.304963494,COMP_0135,46.7279769876,COMP_0938,
GROUP_0050,2024-11,45.6398044755,watch,warmup,-1.09567720078,,41.9648183613,32.558777749,51.3708589735,0.19112860711,3,39.7814919524,COMP_0135,45.6301685059,COMP_0938,
GROUP_0050,2024-12,46.4824569257,watch,stable,0.842652450159,-0.598518575032,45.0927068846,35.6866662724,54.4987474969,0.19112860711,3,39.2248981938,COMP_0135,46.4676716973,COMP_0938,
GROUP_0050,2025-01,48.8495305228,watch,stable,2.36707359717,2.11404884655,49.6543777924,40.2483371801,59.0604184047,0.19112860711,3,34.2816060004,COMP_0135,48.8454985327,COMP_0938,
GROUP_0050,2025-02,50.2720675429,watch,stable,1.4225370201,4.63226306744,53.8659505821,44.4599099698,63.2719911944,0.334475062442,3,34.6388980924,COMP_0135,50.267105638,COMP_0938,
GROUP_0050,2025-03,47.6832337983,watch,stable,-2.58883374463,1.20077687265,51.2771168374,41.8710762252,60.6831574497,0.334475062442,3,43.7325788855,COMP_0241,41.5189244346,COMP_0938,
GROUP_0050,2025-04,53.8345789953,watch,stable,6.15134519701,4.98504847249,62.019380416,52.6133398037,71.4254210283,0.334475062442,3,46.4958512302,COMP_0241,38.4381769945,COMP_0938,
GROUP_0050,2025-05,47.1121885116,watch,stable,-6.72239048376,-3.15987903137,49.1535091951,39.7474685828,58.5595498074,0.334475062442,3,31.7902317114,COMP_0135,47.1081193677,COMP_0938,
GROUP_0050,2025-06,49.5647380607,watch,stable,2.45254954912,1.88150426237,48.6628929708,39.2568523585,58.0689335831,0.334475062442,3,31.3511532344,COMP_0135,49.5640227488,COMP_0938,
GROUP_0050,2025-07,50.5303866522,watch,stable,0.965648591484,-3.30419234316,50.7938721436,41.3878315313,60.1999127559,0.334475062442,3,33.553136374,COMP_0241,49.5755916813,COMP_0938,
GROUP_0050,2025-08,51.0188641882,watch,stable,0.488477536013,3.90667567662,54.4212071858,45.0151665736,63.8272477981,0.430039365997,3,46.213143758,COMP_0241,41.1034479761,COMP_0938,
GROUP_0050,2025-09,49.2643948867,watch,stable,-1.75446930144,-0.300343173948,48.753811491,39.3477708787,58.1598521033,0.430039365997,3,51.7383154596,COMP_0241,31.6996106816,COMP_0938,
GROUP_0050,2025-10,48.6582996348,watch,stable,-0.606095251916,-1.87208701735,50.2353329805,40.8292923682,59.6413735928,0.430039365997,3,53.7223064886,COMP_0241,29.8925377841,COMP_0938,
GROUP_0050,2025-11,51.6440790633,watch,stable,2.98577942848,0.62521487512,52.706944351,43.3009037387,62.1129849633,0.430039365997,3,53.6361086308,COMP_0241,28.2431078686,COMP_0938,
GROUP_0050,2025-12,51.058754473,watch,stable,-0.585324590268,1.7943595863,51.5976896503,42.191649038,61.0037302626,0.430039365997,3,50.6696164068,COMP_0241,32.4446937965,COMP_0938,
GROUP_0050,2026-01,53.9497775249,watch,stable,2.89102305189,5.29147789011,57.0001888216,47.5941482093,66.4062294339,0.430039365997,3,51.2732352181,COMP_0241,31.4024546922,COMP_0938,
GROUP_0050,2026-02,49.7937463079,watch,stable,-4.15603121698,-1.85033275535,52.8441576046,43.4381169924,62.2501982169,0.477821517774,3,57.0895770187,COMP_0241,29.6353166817,COMP_0938,
GROUP_0050,2026-03,48.9114938769,watch,stable,-0.882252431083,-2.14726059617,45.9263384665,36.5202978542,55.3323790788,0.477821517774,3,51.3693052102,COMP_0241,30.9129530987,COMP_0938,
GROUP_0050,2026-04,47.5209212911,watch,stable,-1.39057258577,-6.42885623384,43.3153003634,33.9092597511,52.7213409757,0.477821517774,3,54.6243366753,COMP_0241,31.4711158176,COMP_0938,
GROUP_0050,2026-05,46.7446102067,watch,stable,-0.776311084371,-3.04913610123,41.5610788346,32.1550382223,50.9671194469,0.477821517774,3,52.0772903997,COMP_0241,30.8868632735,COMP_0938,
GROUP_0050,2026-06,49.0062668722,watch,stable,2.26165666553,0.094772995384,43.8227355002,34.4166948879,53.2287761124,0.477821517774,3,55.6171934456,COMP_0241,28.2202256998,COMP_0938,
GROUP_0050,2026-07,49.6508589391,watch,stable,0.644592066837,2.12993764799,49.5051138228,40.0990732106,58.9111544351,0.477821517774,3,47.1794790674,COMP_0241,31.1807480342,COMP_0938,
GROUP_0050,2026-08,49.5084147732,watch,stable,-0.142444165883,2.76380456648,50.7888919206,41.3828513083,60.1949325329,0.477821517774,3,50.0574581446,COMP_0241,34.0191382596,COMP_0938,
GROUP_0051,2025-07,57.8963537018,watch,warmup,,,57.8963537018,48.4903130895,67.3023943141,0.288,1,0,COMP_1066,57.8963537018,COMP_1066,0.47350861145
GROUP_0051,2025-08,58.9592484818,watch,warmup,1.06289477997,,58.9592484818,49.5532078695,68.3652890941,0.279097597838,4,39.7932513798,COMP_0605,33.2086057972,COMP_0459,0.479356680446
GROUP_0051,2025-09,57.5057877498,watch,warmup,-1.45346073202,,56.509844572,47.1038039597,65.9158851843,0.279097597838,4,43.1776980115,COMP_0605,30.9873745709,COMP_0459,0.476109495277
GROUP_0051,2025-10,59.597036844,watch,stable,2.09124909421,1.70068314216,61.8557976766,52.4497570643,71.2618382889,0.279097597838,4,37.1679797618,COMP_0605,35.7273030465,COMP_0459,0.461229286445
GROUP_0051,2025-11,62.0422967912,healthy,stable,2.4452599472,3.08304830939,67.3059265736,57.8998859614,76.7119671859,0.279097597838,4,48.3537664752,COMP_0605,28.9974118373,COMP_0762,0.442200836346
GROUP_0051,2025-12,59.8544392673,watch,stable,-2.18785752386,2.34865151756,62.745600609,53.3395599967,72.1516412213,0.475137645716,4,43.1280623667,COMP_0605,32.9804388824,COMP_0762,0.476299421445
GROUP_0051,2026-01,62.0872608101,healthy,stable,2.23282154274,2.49022396609,66.0799683899,56.6739277776,75.4860090022,0.488420796217,4,42.8974001718,COMP_0605,30.8226928054,COMP_0762,0.434474282181
GROUP_0051,2026-02,50.5691657377,watch,stable,-11.5180950724,-11.4731310535,51.2255419172,41.8195013049,60.6315825295,0.488420796217,4,44.3153095532,COMP_0605,29.1664151846,COMP_0459,0.536121816976
GROUP_0051,2026-03,47.1670072032,watch,stable,-3.40215853447,-12.6874320641,34.4883769696,25.0823363573,43.8944175819,0.488420796217,4,46.5049594348,COMP_0605,29.0829721949,COMP_0459,0.573968423503
GROUP_0051,2026-04,47.5490306149,watch,stable,0.382023411736,-14.5382301951,30.1980220891,20.7919814769,39.6040627014,0.488420796217,4,44.7387902767,COMP_0605,30.4469981923,COMP_0459,0.546045661706
GROUP_0051,2026-05,48.6594621345,watch,stable,1.11043151953,-1.9097036032,32.9700661026,23.5640254904,42.3761067149,0.488420796217,4,40.8595899391,COMP_0605,32.1853751804,COMP_0762,0.523582356094
GROUP_0051,2026-06,49.050594551,watch,stable,0.391132416562,1.88358734783,45.8040984256,36.3980578133,55.2101390379,0.619114161469,4,41.7645869729,COMP_0605,29.8577574959,COMP_0762,0.518447433631
GROUP_0051,2026-07,48.1663401284,watch,stable,-0.884254422585,0.617309513505,49.2157663014,39.8097256891,58.6218069137,0.627969595136,4,40.2966987826,COMP_0605,28.9251770592,COMP_0459,0.560771258219
GROUP_0051,2026-08,50.2602350843,watch,stable,2.09389495592,1.60077294989,53.3448184443,43.9387778321,62.7508590566,0.627969595136,4,38.0982820651,COMP_0605,30.1648974087,COMP_0459,0.520294083089
GROUP_0052,2025-12,46.6448579507,watch,warmup,,,46.6448579507,37.2388173384,56.050898563,0.330118036211,2,9.28654595389,COMP_0204,39.5429298977,COMP_0485,0.48280402247
GROUP_0052,2026-01,48.3811544619,watch,warmup,1.73629651116,,48.3811544619,38.9751138496,57.7871950741,0.330118036211,2,9.62186029517,COMP_0204,41.0227932486,COMP_0485,0.468984694881
GROUP_0052,2026-02,44.8895663047,watch,warmup,-3.49158815717,,40.4135726073,31.0075319951,49.8196132196,0.330118036211,2,6.57435763364,COMP_0204,39.8617965461,COMP_0485,0.478715032991
GROUP_0052,2026-03,48.1685191506,watch,stable,3.27895284596,1.52366119994,49.1925211488,39.7864805365,58.5985617611,0.330118036211,2,9.45377356526,COMP_0204,40.9387030249,COMP_0485,0.467273524809
GROUP_0052,2026-04,49.9543489062,watch,stable,1.78582975552,1.57319444431,53.4013646679,43.9953240556,62.8074052802,0.330118036211,2,9.30005906257,COMP_0204,42.8420866421,COMP_0485,0.45452550838
GROUP_0052,2026-05,48.4056346054,watch,stable,-1.54871430074,3.51606830075,50.9958586453,41.589818033,60.4018992576,0.57770656337,2,8.87386358814,COMP_0204,41.6193072596,COMP_0485,0.467003481459
GROUP_0052,2026-06,47.3444412325,watch,stable,-1.06119337289,-0.824077918106,47.3756534156,37.9696128033,56.7816940279,0.57770656337,2,7.71850967364,COMP_0204,41.4416760224,COMP_0485,0.470634772541
GROUP_0052,2026-07,43.4263547796,watch,stable,-3.91808645291,-6.52799412654,41.9338790241,32.5278384118,51.3399196364,0.57770656337,2,2.87084652107,COMP_0485,42.7510011302,COMP_0204,0.436951557569
GROUP_0052,2026-08,37.5575322214,stress,stable,-5.86882255824,-10.848102384,26.7343255535,17.3282849412,36.1403661658,0.57770656337,2,14.5945595246,COMP_0485,34.1242281542,COMP_0204,0.431946827589
GROUP_0053,2025-01,63.1019477624,healthy,warmup,,,63.1019477624,53.6959071501,72.5079883747,0.312,1,0,COMP_0842,63.1019477624,COMP_0842,0.327538759118
GROUP_0053,2025-02,69.005541339,healthy,warmup,5.90359357663,,69.005541339,59.5995007267,78.4115819513,0.312,1,0,COMP_0842,69.005541339,COMP_0842,0.267200585896
GROUP_0053,2025-03,69.0882020843,healthy,warmup,0.0826607452643,,84.3531506051,74.9471099928,93.7591912174,0.312,1,0,COMP_0842,69.0882020843,COMP_0842,0.282190864556
GROUP_0053,2025-04,68.0743160055,healthy,stable,-1.01388607875,4.97236824315,72.5116139126,63.1055733004,81.9176545249,0.312,1,0,COMP_0842,68.0743160055,COMP_0842,0.300484104021
GROUP_0053,2025-05,70.0515442792,healthy,stable,1.97722827364,1.04600294016,75.5063185843,66.1002779721,84.9123591966,0.312,1,0,COMP_0842,70.0515442792,COMP_0842,0.276263074047
GROUP_0053,2025-06,70.1732263592,healthy,stable,0.121682079996,1.08502427489,72.6297489562,63.2237083439,82.0357895684,0.326079195722,2,0.312654992072,COMP_0593,70.1690629104,COMP_0842,0.282517199981
GROUP_0053,2025-07,68.1687836293,healthy,stable,-2.0044427299,0.0944676237364,68.5903534301,59.1843128178,77.9963940424,0.326479286489,6,35.7858631403,COMP_1172,40.8785882553,COMP_0543,0.472642234463
GROUP_0053,2025-08,68.0659314707,healthy,stable,-0.102852158541,-1.98561280844,67.5413854622,58.1353448499,76.9474260745,0.326479286489,6,38.7208773473,COMP_1172,38.9726475858,COMP_0543,0.493104759601
GROUP_0053,2025-09,69.5306565983,healthy,stable,1.46472512756,-0.642569760876,69.5199663164,60.1139257041,78.9260069287,0.326479286489,6,41.756193355,COMP_1172,38.2705887752,COMP_0543,0.479955933693
GROUP_0053,2025-10,66.3931797726,healthy,stable,-3.13747682568,-1.77560385666,63.0176379983,53.611597386,72.4236786106,0.329314768022,7,36.2331009602,COMP_1172,40.1427565608,COMP_0543,0.469268746279
GROUP_0053,2025-11,68.9753850282,healthy,stable,2.58220525557,0.909453557459,67.7535868706,58.3475462583,77.1596274829,0.530086348964,7,36.9232347503,COMP_1172,38.9082043033,COMP_0543,0.481357472827
GROUP_0053,2025-12,67.6068516499,healthy,stable,-1.36853337833,-1.92380494844,67.0336810309,57.6276404186,76.4397216431,0.561896207108,7,34.1339500734,COMP_1172,38.721956246,COMP_0648,0.479127378346
GROUP_0053,2026-01,63.1923996588,healthy,stable,-4.41445199109,-3.20078011384,58.9268828286,49.5208422163,68.3329234409,0.561896207108,7,31.3228189331,COMP_1172,41.7105613117,COMP_0842,0.446846920485
GROUP_0053,2026-02,64.297678043,healthy,stable,1.10527838424,-4.67770698518,58.8563518495,49.4503112372,68.2623924618,0.561896207108,7,34.4826344457,COMP_1172,34.9512163166,COMP_0648,0.474698983133
GROUP_0053,2026-03,66.1981286183,healthy,stable,1.90045057526,-1.40872303158,63.526363913,54.1203233007,72.9324045253,0.573466340468,7,29.437980515,COMP_1172,39.7652925827,COMP_0593,0.468233344668
GROUP_0053,2026-04,66.3964406239,healthy,stable,0.198312005653,3.20404096516,64.0016114702,54.595570858,73.4076520825,0.573466340468,7,30.9597919561,COMP_1172,38.4594365455,COMP_0593,0.470432222572
GROUP_0053,2026-05,65.3827260543,healthy,stable,-1.01371456962,1.08504801129,66.3941172831,56.9880766709,75.8001578954,0.707314061097,7,30.2147931535,COMP_1172,39.0042766074,COMP_0842,0.470823688072
GROUP_0053,2026-06,68.8769996165,healthy,stable,3.49427356217,2.6788709982,74.3238692572,64.917828645,83.7299098695,0.728229914878,7,31.4210038702,COMP_1172,40.6721367364,COMP_0593,0.459502160012
GROUP_0053,2026-07,65.5878314094,healthy,stable,-3.28916820709,-0.808609214544,66.9037878431,57.4977472308,76.3098284554,0.728229914878,7,32.3702682704,COMP_1172,40.1813949834,COMP_0842,0.470528388918
GROUP_0053,2026-08,67.7091550973,healthy,stable,2.12132368791,2.32642904299,68.7205463261,59.3145057138,78.1265869384,0.728229914878,7,33.3311993233,COMP_1172,43.4312855472,COMP_0842,0.465523079828
GROUP_0054,2025-10,68.9102234823,healthy,warmup,,,68.9102234823,59.50418287,78.3162640946,0.325617179133,4,38.6678316829,COMP_1235,49.8272951766,COMP_0767,0.364909481818
GROUP_0054,2025-11,73.7510411341,healthy,warmup,4.84081765178,,73.7510411341,64.3450005218,83.1570817464,0.325617179133,4,36.2608561239,COMP_1235,54.5966209697,COMP_0767,0.350633935247
GROUP_0054,2025-12,74.0722865799,healthy,warmup,0.321245445867,,87.2355474789,77.8295068666,96.6415880912,0.325617179133,4,39.9365370297,COMP_1235,54.29641668,COMP_0767,0.371130036265
GROUP_0054,2026-01,74.856681413,healthy,stable,0.78439483305,5.9464579307,81.9113774784,72.5053368661,91.3174180906,0.325617179133,4,38.6828363122,COMP_1235,57.3899469548,COMP_0767,0.317229610699
GROUP_0054,2026-02,72.5678389665,healthy,stable,-2.28884244643,-1.18320216752,75.9777371464,66.5716965342,85.3837777587,0.325617179133,4,38.7900638888,COMP_1235,52.4320676075,COMP_0767,0.380396469753
GROUP_0054,2026-03,74.5127253787,healthy,stable,1.94488641213,0.44043879875,77.3321080899,67.9260674776,86.7381487022,0.569830063483,4,35.4758499281,COMP_1235,51.9871705668,COMP_0767,0.354944461622
GROUP_0054,2026-04,72.8176883358,healthy,stable,-1.69503704286,-2.03899307716,71.9406004484,62.5345598361,81.3466410606,0.569830063483,4,35.7794953128,COMP_0662,55.3413624192,COMP_0767,0.369060199314
GROUP_0054,2026-05,72.2774092,healthy,stable,-0.540279135807,-0.290429766529,70.4466342725,61.0405936602,79.8526748848,0.569830063483,4,40.6632810559,COMP_0662,50.5289755715,COMP_0767,0.393716372866
GROUP_0054,2026-06,71.9588547012,healthy,stable,-0.318554498778,-2.55387067744,69.2034311086,59.7973904963,78.6094717209,0.569830063483,4,60.1946493381,COMP_0662,34.3099848914,COMP_0767,0.403038751747
GROUP_0054,2026-07,70.6771381155,healthy,stable,-1.28171658576,-2.14055022035,67.9217145229,58.5156739106,77.3277551351,0.569830063483,4,45.956686918,COMP_0662,42.7950868778,COMP_0767,0.444595302936
GROUP_0054,2026-08,73.82907609,healthy,stable,3.15193797457,1.55166689003,71.0736524974,61.6676118851,80.4796931097,0.569830063483,4,41.4537090634,COMP_0662,43.2396279203,COMP_0767,0.426820582833
GROUP_0055,2024-09,89.1004871108,solid,warmup,,,89.1004871108,79.6944464985,98.5065277231,0.37132040736,3,33.8102687392,COMP_0253,60.6808039914,COMP_0180,0.338523063362
GROUP_0055,2024-10,92.0818235356,solid,warmup,2.98133642479,,92.0818235356,82.6757829233,100,0.37132040736,3,31.73140428,COMP_0253,65.4625852473,COMP_0180,0.336376877459
GROUP_0055,2024-11,90.9494054329,solid,warmup,-1.13241810272,,95.6641471541,86.2581065419,100,0.37132040736,3,32.1420851625,COMP_0253,63.9282761098,COMP_0180,0.302721486688
GROUP_0055,2024-12,92.0165045883,solid,stable,1.06709915544,2.9160174775,96.8524903048,87.4464496925,100,0.37132040736,3,30.7641048607,COMP_0253,66.2263377219,COMP_0180,0.336764868479
GROUP_0055,2025-01,91.2132015042,solid,stable,-0.803303084168,-0.868622031455,92.8963969208,83.4903563085,100,0.37132040736,3,35.2297744025,COMP_0253,61.6027931175,COMP_0180,0.319578481442
GROUP_0055,2025-02,90.5257543731,solid,stable,-0.687447131081,-0.42365105981,90.3591910575,80.9531504452,99.7652316698,0.64981071288,3,35.006596186,COMP_0253,61.0791528233,COMP_0180,0.30995400691
GROUP_0055,2025-03,88.1148827582,solid,stable,-2.41087161489,-3.90162183014,84.5008663479,75.0948257357,93.9069069602,0.64587893825,4,58.4698982691,COMP_0726,35.4930943724,COMP_0180,0.289817083611
GROUP_0055,2025-04,87.8076191243,solid,deteriorating,-0.307263633891,-3.40558237986,84.0062060754,74.6001654631,93.4122466877,0.64587893825,4,55.7134757063,COMP_0726,38.2664125194,COMP_0180,0.341014765394
GROUP_0055,2025-05,89.8956458744,solid,deteriorating,2.08802675011,-0.630108498671,86.0942328255,76.6881922132,95.5002734378,0.64587893825,4,55.1036449793,COMP_0726,40.7044246069,COMP_0180,0.320014318523
GROUP_0055,2025-06,90.6561450139,solid,stable,0.760499139489,2.54126225571,89.5849605662,80.1789199539,98.9910011784,0.64587893825,4,57.1792953931,COMP_0726,39.3071179946,COMP_0180,0.338192274119
GROUP_0055,2025-07,88.1251768642,solid,stable,-2.53096814969,0.317557739915,88.1383018494,78.7322612371,97.5443424617,0.64587893825,4,49.7819541262,COMP_0726,43.679773616,COMP_0180,0.305829229229
GROUP_0055,2025-08,86.9219613213,solid,stable,-1.20321554286,-2.97368455306,85.7927476226,76.3867070103,95.1987882349,0.832322746113,4,52.5110241356,COMP_0726,39.8137199478,COMP_0180,0.281144981772
GROUP_0055,2025-09,84.3457956298,solid,stable,-2.57616569155,-6.3103493841,79.2905318896,69.8844912773,88.6965725019,0.832322746113,4,49.4463364303,COMP_0726,40.1576416675,COMP_0180,0.309940646042
GROUP_0055,2025-10,85.8366266474,solid,stable,1.49083101761,-2.28855021681,79.7002273788,70.2941867665,89.1062679911,0.832322746113,4,46.428580813,COMP_0726,44.8777814335,COMP_0180,0.328938800791
GROUP_0055,2025-11,85.5903047105,solid,stable,-0.24632193692,-1.33165661086,80.423147601,71.0171069887,89.8291882133,0.832322746113,4,44.4913817643,COMP_0726,46.491232186,COMP_0180,0.323236456841
GROUP_0055,2025-12,85.6962631944,solid,stable,0.105958483954,1.35046756465,83.432446956,74.0264063437,92.8384875683,0.832322746113,4,44.019902449,COMP_0726,46.8565564108,COMP_0180,0.349175864152
GROUP_0055,2026-01,88.5212890025,solid,stable,2.82502580803,2.68466235506,90.1526032372,80.7465626249,99.5586438495,0.832322746113,4,51.0001029659,COMP_0726,42.8530511164,COMP_0180,0.333330905411
GROUP_0055,2026-02,87.6576630857,solid,stable,-0.863625916722,2.06735837526,91.0357678908,81.6297272785,100,0.926058064605,4,46.3085332156,COMP_0726,46.6052975492,COMP_0180,0.323703654502
GROUP_0055,2026-03,85.0922142773,solid,stable,-2.56544880849,-0.604048917186,84.7342874722,75.3282468599,94.1403280845,0.926058064605,4,44.5396796834,COMP_0726,44.7635839662,COMP_0180,0.350498154324
GROUP_0055,2026-04,84.8188936875,solid,stable,-0.273320589802,-3.70239531501,83.7920105282,74.3859699159,93.1980511405,0.926058064605,4,45.7547295409,COMP_0726,42.6012805747,COMP_0180,0.358101993617
GROUP_0055,2026-05,84.9376066362,solid,stable,0.118712948745,-2.72005644955,83.5436716282,74.1376310159,92.9497122405,0.926058064605,4,37.9338962119,COMP_0726,50.5346149985,COMP_0180,0.349462565941
GROUP_0055,2026-06,87.9157668401,solid,stable,2.97816020389,2.82355256283,86.5218318321,77.1157912198,95.9278724444,0.926058064605,4,42.1388371448,COMP_0726,48.5520919447,COMP_0180,0.327313673791
GROUP_0055,2026-07,86.1588961292,solid,stable,-1.75687071093,1.3400024417,86.4879784159,77.0819378037,95.8940190282,0.926058064605,4,42.1539876732,COMP_0726,47.1743031127,COMP_0180,0.315352308436
GROUP_0055,2026-08,83.6244084705,solid,stable,-2.5344876587,-1.31319816574,83.2301589858,73.8241183735,92.6361995981,0.927084893724,4,36.535872557,COMP_0726,49.6734879899,COMP_0180,0.343180790641
GROUP_0056,2025-03,50.1480492152,watch,warmup,,,50.1480492152,40.7420086029,59.5540898275,0.378038648605,2,4.81810675271,COMP_1106,48.5919883997,COMP_1064,0.474234290315
GROUP_0056,2025-04,47.7535734708,watch,warmup,-2.39447574437,,47.7535734708,38.3475328585,57.1596140831,0.378038648605,2,3.20963543223,COMP_1106,46.7169862418,COMP_1064,0.486117438321
GROUP_0056,2025-05,46.5826332697,watch,warmup,-1.17094020118,,37.4908226085,28.0847819962,46.8968632208,0.378038648605,2,6.60358668659,COMP_1106,44.4499319801,COMP_1064,0.505341796839
GROUP_0056,2025-06,46.6748023247,watch,stable,0.0921690550808,-3.47324689047,40.7366449548,31.3306043425,50.1426855671,0.378038648605,2,7.62206768261,COMP_1106,44.2131713434,COMP_1064,0.511645791236
GROUP_0056,2025-07,45.5879229171,watch,stable,-1.08687940767,-2.16565055377,39.9092999125,30.5032593002,49.3153405247,0.378038648605,2,4.9363437317,COMP_1106,43.9936761627,COMP_1064,0.521416153569
GROUP_0056,2025-08,47.9401795834,watch,stable,2.35225666631,1.35754631372,45.1893131608,35.7832725485,54.5953537731,0.661567635059,2,1.82668747008,COMP_1106,47.3502306802,COMP_1064,0.492875666092
GROUP_0056,2025-09,54.1364965275,watch,stable,6.19631694408,7.46169420272,56.4443252608,47.0382846485,65.8503658731,0.613547827062,4,31.4495602205,COMP_1106,50.6751061878,COMP_1258,0.465760271631
GROUP_0056,2025-10,51.7029105152,watch,stable,-2.43358601224,6.11498759814,58.1137484581,48.7077078458,67.5197890704,0.613547827062,4,32.8633575857,COMP_1106,45.8068947236,COMP_1258,0.506637980167
GROUP_0056,2025-11,50.530461995,watch,stable,-1.17244852021,2.59028241163,56.8321993194,47.4261587071,66.2382399317,0.613547827062,4,36.65964155,COMP_1106,44.7260149541,COMP_1258,0.506192703486
GROUP_0056,2025-12,49.6205398585,watch,stable,-0.909922136487,-4.51595666893,53.7338091388,44.3277685265,63.1398497511,0.613547827062,4,36.5675423811,COMP_1106,43.3273072724,COMP_1258,0.516264543563
GROUP_0056,2026-01,48.9187096187,watch,stable,-0.70183023981,-2.7842008965,44.2781067226,34.8720661103,53.6841473349,0.613547827062,4,40.4904595569,COMP_1106,41.853017475,COMP_1258,0.522313730225
GROUP_0056,2026-02,46.8103314459,watch,stable,-2.10837817282,-3.72013054911,40.4861095124,31.0800689001,49.8921501247,0.813258003859,4,41.8680745497,COMP_1106,39.4915158261,COMP_1258,0.523600550502
GROUP_0056,2026-03,48.0343250871,watch,stable,1.22399364126,-1.58621477137,43.3937221911,33.9876815788,52.7997628034,0.813258003859,4,37.6522707571,COMP_1106,41.9873775738,COMP_1258,0.501744246255
GROUP_0056,2026-04,47.2299532925,watch,stable,-0.804371794641,-1.6887563262,43.863434416,34.4573938037,53.2694750282,0.813258003859,4,47.1976877401,COMP_1106,38.8983111262,COMP_1258,0.539648276129
GROUP_0056,2026-05,48.0180579511,watch,stable,0.788104658574,1.20772650519,45.7628773956,36.3568367833,55.1689180079,0.813258003859,4,49.085900507,COMP_1106,39.2255935275,COMP_1258,0.53118982455
GROUP_0056,2026-06,48.7865753419,watch,stable,0.768517390835,0.752250254768,49.8566110508,40.4505704385,59.2626516631,0.813258003859,4,47.2597802616,COMP_1106,40.9720137389,COMP_1258,0.515801131853
GROUP_0056,2026-07,47.2418048268,watch,stable,-1.54477051513,0.0118515342742,48.3118405357,38.9057999234,57.7178811479,0.813258003859,4,49.3611814086,COMP_1106,39.3744516788,COMP_1258,0.539411340007
GROUP_0056,2026-08,46.4606020709,watch,stable,-0.78120275592,-1.55745588022,45.4501387389,36.0440981266,54.8561793512,0.919685230083,4,56.6271704684,COMP_1106,37.3111214246,COMP_1258,0.565389134912
GROUP_0057,2024-09,77.8670745558,healthy,warmup,,,77.8670745558,68.4610339435,87.273115168,0.38,2,11.8640524429,COMP_1149,75.7451521346,COMP_0798,0.22322377898
GROUP_0057,2024-10,77.3226467739,healthy,warmup,-0.544427781874,,77.3226467739,67.9166061616,86.7286873862,0.38,2,14.0808254809,COMP_1149,74.8042476484,COMP_0798,0.203226978036
GROUP_0057,2024-11,78.6221269819,healthy,warmup,1.29948020802,,80.5475106686,71.1414700563,89.9535512809,0.38,2,9.55552810403,COMP_1149,76.9130912685,COMP_0798,0.259192598947
GROUP_0057,2024-12,78.3274452149,healthy,stable,-0.29468176701,0.460370659135,79.6814521185,70.2754115062,89.0874927308,0.38,2,8.27566934622,COMP_1149,76.8473161932,COMP_0798,0.282557375477
GROUP_0057,2025-01,80.3559041311,solid,stable,2.02845891623,3.03325735724,83.2236509977,73.8176103854,92.62969161,0.38,2,8.98742634766,COMP_1149,78.7484751714,COMP_0798,0.214378145681
GROUP_0057,2025-02,78.2194683693,healthy,stable,-2.13643576185,-0.402658612632,79.3629159034,69.9568752911,88.7689565157,0.665,2,4.84771209933,COMP_1149,77.3524400883,COMP_0798,0.31274488996
GROUP_0057,2025-03,80.344642236,solid,stable,2.12517386677,2.01719702115,82.9068782606,73.5008376483,92.3129188729,0.665,2,7.84524727228,COMP_1149,78.9414955316,COMP_0798,0.220450158554
GROUP_0057,2025-04,78.9925157391,healthy,stable,-1.35212649697,-1.36338839205,79.3703122714,69.9642716591,88.7763528837,0.665,2,10.434875998,COMP_1149,77.126205939,COMP_0798,0.206897240997
GROUP_0057,2025-05,78.7610754053,healthy,stable,-0.231440333726,0.541607036072,78.7323575729,69.3263169606,88.1383981852,0.665,2,9.19054598663,COMP_1149,77.1173178709,COMP_0798,0.239441569846
GROUP_0057,2025-06,76.3079387068,healthy,stable,-2.45313669853,-4.03670352923,73.8707383872,64.4646977749,83.2767789995,0.665,2,13.5941992881,COMP_1149,73.8765741789,COMP_0798,0.214295248908
GROUP_0057,2025-07,76.6905638205,healthy,stable,0.382625113641,-2.30195191861,72.7772455588,63.3712049465,82.1832861711,0.665,2,16.6302239715,COMP_1149,73.7161969012,COMP_0798,0.160406504382
GROUP_0057,2025-08,75.3561249055,healthy,stable,-1.33443891491,-3.4049504998,70.2678372284,60.8617966161,79.6738778407,0.855,2,17.3647989099,COMP_1149,72.2503769898,COMP_0798,0.187498598065
GROUP_0057,2025-09,77.5045463548,healthy,stable,2.14842144925,1.19660764798,75.0774211616,65.6713805493,84.4834617738,0.855,2,15.6986156746,COMP_1149,74.6968004567,COMP_0798,0.1755710952
GROUP_0057,2025-10,79.0536653159,healthy,stable,1.54911896111,2.36310149545,81.0050533955,71.5990127832,90.4110940078,0.855,2,16.5107587568,COMP_1149,76.1006651193,COMP_0798,0.139450805161
GROUP_0057,2025-11,77.3732745419,healthy,stable,-1.68039077405,2.01714963631,79.4075075434,70.0014669311,88.8135481557,0.855,2,13.2317024541,COMP_1149,75.0067436922,COMP_0798,0.234372149286
GROUP_0057,2025-12,77.5510791256,healthy,stable,0.177804583767,0.0465327708278,78.4578825028,69.0518418905,87.8639231151,0.855,2,10.7995061953,COMP_1149,75.6195540886,COMP_0798,0.265511139406
GROUP_0057,2026-01,75.7546091354,healthy,stable,-1.79646999019,-3.29905618047,75.8337148458,66.4276742335,85.2397554581,0.855,2,10.4542349369,COMP_1149,73.8848369294,COMP_0798,0.29814764663
GROUP_0057,2026-02,77.6067419445,healthy,stable,1.8521328091,0.23346740267,77.2719988215,67.8659582092,86.6780394338,0.95,2,7.9038090646,COMP_1149,76.1931212826,COMP_0798,0.297497102356
GROUP_0057,2026-03,74.6509625335,healthy,stable,-2.95577941098,-2.90011659207,70.8193677483,61.413327136,80.2254083606,0.95,2,9.1948086376,COMP_1149,73.0064426108,COMP_0798,0.312103836317
GROUP_0057,2026-04,73.0518035635,healthy,stable,-1.59915897002,-2.7028055719,68.6439031656,59.2378625534,78.0499437779,0.95,2,12.3599333486,COMP_1149,70.8411913108,COMP_0798,0.285587881966
GROUP_0057,2026-05,75.0467702907,healthy,stable,1.99496672721,-2.55997165379,70.6948184793,61.288777867,80.1008590916,0.95,2,6.01126046507,COMP_1149,73.971637791,COMP_0798,0.335875616078
GROUP_0057,2026-06,72.8648713973,healthy,stable,-2.18189889347,-1.78609113628,69.8285164656,60.4224758533,79.2345570779,0.95,2,8.49299370194,COMP_1149,71.3458732433,COMP_0798,0.332016188613
GROUP_0057,2026-07,73.2615567174,healthy,stable,0.39668532009,0.209753153828,68.9096049059,59.5035642936,78.3156455182,0.95,2,7.10763560849,COMP_1149,71.9903341371,COMP_0798,0.337991476983
GROUP_0057,2026-08,76.8731946132,healthy,stable,3.6116378958,1.82642432242,77.882504394,68.4764637817,87.2885450063,0.95,2,3.57772235357,COMP_1149,76.2333079205,COMP_0798,0.325827261266
GROUP_0058,2025-12,51.6959735919,watch,warmup,,,51.6959735919,42.2899329797,61.1020142042,0.397383187588,3,14.5369386222,COMP_0745,45.8516802731,COMP_0664,0.444234978571
GROUP_0058,2026-01,50.4502228011,watch,warmup,-1.24575079086,,50.4502228011,41.0441821888,59.8562634134,0.397383187588,3,13.0391042978,COMP_0745,45.7982346301,COMP_0664,0.444768304638
GROUP_0058,2026-02,49.3596007019,watch,warmup,-1.09062209918,,43.4018498323,33.99580922,52.8078904446,0.397383187588,3,15.5525851824,COMP_0745,45.4610193654,COMP_0664,0.435334192211
GROUP_0058,2026-03,46.6098054888,watch,stable,-2.7497952131,-5.08616810313,39.1098980845,29.7038574722,48.5159386968,0.397383187588,3,12.4149368715,COMP_0745,44.1560397417,COMP_0664,0.448475390061
GROUP_0058,2026-04,47.2125822644,watch,stable,0.60277677556,-3.23764053672,41.3755448582,31.969504246,50.7815854705,0.397383187588,3,13.1572740767,COMP_0745,44.2799962833,COMP_0664,0.455759465574
GROUP_0058,2026-05,46.6748546707,watch,stable,-0.537727593666,-2.6847460312,41.1708657583,31.764825146,50.5769063706,0.69542057828,3,20.9557452807,COMP_0745,35.832323999,COMP_0664,0.432956379575
GROUP_0058,2026-06,40.7551733034,watch,deteriorating,-5.91968136731,-5.85463218542,35.1930005976,25.7869599853,44.5990412099,0.69542057828,3,28.4292062734,COMP_0745,29.5718934061,COMP_0664,0.444731679302
GROUP_0058,2026-07,38.5535966702,stress,deteriorating,-2.20157663318,-8.65898559415,27.5829517371,18.1769111248,36.9889923494,0.69542057828,3,23.0577049359,COMP_0004,33.9611474423,COMP_0664,0.517836340101
GROUP_0058,2026-08,40.1143304987,watch,deteriorating,1.56073382852,-6.56052417197,30.1614557835,20.7554151712,39.5674963958,0.69542057828,3,24.3661730849,COMP_0745,28.1026922291,COMP_0664,0.58891720349
GROUP_0059,2025-02,62.4906981661,healthy,warmup,,,62.4906981661,53.0846575538,71.8967387784,0.312,2,9.9924572138,COMP_0380,52.4982409523,COMP_1009,0.415623031318
GROUP_0059,2025-03,63.0850050224,healthy,warmup,0.594306856251,,63.0850050224,53.6789644101,72.4910456347,0.312,2,4.93643511202,COMP_0380,58.1485699103,COMP_1009,0.378258143339
GROUP_0059,2025-04,64.8354809471,healthy,warmup,1.75047592474,,70.8146770386,61.4086364263,80.2207176509,0.312,2,8.49133620507,COMP_0380,56.344144742,COMP_1009,0.387375482514
GROUP_0059,2025-05,60.3460983277,healthy,stable,-4.48938261942,-2.14459983843,60.0386709485,50.6326303362,69.4447115608,0.312,2,2.30453915071,COMP_0380,58.041559177,COMP_1009,0.381363434034
GROUP_0059,2025-06,58.7991665061,watch,stable,-1.54693182155,-4.28583851623,52.9537090372,43.5476684249,62.3597496495,0.312,2,0.544304834625,COMP_1009,58.7991665061,COMP_0380,0.377780089813
GROUP_0059,2025-07,59.1801237165,watch,stable,0.380957210392,-5.65535723058,54.4734208501,45.0673802378,63.8794614623,0.546,2,1.51910491928,COMP_1009,59.1801237165,COMP_0380,0.373137036151
GROUP_0059,2025-08,56.9211627118,watch,stable,-2.25896100474,-3.4249356159,49.9369506404,40.5309100281,59.3429912527,0.546,2,5.05816646005,COMP_1009,56.9211627118,COMP_0380,0.363381267889
GROUP_0059,2025-09,58.6637994597,watch,stable,1.74263674794,-0.135367046407,52.8414089127,43.4353683004,62.247449525,0.546,2,6.32577483128,COMP_1009,58.6637994597,COMP_0380,0.342988389956
GROUP_0059,2025-10,56.4639091671,watch,stable,-2.19989029264,-2.71621454944,53.4864560598,44.0804154475,62.8924966721,0.546,2,6.28645090573,COMP_1009,56.4639091671,COMP_0380,0.363743218235
GROUP_0059,2025-11,57.6674507095,watch,stable,1.20354154244,0.746287997742,56.3508238547,46.9447832424,65.756864467,0.546,2,3.79071217931,COMP_1009,57.6674507095,COMP_0380,0.388922010183
GROUP_0059,2025-12,56.3427105924,watch,stable,-1.32474011712,-2.32108886732,54.4140525085,45.0080118962,63.8200931208,0.546,2,3.62374900907,COMP_1009,56.3427105924,COMP_0380,0.388111791478
GROUP_0059,2026-01,54.2169003874,watch,stable,-2.12581020499,-2.24700877967,51.4585528166,42.0525122043,60.8645934288,0.702,2,7.41277966876,COMP_1009,54.2169003874,COMP_0380,0.385583720532
GROUP_0059,2026-02,51.41410878,watch,stable,-2.80279160741,-6.25334192952,44.6579341827,35.2518935704,54.063974795,0.702,2,17.0166612795,COMP_1009,51.41410878,COMP_0380,0.316515614208
GROUP_0059,2026-03,43.7539077348,watch,stable,-7.66020104519,-12.5888028576,32.9122756894,23.5062350771,42.3183163017,0.702,2,26.2889760655,COMP_1009,43.7539077348,COMP_0380,0.308603457823
GROUP_0059,2026-04,44.1758937331,watch,stable,0.421985998248,-10.0410066544,29.8816565353,20.475615923,39.2876971476,0.702,2,20.0251034872,COMP_1009,44.1758937331,COMP_0380,0.366631803906
GROUP_0059,2026-05,42.0001659532,watch,stable,-2.17572777991,-9.41394282685,26.4874744575,17.0814338452,35.8935150698,0.702,2,25.1584702666,COMP_1009,42.0001659532,COMP_0380,0.341450015019
GROUP_0059,2026-06,40.886445793,watch,deteriorating,-1.11372016012,-2.86746194178,27.2893821068,17.8833414945,36.6954227191,0.702,2,25.9034773471,COMP_1009,40.886445793,COMP_0380,0.347973951789
GROUP_0059,2026-07,46.1038622758,watch,deteriorating,5.21741648279,1.92796854276,40.6874108416,31.2813702293,50.0934514538,0.78,2,23.1327937234,COMP_1009,46.1038622758,COMP_0380,0.330507022835
GROUP_0059,2026-08,41.9387352573,watch,stable,-4.16512701856,-0.0614306958903,40.0872593302,30.6812187179,49.4932999425,0.78,2,27.6095309089,COMP_1009,41.9387352573,COMP_0380,0.329674951743
GROUP_0060,2025-10,58.1563593538,watch,warmup,,,58.1563593538,48.7503187415,67.5623999661,0.303111111111,1,0,COMP_1018,58.1563593538,COMP_1018,
GROUP_0060,2025-11,59.6429254575,watch,warmup,1.4865661037,,59.6429254575,50.2368848452,69.0489660698,0.303111111111,1,0,COMP_1018,59.6429254575,COMP_1018,
GROUP_0060,2025-12,60.4479794626,healthy,warmup,0.805054005093,,66.29161074,56.8855701277,75.6976513523,0.303111111111,2,10.847436713,COMP_1018,58.9901836777,COMP_0275,
GROUP_0060,2026-01,62.4104888966,healthy,stable,1.96250943404,4.25412954283,69.5551423929,60.1491017806,78.9611830052,0.303006123897,3,11.2923115373,COMP_1018,60.8554520912,COMP_0275,
GROUP_0060,2026-02,59.38444045,watch,stable,-3.02604844657,-0.258485007434,64.3591438017,54.9531031894,73.765184414,0.303006123897,3,15.0105220154,COMP_1018,57.3125279881,COMP_0275,
GROUP_0060,2026-03,60.4617664712,healthy,stable,1.07732602115,0.0137870086237,62.813281731,53.4072411187,72.2193223432,0.497205499949,3,14.6215317717,COMP_1018,58.5102320515,COMP_0275,
GROUP_0060,2026-04,58.252051535,watch,stable,-2.20971493624,-4.15843736166,56.833360134,47.4273195217,66.2394007463,0.497205499949,3,13.411390265,COMP_1018,56.3697333431,COMP_0275,
GROUP_0060,2026-05,62.984000726,healthy,stable,4.73194919109,3.599560276,63.0074386407,53.6013980284,72.413479253,0.527356070561,3,9.71486642194,COMP_0488,61.1746408951,COMP_0275,
GROUP_0060,2026-06,61.3865489982,healthy,stable,-1.59745172789,0.924782526959,62.1177765807,52.7117359684,71.523817193,0.53026071682,3,10.6677910795,COMP_1018,59.9701407515,COMP_0275,
GROUP_0060,2026-07,59.0349599625,watch,stable,-2.3515890357,0.782908427498,60.3659042892,50.9598636769,69.7719449015,0.53026071682,3,4.97613024622,COMP_1018,58.3465241389,COMP_0275,
GROUP_0060,2026-08,57.8517480435,watch,stable,-1.18321191895,-5.13225268254,55.1895292472,45.783488635,64.5955698595,0.53026071682,3,11.2411290769,COMP_1018,56.2875098332,COMP_0275,
GROUP_0061,2025-11,43.3505620373,watch,warmup,,,43.3505620373,33.944521425,52.7566026495,0.363111111111,1,0,COMP_0168,43.3505620373,COMP_0168,
GROUP_0061,2025-12,40.0930947588,watch,warmup,-3.25746727847,,40.0930947588,30.6870541465,49.4991353711,0.363111111111,1,0,COMP_0168,40.0930947588,COMP_0168,
GROUP_0061,2026-01,38.6228956206,stress,warmup,-1.47019913817,,26.5673462582,17.1613056459,35.9733868705,0.363111111111,1,0,COMP_0168,38.6228956206,COMP_0168,
GROUP_0061,2026-02,46.23220612,watch,stable,7.60931049934,2.88164408271,44.9325957879,35.5265551757,54.3386364002,0.363111111111,1,0,COMP_0168,46.23220612,COMP_0168,
GROUP_0061,2026-03,43.0630557337,watch,stable,-3.16915038628,2.96996097489,45.3291679355,35.9231273232,54.7352085477,0.363111111111,1,0,COMP_0168,43.0630557337,COMP_0168,
GROUP_0061,2026-04,35.9037872514,stress,stable,-7.1592684823,-2.71910836924,30.5624201794,21.1563795671,39.9684607917,0.635444444444,1,0,COMP_0168,35.9037872514,COMP_0168,
GROUP_0061,2026-05,44.1157284597,watch,stable,8.21194120832,-2.11647766027,46.800043911,37.3940032987,56.2060845233,0.635444444444,1,0,COMP_0168,44.1157284597,COMP_0168,
GROUP_0061,2026-06,43.7178975218,watch,stable,-0.397830937917,0.654841788098,44.8311285615,35.4250879493,54.2371691738,0.635444444444,1,0,COMP_0168,43.7178975218,COMP_0168,
GROUP_0061,2026-07,44.4472882209,watch,stable,0.729390699122,8.54350096952,45.292765612,35.8867249997,54.6988062243,0.635444444444,1,0,COMP_0168,44.4472882209,COMP_0168,
GROUP_0061,2026-08,47.1772048868,watch,stable,2.72991666585,3.06147642705,51.3736370229,41.9675964106,60.7796776352,0.635444444444,1,0,COMP_0168,47.1772048868,COMP_0168,
GROUP_0062,2025-08,47.9547038174,watch,warmup,,,47.9547038174,38.5486632052,57.3607444297,0.231111111111,1,0,COMP_0046,47.9547038174,COMP_0046,
GROUP_0062,2025-09,45.484007806,watch,warmup,-2.47069601147,,45.484007806,36.0779671937,54.8900484183,0.231111111111,1,0,COMP_0046,45.484007806,COMP_0046,
GROUP_0062,2025-10,50.096202965,watch,warmup,4.61219515905,,55.5570257914,46.1509851791,64.9630664036,0.231111111111,1,0,COMP_0046,50.096202965,COMP_0046,
GROUP_0062,2025-11,48.7251275209,watch,stable,-1.37107544417,0.770423703413,52.1103990819,42.7043584696,61.5164396942,0.231111111111,1,0,COMP_0046,48.7251275209,COMP_0046,
GROUP_0062,2025-12,50.6102688612,watch,stable,1.88514134037,5.12626105526,55.0336029898,45.6275623775,64.4396436021,0.231111111111,1,0,COMP_0046,50.6102688612,COMP_0046,
GROUP_0062,2026-01,48.567631403,watch,stable,-2.04263745819,-1.52857156198,49.8784994384,40.4724588261,59.2845400506,0.404444444444,1,0,COMP_0046,48.567631403,COMP_0046,
GROUP_0062,2026-02,48.5259174165,watch,stable,-0.0417139865583,-0.199210104372,48.313176085,38.9071354727,57.7192166973,0.404444444444,1,0,COMP_0046,48.5259174165,COMP_0046,
GROUP_0062,2026-03,46.6057330884,watch,stable,-1.92018432804,-4.00453577278,43.9035051871,34.4974645748,53.3095457994,0.404444444444,1,0,COMP_0046,46.6057330884,COMP_0046,
GROUP_0062,2026-04,49.8515813878,watch,stable,3.24584829936,1.28394998477,49.4499662874,40.0439256751,58.8560068997,0.404444444444,1,0,COMP_0046,49.8515813878,COMP_0046,
GROUP_0062,2026-05,50.2642754424,watch,stable,0.412694054597,1.73835802592,50.051534111,40.6454934987,59.4575747232,0.404444444444,1,0,COMP_0046,50.2642754424,COMP_0046,
GROUP_0062,2026-06,50.8133356286,watch,stable,0.549060186211,4.20760254017,53.2658089427,43.8597683304,62.671849555,0.404444444444,1,0,COMP_0046,50.8133356286,COMP_0046,
GROUP_0062,2026-07,49.5276871989,watch,stable,-1.28564842968,-0.323894188869,52.3278941486,42.9218535363,61.7339347609,0.52,1,0,COMP_0046,49.5276871989,COMP_0046,
GROUP_0062,2026-08,50.9356431682,watch,stable,1.40795596931,0.671367725841,53.3881164823,43.98207587,62.7941570946,0.52,1,0,COMP_0046,50.9356431682,COMP_0046,
GROUP_0063,2025-02,80.0676426946,solid,warmup,,,80.0676426946,70.6616020823,89.4736833069,0.287023389895,4,34.8154251375,COMP_0298,45.6398368921,COMP_0623,0.43880154695
GROUP_0063,2025-03,79.5718285067,healthy,warmup,-0.495814187889,,79.5718285067,70.1657878944,88.977869119,0.282119711526,5,39.0122861037,COMP_0298,43.3713653778,COMP_0623,0.483356925434
GROUP_0063,2025-04,76.3201276642,healthy,warmup,-3.25170084247,,66.7639643368,57.3579237245,76.1700049491,0.282119711526,5,38.2272947256,COMP_0298,41.0431634911,COMP_0623,0.52502112404
GROUP_0063,2025-05,73.5844540692,healthy,stable,-2.735673595,-6.48318862536,61.0977760704,51.6917354581,70.5038166827,0.282119711526,5,32.2275401763,COMP_0298,43.7331587769,COMP_0623,0.483424298688
GROUP_0063,2025-06,73.7647079389,healthy,stable,0.180253869693,-5.80712056778,64.0505737926,54.6445331803,73.4566144049,0.282119711526,5,35.2269800574,COMP_0298,41.1585982921,COMP_0623,0.511959660345
GROUP_0063,2025-07,74.6991060609,healthy,stable,0.93439812194,-1.62102160337,68.1827857613,58.776745149,77.5888263736,0.481637486695,5,38.5609701853,COMP_0298,38.9232512836,COMP_0623,0.521352142866
GROUP_0063,2025-08,73.1817563182,healthy,stable,-1.51734974266,-0.402697751028,66.9690351998,57.5629945875,76.375075812,0.493709495171,5,33.1926989196,COMP_0298,42.6232737863,COMP_0623,0.533676052885
GROUP_0063,2025-09,77.6923177245,healthy,stable,4.51056140631,3.92760978559,78.6116124599,69.2055718477,88.0176530722,0.493709495171,5,39.7890132993,COMP_0298,40.718813018,COMP_0623,0.498562186683
GROUP_0063,2025-10,80.5462404142,solid,stable,2.85392268971,5.84713435336,87.2231770497,77.8171364374,96.629217662,0.493709495171,5,39.6367504727,COMP_0298,44.1108620548,COMP_0623,0.504483212612
GROUP_0063,2025-11,79.7326592264,healthy,stable,-0.813581187838,6.55090290819,86.4095958619,77.0035552496,95.8156364742,0.493709495171,5,36.916233254,COMP_0298,45.6303883737,COMP_0623,0.470218429338
GROUP_0063,2025-12,77.3506263369,healthy,stable,-2.38203288946,-0.341691387592,82.6659356108,73.2598949985,92.0719762231,0.493709495171,5,37.4714636774,COMP_0298,42.6470131176,COMP_0623,0.482681767338
GROUP_0063,2026-01,80.1723035641,solid,stable,2.82167722719,-0.373936850109,85.3751743939,75.9691337816,94.7812150062,0.626721345283,5,40.9804526921,COMP_0298,42.2699704604,COMP_0623,0.489143398815
GROUP_0063,2026-02,79.6062101774,healthy,stable,-0.566093386763,-0.126449049034,79.391246794,69.9852061817,88.7972874063,0.634769350934,5,38.903969669,COMP_0298,43.6513345997,COMP_0623,0.485583214532
GROUP_0063,2026-03,78.1090478939,healthy,stable,-1.49716228344,0.758421556988,76.038943445,66.6329028327,85.4449840573,0.634769350934,5,39.5300442815,COMP_0298,41.2952717732,COMP_0623,0.476854640825
GROUP_0063,2026-04,80.0262660591,solid,stable,1.91721816517,-0.146037505033,80.3257450284,70.9197044161,89.7317856407,0.634769350934,5,40.0492294311,COMP_0298,42.7865612405,COMP_0623,0.472713076039
GROUP_0063,2026-05,80.142060795,solid,stable,0.115794735901,0.535850617631,81.2132032934,71.8071626811,90.6192439057,0.634769350934,5,41.7576730755,COMP_0298,41.1778213238,COMP_0623,0.48804421766
GROUP_0063,2026-06,78.3642226708,healthy,stable,-1.77783812418,0.255174776895,78.1159589123,68.7099183,87.5219995245,0.634769350934,5,41.5752527329,COMP_0298,39.4416881798,COMP_0623,0.491202950104
GROUP_0063,2026-07,78.6673598683,healthy,stable,0.30313719752,-1.35890619076,79.101156989,69.6951163768,88.5071976013,0.70127527599,5,42.8295278305,COMP_0298,38.7251806545,COMP_0623,0.489506575273
GROUP_0063,2026-08,76.7001625496,healthy,stable,-1.96719731869,-3.44189824535,74.3900220253,64.9839814131,83.7960626376,0.705299278815,5,49.6118560949,COMP_0298,29.9935849258,COMP_0623,0.608447598166
GROUP_0064,2024-12,88.3989691932,solid,warmup,,,88.3989691932,78.9929285809,97.8050098055,0.288,1,0,COMP_0007,88.3989691932,COMP_0007,0
GROUP_0064,2025-01,85.3550003085,solid,warmup,-3.04396888467,,85.3550003085,75.9489596962,94.7610409208,0.279978896527,9,47.6861601836,COMP_0572,40.2492723737,COMP_0007,0.364464224401
GROUP_0064,2025-02,87.2649885881,solid,warmup,1.90998827954,,84.373338045,74.9672974327,93.7793786573,0.279978210843,10,52.8467461941,COMP_0572,37.5059436172,COMP_0007,0.37333101796
GROUP_0064,2025-03,88.3065076988,solid,stable,1.04151911076,-0.0924614943631,90.8837891611,81.4777485488,100,0.279975422849,11,53.2989686522,COMP_0572,38.0532917125,COMP_0007,0.357436909349
GROUP_0064,2025-04,83.8292875538,solid,stable,-4.47722014501,-1.5257127547,81.0866064408,71.6805658285,90.4926470531,0.279975422849,12,48.2648723461,COMP_0572,37.8117980519,COMP_0007,0.370560544926
GROUP_0064,2025-05,86.4270085036,solid,stable,2.5977209498,-0.837980084451,84.4156086002,75.009567988,93.8216492125,0.473991318686,12,48.8508812764,COMP_0572,40.1572665076,COMP_0007,0.359549388365
GROUP_0064,2025-06,86.8307586064,solid,stable,0.403750102744,-1.47574909247,88.1975690551,78.7915284428,97.6036096674,0.489950788987,12,47.8130633271,COMP_0572,41.6686826155,COMP_0007,0.355701257653
GROUP_0064,2025-07,85.2503931313,solid,stable,-1.58036547501,1.42110557753,83.1955057655,73.7894651532,92.6015463778,0.489951761074,12,47.7930831015,COMP_0572,39.6725977172,COMP_0007,0.333006047357
GROUP_0064,2025-08,83.7582049577,solid,stable,-1.49218817362,-2.66880354589,79.8616588842,70.4556182719,89.2676994965,0.489956989987,12,48.370337266,COMP_0572,37.4513636324,COMP_0007,0.347257587462
GROUP_0064,2025-09,83.5824330886,solid,stable,-0.175771869092,-3.24832551773,80.5820638893,71.1760232771,89.9881045016,0.489956989987,12,47.2520723998,COMP_0572,38.4662996297,COMP_0007,0.362216504641
GROUP_0064,2025-10,87.2195575949,solid,stable,3.63712450631,1.9691644636,84.2191883957,74.8131477834,93.6252290079,0.489956989987,12,53.6355808962,COMP_0127,35.8726168917,COMP_0007,0.346196001208
GROUP_0064,2025-11,83.0028637386,solid,stable,-4.21669385638,-0.75534121916,80.1372637628,70.7312231505,89.5433043751,0.619300920544,12,50.0823714319,COMP_0572,41.7456842788,COMP_0390,0.371219182709
GROUP_0064,2025-12,91.4348892717,solid,stable,8.43202553317,7.8524561831,94.7824688598,85.3764282476,100,0.629940567412,12,55.1054865927,COMP_0572,39.3180013953,COMP_0007,0.350062863156
GROUP_0064,2026-01,86.5178195102,solid,stable,-4.91706976148,-0.701738084692,90.2604371978,80.8543965855,99.6664778101,0.629941215469,12,48.6293350558,COMP_0572,40.2861603863,COMP_0007,0.352073551817
GROUP_0064,2026-02,85.9552929334,solid,stable,-0.562526576802,2.95242919489,88.3756099752,78.9695693629,97.7816505875,0.629944701411,12,46.7357141538,COMP_0572,41.3429194386,COMP_0007,0.354076953469
GROUP_0064,2026-03,84.4383287839,solid,stable,-1.51696414958,-6.99656048786,81.6014753966,72.1954347843,91.0075160089,0.629944701411,12,49.328510209,COMP_0127,42.0937529639,COMP_0390,0.359575832041
GROUP_0064,2026-04,87.6780451536,solid,stable,3.23971636976,1.16022564338,89.5082630864,80.1022224741,98.9143036987,0.629944701411,12,51.6335478066,COMP_0127,42.8827208441,COMP_0390,0.335647848104
GROUP_0064,2026-05,87.8133203893,solid,stable,0.135275235638,1.85802745582,84.9444348476,75.5383942353,94.3504754599,0.69461666669,12,54.6729863909,COMP_0222,40,COMP_0390,0.351664703002
GROUP_0064,2026-06,88.1781101145,solid,stable,0.364789725227,3.73978133063,90.0385377132,80.6324971009,99.4445783254,0.699936490124,12,52.3089946844,COMP_0222,40,COMP_0390,0.389523974697
GROUP_0064,2026-07,85.1583056754,solid,stable,-3.01980443909,-2.51973947823,86.4334713256,77.0274307133,95.8395119379,0.699936814153,12,55.2208565519,COMP_0222,40,COMP_0390,0.367254098304
GROUP_0064,2026-08,88.2595031615,solid,stable,3.10119748613,0.446182772268,89.1774736982,79.771433086,98.5835143105,0.699938557124,12,56.3083449426,COMP_0222,40,COMP_0390,0.37593216829
GROUP_0065,2024-09,64.7162602482,healthy,warmup,,,64.7162602482,55.3102196359,74.1223008605,0.266102106885,13,32.5835346956,COMP_0022,44.0773220146,COMP_0549,0.444625502635
GROUP_0065,2024-10,62.60540582,healthy,warmup,-2.11085442816,,62.60540582,53.1993652077,72.0114464323,0.266102106885,13,38.509348028,COMP_0791,43.9119179076,COMP_0549,0.429906255657
GROUP_0065,2024-11,62.9680725907,healthy,warmup,0.362666770707,,58.5101940642,49.1041534519,67.9162346765,0.266102106885,13,41.1717517139,COMP_0791,41.5239409729,COMP_0549,0.453229042308
GROUP_0065,2024-12,63.405806248,healthy,stable,0.4377336573,-1.31045400015,63.2167206132,53.8106800009,72.6227612255,0.266102106885,13,42.1597181252,COMP_0791,40.544993488,COMP_0549,0.448145971798
GROUP_0065,2025-01,63.4865627739,healthy,stable,0.0807565258437,0.88115695385,64.3535668983,54.947526286,73.7596075106,0.266102106885,13,40.9112085482,COMP_0791,40.9038206142,COMP_0549,0.427014435268
GROUP_0065,2025-02,61.9735704097,healthy,stable,-1.51299236412,-0.994502180976,60.40570613,50.9996655177,69.8117467423,0.465678687048,13,39.618683199,COMP_0791,41.1438197871,COMP_0549,0.434897387838
GROUP_0065,2025-03,63.9207378015,healthy,stable,1.94716739177,0.514931553497,65.1353859453,55.729345333,74.5414265576,0.465678687048,13,37.3304015042,COMP_0791,42.0698480909,COMP_0549,0.439880698428
GROUP_0065,2025-04,67.0570861725,healthy,stable,3.13634837096,3.57052339861,68.3792361395,58.9731955272,77.7852767518,0.465678687048,13,35.0184367715,COMP_0791,43.2710370134,COMP_0549,0.425955502872
GROUP_0065,2025-05,66.5967429367,healthy,stable,-0.460343235788,4.62317252694,70.5622226443,61.156182032,79.9682632566,0.465678687048,13,31.1018058395,COMP_0791,45.5446642226,COMP_0604,0.419853088821
GROUP_0065,2025-06,66.0296988693,healthy,stable,-0.567044067417,2.10896106775,69.9951785769,60.5891379646,79.4012191892,0.465678687048,13,32.0254807325,COMP_0791,47.0646720794,COMP_0549,0.435863781643
GROUP_0065,2025-07,65.5792384846,healthy,stable,-0.450460384664,-1.47784768787,69.1644722998,59.7584316875,78.5705129121,0.465678687048,13,39.7301177997,COMP_0791,41.6616565853,COMP_0549,0.46099836197
GROUP_0065,2025-08,64.7803038049,healthy,stable,-0.798934679692,-1.81643913177,62.2679627355,52.8619221232,71.6740033478,0.59872974049,13,36.435327035,COMP_0022,46.0820455741,COMP_0549,0.454793453026
GROUP_0065,2025-09,64.9616521624,healthy,stable,0.181348357472,-1.06804670688,62.449311093,53.0432704807,71.8553517053,0.59872974049,13,35.2548296377,COMP_0791,46.2371150655,COMP_0549,0.411869912098
GROUP_0065,2025-10,69.0749384429,healthy,stable,4.11328628055,3.49569995833,67.2592590412,57.8532184289,76.6652996535,0.59872974049,13,41.3544247061,COMP_0791,45.5203225967,COMP_0549,0.408388989033
GROUP_0065,2025-11,69.2862906921,healthy,stable,0.211352249188,4.50598688721,72.6080143514,63.2019737391,82.0140549637,0.59872974049,13,43.4519922961,COMP_0791,45.1605992711,COMP_0549,0.409374453655
GROUP_0065,2025-12,72.2328044673,healthy,stable,2.9465137752,7.27115230494,79.8929821756,70.4869415633,89.2990227879,0.59872974049,13,45.7222996418,COMP_0791,40.5244746593,COMP_0549,0.398462583005
GROUP_0065,2026-01,70.1793555648,healthy,stable,-2.05344890256,1.10441712182,77.839533273,68.4334926607,87.2455738853,0.59872974049,13,41.8225190221,COMP_0791,41.9870290056,COMP_0087,0.413987507393
GROUP_0065,2026-02,70.2069714685,healthy,stable,0.0276159037358,0.920680776369,72.4842868937,63.0782462814,81.890327506,0.665255267211,13,41.1210421969,COMP_0791,45.0521863001,COMP_0549,0.411872502879
GROUP_0065,2026-03,68.5523699708,healthy,stable,-1.65460149768,-3.68043449651,68.6932110799,59.2871704676,78.0992516922,0.665255267211,13,45.343425579,COMP_0791,40.455704517,COMP_0549,0.400676860994
GROUP_0065,2026-04,68.6333874537,healthy,stable,0.0810174828557,-1.54596811109,66.0052416648,56.5992010525,75.4112822771,0.665255267211,13,45.5203824219,COMP_0791,40.9422491485,COMP_0549,0.434439005556
GROUP_0065,2026-05,69.7489472131,healthy,stable,1.11555975943,-0.458024255393,67.1208014243,57.714760812,76.5268420365,0.665255267211,13,47.5283011843,COMP_0780,38.0525208061,COMP_0549,0.490333054606
GROUP_0065,2026-06,67.4510552496,healthy,stable,-2.29789196348,-1.1013147212,64.8229094608,55.4168688485,74.2289500731,0.665255267211,13,50.4872874978,COMP_0780,36.619565455,COMP_0087,0.481329048329
GROUP_0065,2026-07,64.394715553,healthy,stable,-3.05633969658,-4.23867190063,60.3820763152,50.976035703,69.7881169275,0.665255267211,13,50.1952128214,COMP_0195,34.3279572912,COMP_0549,0.538825660694
GROUP_0065,2026-08,66.1224910403,healthy,stable,1.72777548724,-3.62645617282,62.9210981132,53.5150575009,72.3271387255,0.665255267211,13,51.8306231799,COMP_0195,34.6272207806,COMP_0549,0.537486401748
GROUP_0066,2024-09,76.5564429443,healthy,warmup,,,76.5564429443,67.150402332,85.9624835566,0.323637457859,2,23.5077099916,COMP_0264,53.4567266739,COMP_0522,0.0747508222373
GROUP_0066,2024-10,75.4027319372,healthy,warmup,-1.15371100707,,75.4027319372,65.9966913249,84.8087725495,0.323637457859,2,26.4284728114,COMP_0264,49.4329448494,COMP_0522,0.0861237583534
GROUP_0066,2024-11,72.3261992107,healthy,warmup,-3.07653272654,,61.53907769,52.1330370777,70.9451183023,0.323637457859,2,18.0794545152,COMP_0264,54.5605270216,COMP_0522,0.107084948559
GROUP_0066,2024-12,75.4950731661,healthy,stable,3.16887395547,-1.06136977814,71.6509457867,62.2449051744,81.056986399,0.323637457859,2,22.2397566342,COMP_0264,53.6413039833,COMP_0522,0.0825077068664
GROUP_0066,2025-01,79.7923160417,healthy,stable,4.29724287554,4.38958410447,81.9729202082,72.5668795959,91.3789608204,0.323637457859,2,26.98049423,COMP_0264,53.2800882759,COMP_0522,0.0351393059156
GROUP_0066,2025-02,74.6867243728,healthy,stable,-5.10559166884,2.36052516217,73.7738147283,64.367774116,83.1798553405,0.530836506631,3,24.8037512271,COMP_0264,52.699864003,COMP_0522,0.36659911729
GROUP_0066,2025-03,70.9249204467,healthy,stable,-3.7618039261,-4.57015271941,69.1382900227,59.7322494104,78.544330635,0.530836506631,3,19.6985857961,COMP_0264,53.5280700019,COMP_0522,0.373915928378
GROUP_0066,2025-04,70.1917168575,healthy,stable,-0.733203589281,-9.60059918423,66.4523785521,57.0463379398,75.8584191644,0.530836506631,3,20.989960648,COMP_0264,50.968777304,COMP_0522,0.355403441123
GROUP_0066,2025-05,75.3600016904,healthy,stable,5.16828483298,0.673277317596,69.7088008926,60.3027602803,79.1148415049,0.530836506631,3,25.1229173969,COMP_0264,52.9668926626,COMP_0522,0.365310296686
GROUP_0066,2025-06,73.9475139558,healthy,stable,-1.41248773467,3.02259350903,68.2963131579,58.8902725456,77.7023537702,0.530836506631,3,26.0839114026,COMP_1248,50.8877181366,COMP_0522,0.385119009199
GROUP_0066,2025-07,75.3747872989,healthy,stable,1.42727334318,5.18307044149,76.5193587389,67.1133181266,85.9253993511,0.5477616666,3,30.3238766348,COMP_1248,48.6003342601,COMP_0522,0.402768480538
GROUP_0066,2025-08,75.5931982509,healthy,stable,0.218410951995,0.233196560502,80.7316072163,71.325566604,90.1376478286,0.692981559935,3,28.3589950661,COMP_1248,50.5282106462,COMP_0522,0.387186611447
GROUP_0066,2025-09,72.6634403475,healthy,stable,-2.92975790346,-1.28407360828,73.7773362027,64.3712955904,83.1833768149,0.692981559935,3,23.5445235308,COMP_1248,51.8555553518,COMP_0522,0.380867219352
GROUP_0066,2025-10,74.4053387361,healthy,stable,1.7418983886,-0.969448562858,73.4315825226,64.0255419104,82.8376231349,0.692981559935,3,22.8740588686,COMP_0264,54.2012612164,COMP_0522,0.368076611364
GROUP_0066,2025-11,74.5742712193,healthy,stable,0.168932483212,-1.01892703164,75.1579978142,65.7519572019,84.5640384265,0.692981559935,3,33.513576298,COMP_1248,44.8774051894,COMP_0522,0.434985631353
GROUP_0066,2025-12,74.6540069306,healthy,stable,0.0797357113241,1.99056658314,73.9188109549,64.5127703426,83.3248515672,0.692981559935,3,30.2486944405,COMP_1248,47.8728329587,COMP_0522,0.406180355872
GROUP_0066,2026-01,75.2481889766,healthy,stable,0.594182045995,0.842850240531,76.109744641,66.7037040287,85.5157852533,0.704264999914,3,29.4421512233,COMP_1248,49.2028490177,COMP_0522,0.398048478533
GROUP_0066,2026-02,75.3122020348,healthy,stable,0.0640130581641,0.737930815483,76.9905995504,67.5845589381,86.3966401627,0.776874946582,3,32.8764260113,COMP_1248,46.1910193693,COMP_0522,0.406638377239
GROUP_0066,2026-03,75.9142947208,healthy,stable,0.602092685988,1.26028779015,77.4534298251,68.0473892129,86.8594704374,0.776874946582,3,31.9825066586,COMP_1248,47.6000502534,COMP_0522,0.402912284961
GROUP_0066,2026-04,74.6037714414,healthy,stable,-1.3105232794,-0.644417535244,75.8582538277,66.4522132154,85.26429444,0.776874946582,3,30.072715529,COMP_1248,48.0252482229,COMP_0522,0.408102715659
GROUP_0066,2026-05,70.9529578274,healthy,stable,-3.65081361397,-4.35924420738,69.8574480175,60.4514074052,79.2634886298,0.776874946582,3,24.9362549824,COMP_1248,48.8946352117,COMP_0522,0.408280164639
GROUP_0066,2026-06,64.9756084937,healthy,stable,-5.9773493337,-10.9386862271,57.5648933412,48.1588527289,66.9709339535,0.776874946582,3,19.7445745814,COMP_1248,47.5003382885,COMP_0522,0.413813041799
GROUP_0066,2026-07,67.0157355625,healthy,deteriorating,2.04012706884,-7.58803587882,55.6700726358,46.2640320235,65.0761132481,0.782516666571,3,22.3703631769,COMP_1248,47.188038654,COMP_0522,0.41028571008
GROUP_0066,2026-08,67.7408371052,healthy,deteriorating,0.725101542693,-3.21212072216,57.7009203299,48.2948797176,67.1069609422,0.782516666571,3,21.7833301351,COMP_1248,48.484925579,COMP_0522,0.400589335942
GROUP_0067,2025-01,68.7231579857,healthy,warmup,,,68.7231579857,59.3171173735,78.129198598,0.274766875676,6,19.5972451729,COMP_0705,53.2431013809,COMP_1048,0.390534998812
GROUP_0067,2025-02,70.2129722751,healthy,warmup,1.48981428939,,70.2129722751,60.8069316628,79.6190128874,0.274766875676,6,17.6927877072,COMP_0705,57.0329936206,COMP_0407,0.411777362622
GROUP_0067,2025-03,72.2190841472,healthy,warmup,2.00611187206,,81.1336958589,71.7276552466,90.5397364712,0.274766875676,6,21.2886849735,COMP_0705,54.9396753506,COMP_1048,0.375731289396
GROUP_0067,2025-04,69.5105477566,healthy,stable,-2.7085363906,0.78738977085,73.9788554998,64.5728148875,83.384896112,0.274766875676,6,21.1604526223,COMP_0705,53.0335446431,COMP_1048,0.402338515907
GROUP_0067,2025-05,70.9041046225,healthy,stable,1.39355686594,0.691132347401,72.9637394087,63.5576987964,82.369780021,0.274766875676,6,21.5725832467,COMP_0705,55.9442992837,COMP_1048,0.389454720508
GROUP_0067,2025-06,71.1364853222,healthy,stable,0.232380699714,-1.08259882495,72.4750479327,63.0690073204,81.881088545,0.480842032433,6,25.3408188777,COMP_0705,51.3158516216,COMP_1048,0.421616649126
GROUP_0067,2025-07,72.4167014789,healthy,stable,1.28021615669,2.90615372234,73.6018430475,64.1958024352,83.0078836598,0.480842032433,6,22.626723474,COMP_0705,56.2856981364,COMP_1048,0.375210013471
GROUP_0067,2025-08,67.6286792245,healthy,stable,-4.78802225439,-3.27542539799,65.7882612221,56.3822206098,75.1943018344,0.480842032433,6,13.3006143262,COMP_0705,57.9526152322,COMP_1048,0.448330881869
GROUP_0067,2025-09,67.7431013577,healthy,stable,0.114422133137,-3.39338396456,65.9403060308,56.5342654185,75.3463466431,0.480842032433,6,24.0694183968,COMP_0705,50.015344772,COMP_1048,0.44321670228
GROUP_0067,2025-10,70.2018964632,healthy,stable,2.45879510547,-2.21480501578,69.0102956678,59.6042550555,78.4163362801,0.480842032433,6,24.1186684987,COMP_0705,52.0263131968,COMP_1048,0.392990182315
GROUP_0067,2025-11,71.3084387848,healthy,stable,1.10654232168,3.67975956029,71.4838313167,62.0777907044,80.889871929,0.480842032433,6,20.7909855901,COMP_0705,55.3322396491,COMP_1048,0.387223140788
GROUP_0067,2025-12,70.7600582785,healthy,stable,-0.548380506302,3.01695692085,72.1833709078,62.7773302955,81.58941152,0.618225470271,6,21.9245851353,COMP_0705,53.6727443345,COMP_1048,0.391162973312
GROUP_0067,2026-01,70.9731633565,healthy,stable,0.21310507792,0.771266893302,74.9656716503,65.559631038,84.3717122626,0.618225470271,6,17.9980785351,COMP_0705,57.7486042713,COMP_1048,0.377190273791
GROUP_0067,2026-02,69.138956292,healthy,stable,-1.8342070645,-2.16948249288,70.4501100106,61.0440693983,79.8561506229,0.618225470271,6,17.780676503,COMP_0705,55.5711377123,COMP_1048,0.374213809882
GROUP_0067,2026-03,68.8846487668,healthy,stable,-0.254307525147,-1.87540951173,67.5294000485,58.1233594362,76.9354406608,0.618225470271,6,19.152603233,COMP_0705,56.1012138408,COMP_0407,0.431878491826
GROUP_0067,2026-04,67.4000570232,healthy,stable,-1.48459174363,-3.57310633328,63.4135076263,54.007467014,72.8195482386,0.618225470271,6,14.3145670077,COMP_0705,56.7569137302,COMP_0407,0.417068692099
GROUP_0067,2026-05,67.545812508,healthy,stable,0.14575548483,-1.59314378395,63.4120024422,54.0059618299,72.8180430545,0.618225470271,6,15.4522240157,COMP_0705,56.0403732015,COMP_1048,0.438948387068
GROUP_0067,2026-06,68.619550793,healthy,stable,1.07373828499,-0.265097973811,65.9112063603,56.505165748,75.3172469726,0.68691718919,6,15.6509831107,COMP_0705,56.6534358867,COMP_1048,0.435038840168
GROUP_0067,2026-07,69.8196251094,healthy,stable,1.20007431636,2.41956808618,70.5139073031,61.1078666908,79.9199479154,0.68691718919,6,13.3327777467,COMP_0705,60.2241187541,COMP_1048,0.376264169288
GROUP_0067,2026-08,68.2345375688,healthy,stable,-1.5850875406,0.688725060744,69.2985002644,59.8924596521,78.7045408766,0.68691718919,6,13.882371329,COMP_0705,57.402492202,COMP_1048,0.394393462606
GROUP_0068,2025-03,51.1042601666,watch,warmup,,,51.1042601666,41.6982195543,60.5103007789,0.332,2,26.3492305998,COMP_0719,34.1181193785,COMP_0667,0.663329241747
GROUP_0068,2025-04,48.8100027741,watch,warmup,-2.2942573925,,48.8100027741,39.4039621618,58.2160433864,0.331989214853,4,32.4230596066,COMP_0719,34.9883302315,COMP_0382,0.659025913672
GROUP_0068,2025-05,47.1894532031,watch,warmup,-1.62054957092,,37.2066954464,27.8006548341,46.6127360587,0.331989214853,4,36.410330327,COMP_0719,32.4501345272,COMP_0382,0.681489067599
GROUP_0068,2025-06,50.7847108041,watch,stable,3.59525760093,-0.31954936249,46.3806924401,36.9746518278,55.7867330524,0.331989214853,4,25.939257047,COMP_0719,40.0128443367,COMP_0382,0.593073918722
GROUP_0068,2025-07,51.74379983,watch,stable,0.959089025934,2.93379705594,54.5971833816,45.1911427693,64.0032239939,0.331989214853,4,32.2424728489,COMP_0719,35.4051220521,COMP_0382,0.653344876125
GROUP_0068,2025-08,51.0180221085,watch,stable,-0.725777721474,3.82856890539,51.8334351794,42.4273945671,61.2394757917,0.580916415111,4,25.9355119416,COMP_0719,40.9162044844,COMP_0382,0.599233323974
GROUP_0068,2025-09,51.1805420619,watch,stable,0.162519953372,0.395831257832,53.9957667134,44.5897261011,63.4018073256,0.580981125993,4,26.0764979743,COMP_0719,40.9983857723,COMP_0382,0.607212596573
GROUP_0068,2025-10,50.9405074533,watch,stable,-0.240034608573,-0.803292376674,51.6134205917,42.2073799794,61.0194612039,0.580981125993,4,29.1091869661,COMP_0719,41.5475373355,COMP_0382,0.617606339495
GROUP_0068,2025-11,53.074732437,watch,stable,2.13422498362,2.05671032842,53.7476455753,44.341604963,63.1536861876,0.580981125993,4,26.8216648723,COMP_0719,42.8504074661,COMP_0382,0.604489476387
GROUP_0068,2025-12,52.9510046893,watch,stable,-0.123727747635,1.77046262741,54.1823536458,44.7763130335,63.5883942581,0.580981125993,4,27.4805659535,COMP_0719,40.0543648382,COMP_0382,0.634256055063
GROUP_0068,2026-01,54.4428182772,watch,stable,1.49181358785,3.50231082384,57.9361103692,48.5300697569,67.3421509815,0.580981125993,4,25.6321723054,COMP_0719,42.8197506654,COMP_0382,0.602192739192
GROUP_0068,2026-02,53.3430983886,watch,stable,-1.09971988856,0.268365951656,56.4064018311,47.0003612188,65.8124424434,0.746932592831,4,32.2942395628,COMP_0719,41.1384970127,COMP_0382,0.620743687289
GROUP_0068,2026-03,54.2388401968,watch,stable,0.895741808205,1.2878355075,57.3021436393,47.896103027,66.7081842516,0.746975733419,4,25.4344746995,COMP_0719,44.6470020304,COMP_0015,0.575777818242
GROUP_0068,2026-04,55.3794797991,watch,stable,1.14063960225,0.936661521896,57.5688001618,48.1627595495,66.9748407741,0.746975733419,4,30.4657406415,COMP_0719,45.4189322376,COMP_0015,0.563804867115
GROUP_0068,2026-05,54.1825859651,watch,stable,-1.19689383394,0.83948757652,55.6097148452,46.2036742329,65.0157554575,0.746975733419,4,35.7703691818,COMP_0719,45.9703342218,COMP_0382,0.553844512688
GROUP_0068,2026-06,58.7983038427,watch,stable,4.61571787756,4.55946364587,63.2408991195,53.8348585072,72.6469397318,0.746975733419,4,30.6502237044,COMP_0719,51.3803467306,COMP_0382,0.509156114801
GROUP_0068,2026-07,59.2231089519,watch,improving,0.424805109253,3.84362915287,65.2207197265,55.8146791143,74.6267603388,0.746975733419,4,24.6928214075,COMP_0719,57.8049601512,COMP_0382,0.467506312531
GROUP_0068,2026-08,56.8427399233,watch,improving,-2.38036902864,2.66015395817,61.3650016522,51.9589610399,70.7710422645,0.829951466838,4,27.2604431746,COMP_0667,54.3571310623,COMP_0382,0.455144060797
GROUP_0069,2026-01,56.6447127041,watch,warmup,,,56.6447127041,47.2386720918,66.0507533164,0.388183859107,3,11.1073114691,COMP_1028,54.1790674379,COMP_0345,0.388970826493
GROUP_0069,2026-02,58.0442034644,watch,warmup,1.39949076029,,58.0442034644,48.6381628521,67.4502440767,0.388183859107,3,10.1543158746,COMP_1028,55.2204736686,COMP_0345,0.388134682448
GROUP_0069,2026-03,58.3207034678,watch,warmup,0.276500003395,,62.5944799152,53.1884393029,72.0005205275,0.388183859107,3,12.4019721815,COMP_1028,54.1960402385,COMP_0345,0.393585068209
GROUP_0069,2026-04,59.2875771403,watch,stable,0.966873672549,2.64286443623,63.6709001348,54.2648595226,73.0769407471,0.388183859107,3,10.3689062271,COMP_1028,56.560584269,COMP_0345,0.367353685969
GROUP_0069,2026-05,58.0938103107,watch,stable,-1.1937668296,0.0496068463402,60.6029114718,51.1968708595,70.0089520841,0.388183859107,3,8.3148414477,COMP_1028,57.3862783713,COMP_0345,0.371398288009
GROUP_0069,2026-06,55.4355880555,watch,stable,-2.65822225523,-2.88511541228,55.5199196943,46.113879082,64.9259603066,0.679321753438,3,13.5282426394,COMP_1028,53.1148430869,COMP_0345,0.402270312683
GROUP_0069,2026-07,54.5911798575,watch,stable,-0.84440819801,-4.69639728284,50.2846980477,40.8786574354,59.6907386599,0.679321753438,3,8.24249344273,COMP_1028,49.5941115317,COMP_0345,0.427365326187
GROUP_0069,2026-08,46.1309071144,watch,stable,-8.46027274307,-11.9629031963,37.1991994587,27.7931588464,46.605240071,0.679321753438,3,8.43356486094,COMP_1016,44.7787389677,COMP_0345,0.401819277985
GROUP_0070,2024-09,75.5433041834,healthy,warmup,,,75.5433041834,66.1372635712,84.9493447957,0.266059264821,12,48.9159934225,COMP_1252,39.0363501734,COMP_0016,0.279154758311
GROUP_0070,2024-10,74.7732606492,healthy,warmup,-0.770043534225,,74.7732606492,65.3672200369,84.1793012615,0.267650158843,13,47.3171191621,COMP_1252,40.0518002097,COMP_0016,0.335127795831
GROUP_0070,2024-11,74.4993849632,healthy,warmup,-0.273875686016,,71.8373909516,62.4313503393,81.2434315639,0.267650158843,13,45.2334896737,COMP_1252,41.7877244722,COMP_0016,0.350876714954
GROUP_0070,2024-12,73.5959442904,healthy,stable,-0.903440672811,-1.94735989305,70.4396100238,61.0335694115,79.8456506361,0.267650158843,13,47.5426688961,COMP_1252,39.6708121101,COMP_0016,0.328337236115
GROUP_0070,2025-01,75.4965964623,healthy,stable,1.90065217186,0.723335813034,73.4672164571,64.0611758448,82.8732570694,0.267650158843,13,45.6593598989,COMP_1252,40.9422272966,COMP_0837,0.372282936413
GROUP_0070,2025-02,73.6995151064,healthy,stable,-1.79708135585,-0.799869856801,72.3027491077,62.8967084954,81.70878972,0.460284529307,13,44.4649684922,COMP_1252,42.9943940311,COMP_0016,0.365220150516
GROUP_0070,2025-03,74.9853343582,healthy,stable,1.28581925181,1.38939006782,75.2016495414,65.7956089291,84.6076901537,0.462191144045,14,42.0382199531,COMP_1252,44.8645285814,COMP_0016,0.353391243227
GROUP_0070,2025-04,74.5391371566,healthy,stable,-0.446197201656,-0.957459305697,74.8032427374,65.3972021251,84.2092833497,0.462191144045,14,35.6307938163,COMP_1252,48.3339869583,COMP_0016,0.322238329594
GROUP_0070,2025-05,74.8294431232,healthy,stable,0.290305966624,1.12992801678,76.0320140275,66.6259734153,85.4380546398,0.462191144045,14,29.4778445291,COMP_1252,55.53586426,COMP_0016,0.327497847142
GROUP_0070,2025-06,71.5492489324,healthy,stable,-3.28019419077,-3.4360854258,69.9215681127,60.5155275004,79.327608725,0.420075908521,15,37.6532998054,COMP_1100,49.619211283,COMP_0016,0.38635493721
GROUP_0070,2025-07,73.1894241207,healthy,stable,1.64017518826,-1.34971303589,70.9138183922,61.5077777799,80.3198590045,0.417287512857,16,41.4662963956,COMP_1100,52.0348701775,COMP_0837,0.377289189339
GROUP_0070,2025-08,74.0266497144,healthy,stable,0.837225593754,-0.802793408764,72.6619009195,63.2558603072,82.0679415318,0.522013614241,16,42.5730750855,COMP_1100,52.2495853422,COMP_0837,0.381774521286
GROUP_0070,2025-09,73.103649538,healthy,stable,-0.923000176383,1.55440060563,71.7389007431,62.3328601309,81.1449413554,0.526046763977,16,36.3415260037,COMP_1100,54.1708011311,COMP_0837,0.368376752757
GROUP_0070,2025-10,73.428795689,healthy,stable,0.325146151007,0.239371568377,73.2100705033,63.8040298911,82.6161111156,0.526046763977,16,41.4088326545,COMP_1100,52.0988824635,COMP_0837,0.380899763703
GROUP_0070,2025-11,72.7697130695,healthy,stable,-0.659082619578,-1.25693664495,73.1766447357,63.7706041234,82.582685348,0.530756567258,17,44.3228790686,COMP_1100,49.6571942834,COMP_0837,0.397336856209
GROUP_0070,2025-12,73.5335267469,healthy,stable,0.763813677476,0.429877208905,73.3148015612,63.908760949,82.7208421735,0.537738763109,17,44.816188056,COMP_1100,50.7962631427,COMP_0821,0.37480430947
GROUP_0070,2026-01,74.6456519916,healthy,stable,1.11212524461,1.21685630251,75.2770343142,65.870993702,84.6830749265,0.537738763109,17,41.7384669073,COMP_0376,54.7467535459,COMP_0821,0.424498953004
GROUP_0070,2026-02,74.6830069938,healthy,stable,0.0373550022546,1.91329392435,76.3412523639,66.9352117517,85.7472929762,0.5854238073,17,45.0981169566,COMP_0376,52.0297381594,COMP_0821,0.442526337868
GROUP_0070,2026-03,74.5435902604,healthy,stable,-0.139416733427,1.01006351344,76.2606982332,66.854657621,85.6667388455,0.584605238875,18,46.9168935082,COMP_0215,50.0604582265,COMP_0821,0.441980078514
GROUP_0070,2026-04,75.0122764296,healthy,stable,0.468686169213,0.366624438041,77.273969848,67.8679292357,86.6800104603,0.610429214193,18,44.2640501962,COMP_0376,52.6577984096,COMP_0821,0.426825622235
GROUP_0070,2026-05,74.5068339347,healthy,stable,-0.505442494944,-0.176173059158,75.1300954793,65.724054867,84.5361360916,0.630307546842,18,46.7736711355,COMP_0953,50.1213819681,COMP_0821,0.441267099265
GROUP_0070,2026-06,73.3767662619,healthy,stable,-1.13006767277,-1.1668239985,73.0772720613,63.671231449,82.4833126736,0.634920836617,18,48.510399486,COMP_0376,48.475484949,COMP_0821,0.45216673537
GROUP_0070,2026-07,72.3009961869,healthy,stable,-1.07577007497,-2.71128024268,69.8713451639,60.4653045516,79.2773857762,0.634920836617,18,47.2941037477,COMP_0953,49.6479272724,COMP_0821,0.422161568684
GROUP_0070,2026-08,72.6243406608,healthy,stable,0.323344473845,-1.88249327389,69.7650332171,60.3589926048,79.1710738294,0.639483509515,18,45.9740767004,COMP_0376,51.3596510707,COMP_0821,0.426789870859
GROUP_0071,2025-03,62.0567124554,healthy,warmup,,,62.0567124554,52.6506718431,71.4627530677,0.211111111111,1,0,COMP_0881,62.0567124554,COMP_0881,
GROUP_0071,2025-04,60.4513593613,healthy,warmup,-1.60535309411,,60.4513593613,51.045318749,69.8573999736,0.211111111111,1,0,COMP_0881,60.4513593613,COMP_0881,
GROUP_0071,2025-05,56.8727829296,watch,warmup,-3.57857643169,,43.6537626388,34.2477220265,53.0598032511,0.211111111111,1,0,COMP_0881,56.8727829296,COMP_0881,
GROUP_0071,2025-06,54.90531665,watch,stable,-1.96746627963,-7.15139580543,42.2171200699,32.8110794577,51.6231606822,0.211111111111,1,0,COMP_0881,54.90531665,COMP_0881,
GROUP_0071,2025-07,57.023197131,watch,stable,2.11788048106,-3.42816223026,47.912507728,38.5064671157,57.3185483403,0.211111111111,1,0,COMP_0881,57.023197131,COMP_0881,
GROUP_0071,2025-08,60.236467283,healthy,stable,3.21327015197,3.3636843534,54.4085914915,45.0025508793,63.8146321038,0.369444444444,1,0,COMP_0881,60.236467283,COMP_0881,
GROUP_0071,2025-09,58.8632290008,watch,stable,-1.37323828215,3.95791235088,59.2467852145,49.8407446022,68.6528258268,0.369444444444,1,0,COMP_0881,58.8632290008,COMP_0881,
GROUP_0071,2025-10,61.1521669248,healthy,stable,2.28893792392,4.12896979374,66.8704303255,57.4643897132,76.2764709378,0.369444444444,1,0,COMP_0881,61.1521669248,COMP_0881,
GROUP_0071,2025-11,62.994789273,healthy,stable,1.84262234822,2.75832198999,70.9595233733,61.5534827611,80.3655639856,0.369444444444,1,0,COMP_0881,62.994789273,COMP_0881,
GROUP_0071,2025-12,61.7557655558,healthy,improving,-1.23902371721,2.89253655493,66.582985349,57.1769447367,75.9890259613,0.369444444444,1,0,COMP_0881,61.7557655558,COMP_0881,
GROUP_0071,2026-01,61.527437478,healthy,improving,-0.228328077784,0.375270553229,63.4645427758,54.0585021635,72.8705833881,0.369444444444,1,0,COMP_0881,61.527437478,COMP_0881,
GROUP_0071,2026-02,60.8473489294,healthy,stable,-0.680088548548,-2.14744034354,61.4853088699,52.0792682576,70.8913494822,0.475,1,0,COMP_0881,60.8473489294,COMP_0881,
GROUP_0071,2026-03,59.7352862449,watch,stable,-1.11206268456,-2.0204793109,56.3004714163,46.8944308041,65.7065120286,0.475,1,0,COMP_0881,59.7352862449,COMP_0881,
GROUP_0071,2026-04,61.8754971102,healthy,stable,2.14021086534,0.348059632224,58.4406822817,49.0346416694,67.846722894,0.475,1,0,COMP_0881,61.8754971102,COMP_0881,
GROUP_0071,2026-05,58.2290303938,watch,stable,-3.64646671636,-2.61831853559,54.7605787962,45.354538184,64.1666194085,0.475,1,0,COMP_0881,58.2290303938,COMP_0881,
GROUP_0071,2026-06,60.4254888915,healthy,stable,2.19645849767,0.69020264664,56.9570372939,47.5509966816,66.3630779062,0.475,1,0,COMP_0881,60.4254888915,COMP_0881,
GROUP_0071,2026-07,62.4746062154,healthy,stable,2.04911732391,0.599109105213,63.6479507147,54.2419101024,73.053991327,0.475,1,0,COMP_0881,62.4746062154,COMP_0881,
GROUP_0071,2026-08,62.4517483194,healthy,stable,-0.0228578959804,4.2227179256,65.2225396355,55.8164990232,74.6285802478,0.527777777778,1,0,COMP_0881,62.4517483194,COMP_0881,
GROUP_0072,2025-05,62.4446101187,healthy,warmup,,,62.4446101187,53.0385695064,71.850650731,0.38,1,0,COMP_0140,62.4446101187,COMP_0140,0.278411781681
GROUP_0072,2025-06,60.597240485,healthy,warmup,-1.84736963369,,60.597240485,51.1911998727,70.0032810973,0.37637034324,2,4.30998604445,COMP_0642,57.0361583228,COMP_0140,0.278338238753
GROUP_0072,2025-07,61.6089770469,healthy,warmup,1.0117365619,,59.4781127139,50.0720721016,68.8841533261,0.37637034324,2,9.61601378103,COMP_0642,53.6638433981,COMP_0140,0.256593615298
GROUP_0072,2025-08,61.8993790834,healthy,stable,0.290402036518,-0.545231035271,62.1764578966,52.7704172843,71.5824985089,0.37637034324,2,4.29978755768,COMP_0642,58.3467233172,COMP_0140,0.269636119905
GROUP_0072,2025-09,61.3097259131,healthy,stable,-0.589653170363,0.712485428056,60.4647343374,51.0586937252,69.8707749497,0.37637034324,2,5.12109937109,COMP_0642,57.0784696089,COMP_0140,0.2794594151
GROUP_0072,2025-10,59.5246278682,watch,stable,-1.78509804492,-2.08434917876,58.077650506,48.6716098937,67.4836911183,0.611848696482,2,3.4543561681,COMP_0642,56.6705011946,COMP_0140,0.296591547581
GROUP_0072,2025-11,59.2984841063,watch,stable,-0.226143761894,-2.60089497717,57.9309030198,48.5248624075,67.3369436321,0.658648100669,2,5.99934082878,COMP_0642,54.3415897242,COMP_0140,0.302855037437
GROUP_0072,2025-12,58.7217175886,watch,stable,-0.57676651771,-2.58800832452,55.7144864197,46.3084458074,65.120527032,0.658648100669,2,0.109018865804,COMP_0140,58.7027744525,COMP_0642,0.309188707231
GROUP_0072,2026-01,59.2125333575,watch,stable,0.490815768938,-0.312094510667,56.2710241172,46.8649835049,65.6770647295,0.658648100669,2,4.83885657998,COMP_0642,55.2144772907,COMP_0140,0.288660909731
GROUP_0072,2026-02,62.6078116374,healthy,stable,3.39527827987,3.3093275311,62.0772509692,52.6712103569,71.4832915815,0.658648100669,2,2.98563335153,COMP_0140,62.0890274964,COMP_0642,0.270160239835
GROUP_0072,2026-03,54.9594290446,watch,stable,-7.64838259277,-3.76228854397,53.8060958589,44.4000552466,63.2121364712,0.658648100669,2,14.0511544156,COMP_0140,52.5178981481,COMP_0642,0.277946343287
GROUP_0072,2026-04,56.30886245,watch,stable,1.34943340541,-2.90367090749,53.2594483606,43.8534077483,62.6654889729,0.815633669498,2,15.8902041379,COMP_0140,53.547777972,COMP_0642,0.266881968576
GROUP_0072,2026-05,63.1680275527,healthy,stable,6.85916510267,0.560215915308,65.6711879743,56.265147362,75.0772285865,0.846833272289,2,5.45445761492,COMP_0140,62.2202601026,COMP_0642,0.272386591991
GROUP_0072,2026-06,64.7191245503,healthy,stable,1.5510969976,9.75969550569,70.3358475669,60.9298069546,79.7418881792,0.846833272289,2,8.20706333441,COMP_0140,63.2930638788,COMP_0642,0.268342882285
GROUP_0072,2026-07,63.7115294367,healthy,stable,-1.0075951136,7.40266698667,70.5936398043,61.187599192,79.9996804166,0.846833272289,2,5.30341586156,COMP_0140,62.7900070265,COMP_0642,0.277911861904
GROUP_0072,2026-08,64.8954381147,healthy,stable,1.18390867805,1.72741056205,75.0301673663,65.624126754,84.4362079785,0.846833272289,2,5.65619045178,COMP_0140,63.9126175339,COMP_0642,0.274828556694
GROUP_0073,2025-01,67.7943437249,healthy,warmup,,,67.7943437249,58.3883031126,77.2003843371,0.312,1,0,COMP_0521,67.7943437249,COMP_0521,0.199364752222
GROUP_0073,2025-02,73.7626237054,healthy,warmup,5.96827998054,,73.7626237054,64.3565830931,83.1686643177,0.312,1,0,COMP_0521,73.7626237054,COMP_0521,0.146079575118
GROUP_0073,2025-03,73.9513072388,healthy,warmup,0.188683533403,,89.6515641993,80.2455235871,99.0576048116,0.312,2,18.453756597,COMP_0017,55.7278590566,COMP_0521,0.197828970545
GROUP_0073,2025-04,73.3861548837,healthy,stable,-0.565152355063,5.59181115888,78.620337379,69.2142967667,88.0263779912,0.312,2,20.4917416242,COMP_0017,53.1501563384,COMP_0521,0.207944502751
GROUP_0073,2025-05,71.3746034093,healthy,stable,-2.01155147443,-2.38802029609,71.3757486719,61.9697080596,80.7817892842,0.312,2,16.6805077786,COMP_0017,54.9022733685,COMP_0521,0.195532192535
GROUP_0073,2025-06,71.5386021531,healthy,stable,0.163998743773,-2.41270508572,70.5786066578,61.1725660456,79.9846472701,0.543079609847,2,15.2305677031,COMP_0017,56.4981165011,COMP_0521,0.176951498324
GROUP_0073,2025-07,70.6404506573,healthy,stable,-0.898151495758,-2.74570422642,66.580816154,57.1747755417,75.9868567663,0.543079609847,2,11.6785066122,COMP_0017,59.1076953088,COMP_0521,0.186697791186
GROUP_0073,2025-08,74.7712825793,healthy,stable,4.13083192199,3.39667917,71.8890055685,62.4829649562,81.2950461808,0.546,2,16.3479668149,COMP_0017,58.6273432914,COMP_0521,0.166180558556
GROUP_0073,2025-09,73.1052199931,healthy,stable,-1.66606258617,1.56661784006,73.9416135864,64.5355729741,83.3476541987,0.546,2,14.0721313532,COMP_0017,59.2087130581,COMP_0521,0.168009112215
GROUP_0073,2025-10,78.859300526,healthy,stable,5.75408053284,8.21884986866,85.1444623323,75.73842172,94.5505029446,0.546,2,29.0822283575,COMP_0017,50.1400270972,COMP_0521,0.171594273437
GROUP_0073,2025-11,79.2023197374,healthy,stable,0.343019211424,4.4310371581,87.4456548243,78.039614212,96.8516954366,0.546,2,19.3562755795,COMP_0017,60.0876162801,COMP_0521,0.154960664777
GROUP_0073,2025-12,60.6497531577,healthy,stable,-18.5525665797,-12.4554668355,66.934914964,57.5288743517,76.3409555763,0.398516217997,3,28.6761226567,COMP_0353,53.8656282422,COMP_0521,0.446360213524
GROUP_0073,2026-01,57.2176863569,watch,stable,-3.43206680079,-21.6416141691,39.31301821,29.9069775977,48.7190588223,0.398516217997,3,35.9834689927,COMP_0353,48.6974324499,COMP_0521,0.491091223719
GROUP_0073,2026-02,56.8910049976,watch,stable,-0.326681359333,-22.3113147398,36.6343996113,27.2283589991,46.0404402236,0.398980842986,3,37.8725939504,COMP_0353,47.9245472643,COMP_0521,0.488460195203
GROUP_0073,2026-03,57.228334467,watch,stable,0.337329469411,-3.42141869071,35.1647490868,25.7587084745,44.5707896991,0.398980842986,3,37.3286341619,COMP_0353,48.3883431955,COMP_0521,0.476359456614
GROUP_0073,2026-04,58.236470642,watch,stable,1.00813617499,1.01878428507,52.4200588678,43.0140182555,61.82609948,0.398980842986,3,36.5673540594,COMP_0353,49.5759691391,COMP_0521,0.467813782003
GROUP_0073,2026-05,57.120596035,watch,stable,-1.11587460694,0.229591037467,56.8458630336,47.4398224213,66.2519036459,0.572569706803,3,34.872476938,COMP_0353,48.850206642,COMP_0521,0.470775126262
GROUP_0073,2026-06,56.9403921513,watch,stable,-0.180203883712,-0.287942315657,56.8166019909,47.4105613786,66.2226426032,0.590951730371,3,36.2968157704,COMP_0353,48.3400637182,COMP_0521,0.476383421589
GROUP_0073,2026-07,56.9929781476,watch,stable,0.0525859963324,-1.24349249431,56.7182451462,47.3122045339,66.1242857585,0.590951730371,3,38.3461977454,COMP_0353,47.8888672538,COMP_0521,0.491744235386
GROUP_0073,2026-08,55.425830809,watch,stable,-1.56714733867,-1.69476522605,53.5872770778,44.1812364655,62.9933176901,0.591184042866,3,40.9384019102,COMP_0353,45.7082610258,COMP_0521,0.50364243049
GROUP_0074,2024-09,39.4900205481,stress,warmup,,,39.4900205481,30.0839799358,48.8960611604,0.267111111111,1,0,COMP_0748,39.4900205481,COMP_0748,
GROUP_0074,2024-10,39.6988599291,stress,warmup,0.208839381019,,39.6988599291,30.2928193168,49.1049005414,0.267111111111,1,0,COMP_0748,39.6988599291,COMP_0748,
GROUP_0074,2024-11,42.3869001577,watch,warmup,2.68804022861,,49.7739431623,40.36790255,59.1799837746,0.267111111111,1,0,COMP_0748,42.3869001577,COMP_0748,
GROUP_0074,2024-12,42.1849460932,watch,stable,-0.201954064571,2.69492554506,47.6453926656,38.2393520533,57.0514332779,0.267111111111,1,0,COMP_0748,42.1849460932,COMP_0748,
GROUP_0074,2025-01,40.6398575977,watch,stable,-1.54508849542,0.940997668621,42.1727267352,32.7666861229,51.5787673475,0.267111111111,1,0,COMP_0748,40.6398575977,COMP_0748,
GROUP_0074,2025-02,39.7369465493,stress,stable,-0.90291104849,-2.64995360848,39.9888110704,30.5827704581,49.3948516827,0.467444444444,1,0,COMP_0748,39.7369465493,COMP_0748,
GROUP_0074,2025-03,42.065426942,watch,stable,2.32848039278,-0.119519151129,41.8622443851,32.4562037728,51.2682849974,0.467444444444,1,0,COMP_0748,42.065426942,COMP_0748,
GROUP_0074,2025-04,40.7010390228,watch,stable,-1.36438791921,0.0611814250792,38.9814606652,29.5754200529,48.3875012775,0.467444444444,1,0,COMP_0748,40.7010390228,COMP_0748,
GROUP_0074,2025-05,42.276803152,watch,stable,1.57576412918,2.53985660275,42.3808115746,32.9747709624,51.7868521869,0.467444444444,1,0,COMP_0748,42.276803152,COMP_0748,
GROUP_0074,2025-06,46.8037411321,watch,stable,4.52693798008,4.73831419005,51.1214973568,41.7154567445,60.5275379691,0.467444444444,1,0,COMP_0748,46.8037411321,COMP_0748,
GROUP_0074,2025-07,40.348842036,watch,stable,-6.45489909607,-0.352196986802,42.8072778436,33.4012372313,52.2133184559,0.467444444444,1,0,COMP_0748,40.348842036,COMP_0748,
GROUP_0074,2025-08,38.7914501139,stress,stable,-1.55739192211,-3.4853530381,36.356724255,26.9506836428,45.7627648673,0.601,1,0,COMP_0748,38.7914501139,COMP_0748,
GROUP_0074,2025-09,38.9788415463,stress,stable,0.187391432417,-7.82489958576,35.4853402976,26.0792996853,44.8913809099,0.601,1,0,COMP_0748,38.9788415463,COMP_0748,
GROUP_0074,2025-10,46.496456155,watch,stable,7.51761460863,6.14761411894,43.0029549062,33.596914294,52.4089955185,0.601,1,0,COMP_0748,46.496456155,COMP_0748,
GROUP_0074,2025-11,48.0240359978,watch,stable,1.52757984281,9.23258588385,49.2687367607,39.8626961485,58.674777373,0.601,1,0,COMP_0748,48.0240359978,COMP_0748,
GROUP_0074,2025-12,48.7176792438,watch,stable,0.693643245991,9.73883769742,58.503551545,49.0975109327,67.9095921573,0.601,1,0,COMP_0748,48.7176792438,COMP_0748,
GROUP_0074,2026-01,56.6268989831,watch,stable,7.90921973934,10.1304428281,73.8486517909,64.4426111786,83.2546924032,0.601,1,0,COMP_0748,56.6268989831,COMP_0748,
GROUP_0074,2026-02,51.061356327,watch,improving,-5.56554265609,3.03732032924,63.3855214033,53.979480791,72.7915620156,0.667777777778,1,0,COMP_0748,51.061356327,COMP_0748,
GROUP_0074,2026-03,50.8819520309,watch,improving,-0.179404296122,2.16427278712,56.0453965906,46.6393559783,65.4514372029,0.667777777778,1,0,COMP_0748,50.8819520309,COMP_0748,
GROUP_0074,2026-04,50.6662873865,watch,improving,-0.215664644419,-5.96061159663,53.3613838029,43.9553431906,62.7674244152,0.667777777778,1,0,COMP_0748,50.6662873865,COMP_0748,
GROUP_0074,2026-05,51.301018288,watch,stable,0.634730901492,0.23966196095,51.7084436216,42.3024030093,61.1144842339,0.667777777778,1,0,COMP_0748,51.301018288,COMP_0748,
GROUP_0074,2026-06,53.5770273948,watch,stable,2.27600910687,2.69507536395,52.6620654846,43.2560248723,62.0681060969,0.667777777778,1,0,COMP_0748,53.5770273948,COMP_0748,
GROUP_0074,2026-07,55.1576230134,watch,stable,1.58059561858,4.49133562695,59.3358150335,49.9297744213,68.7418556458,0.667777777778,1,0,COMP_0748,55.1576230134,COMP_0748,
GROUP_0074,2026-08,54.6966861378,watch,stable,-0.460936875606,3.39566784985,59.8354445458,50.4294039335,69.241485158,0.667777777778,1,0,COMP_0748,54.6966861378,COMP_0748,
GROUP_0075,2024-09,85.9219053351,solid,warmup,,,85.9219053351,76.5158647229,95.3279459474,0.279111111111,1,0,COMP_0288,85.9219053351,COMP_0288,
GROUP_0075,2024-10,86.8439727646,solid,warmup,0.922067429454,,86.8439727646,77.4379321523,96.2500133769,0.279111111111,1,0,COMP_0288,86.8439727646,COMP_0288,
GROUP_0075,2024-11,88.652865611,solid,warmup,1.8088928464,,95.6168143144,86.2107737021,100,0.279111111111,1,0,COMP_0288,88.652865611,COMP_0288,
GROUP_0075,2024-12,88.9443612696,solid,stable,0.291495658598,3.02245593445,94.1914441578,84.7854035455,100,0.279111111111,1,0,COMP_0288,88.9443612696,COMP_0288,
GROUP_0075,2025-01,84.8759543273,solid,stable,-4.06840694229,-1.96801843729,87.9705402018,78.5644995896,97.3765808141,0.279111111111,1,0,COMP_0288,84.8759543273,COMP_0288,
GROUP_0075,2025-02,86.0103685137,solid,stable,1.1344141864,-2.64249709729,86.1006009558,76.6945603436,95.5066415681,0.488444444444,1,0,COMP_0288,86.0103685137,COMP_0288,
GROUP_0075,2025-03,85.5244845303,solid,stable,-0.485883983392,-3.41987673928,83.046476215,73.6404356027,92.4525168273,0.488444444444,1,0,COMP_0288,85.5244845303,COMP_0288,
GROUP_0075,2025-04,91.4966278991,solid,stable,5.9721433688,6.6206735718,92.983255758,83.5772151457,100,0.488444444444,1,0,COMP_0288,91.4966278991,COMP_0288,
GROUP_0075,2025-05,88.5086437106,solid,stable,-2.98798418854,2.49827519686,91.7627836632,82.3567430509,100,0.488444444444,1,0,COMP_0288,88.5086437106,COMP_0288,
GROUP_0075,2025-06,90.2194438937,solid,stable,1.71080018318,4.69495936343,95.6698032515,86.2637626392,100,0.488444444444,1,0,COMP_0288,90.2194438937,COMP_0288,
GROUP_0075,2025-07,86.9935279872,solid,stable,-3.22591590657,-4.50309991194,88.8665583947,79.4605177824,98.272599007,0.488444444444,1,0,COMP_0288,86.9935279872,COMP_0288,
GROUP_0075,2025-08,86.4438484818,solid,stable,-0.549679505365,-2.06479522876,83.1870292681,73.7809886558,92.5930698804,0.628,1,0,COMP_0288,86.4438484818,COMP_0288,
GROUP_0075,2025-09,87.34466486,solid,stable,0.900816378236,-2.8747790337,83.4811197654,74.0750791531,92.8871603777,0.628,1,0,COMP_0288,87.34466486,COMP_0288,
GROUP_0075,2025-10,87.5193696359,solid,stable,0.174704775844,0.525841648715,86.0352966015,76.6292559892,95.4413372138,0.628,1,0,COMP_0288,87.5193696359,COMP_0288,
GROUP_0075,2025-11,86.3639235097,solid,stable,-1.15544612616,-0.0799249720788,83.8630330664,74.4569924541,93.2690736787,0.628,1,0,COMP_0288,86.3639235097,COMP_0288,
GROUP_0075,2025-12,83.8850897206,solid,stable,-2.47883378912,-3.45957513944,81.3841992773,71.978158665,90.7902398896,0.628,1,0,COMP_0288,83.8850897206,COMP_0288,
GROUP_0075,2026-01,83.7989520582,solid,stable,-0.0861376624491,-3.72041757773,80.5365346376,71.1304940253,89.9425752499,0.628,1,0,COMP_0288,83.7989520582,COMP_0288,
GROUP_0075,2026-02,87.0164095848,solid,stable,3.21745752663,0.652486075062,84.5155191415,75.1094785292,93.9215597538,0.697777777778,1,0,COMP_0288,87.0164095848,COMP_0288,
GROUP_0075,2026-03,87.95451575,solid,stable,0.938106165184,4.06942602937,88.3983647863,78.9923241741,97.8044053986,0.697777777778,1,0,COMP_0288,87.95451575,COMP_0288,
GROUP_0075,2026-04,87.4399336047,solid,stable,-0.51458214532,3.6409815465,89.467938711,80.0618980987,98.8739793233,0.697777777778,1,0,COMP_0288,87.4399336047,COMP_0288,
GROUP_0075,2026-05,86.2713479163,solid,stable,-1.16858568834,-0.745061668479,89.4236526355,80.0176120232,98.8296932477,0.697777777778,1,0,COMP_0288,86.2713479163,COMP_0288,
GROUP_0075,2026-06,88.4212530165,solid,stable,2.14990510014,0.466737266481,90.9236175165,81.5175769043,100,0.697777777778,1,0,COMP_0288,88.4212530165,COMP_0288,
GROUP_0075,2026-07,86.0984691748,solid,stable,-2.32278384163,-1.34146442983,85.1621699567,75.7561293444,94.568210569,0.697777777778,1,0,COMP_0288,86.0984691748,COMP_0288,
GROUP_0075,2026-08,87.8109494675,solid,stable,1.71248029267,1.53960155118,87.3701086767,77.9640680644,96.776149289,0.697777777778,1,0,COMP_0288,87.8109494675,COMP_0288,
GROUP_0076,2026-02,67.0719297407,healthy,warmup,,,67.0719297407,57.6658891284,76.477970353,0.207789405656,2,3.30447513063,COMP_0408,63.7787680746,COMP_1044,0.153825953796
GROUP_0076,2026-03,69.5993457264,healthy,warmup,2.52741598573,,69.5993457264,60.1933051141,79.0053863387,0.207789405656,2,5.62499059561,COMP_0408,63.9936132971,COMP_1044,0.123620702712
GROUP_0076,2026-04,70.0117346381,healthy,warmup,0.412388911746,,77.5082371267,68.1021965144,86.914277739,0.207789405656,2,4.63055283161,COMP_0408,65.3970353364,COMP_1044,0.12421055412
GROUP_0076,2026-05,69.8752092043,healthy,stable,-0.136525433898,2.80327946358,73.3095884732,63.903547861,82.7156290855,0.207789405656,2,7.19909878759,COMP_0408,62.7007578252,COMP_1044,0.129348540452
GROUP_0076,2026-06,72.9154425274,healthy,stable,3.04023332311,3.31609680096,79.4363523669,70.0303117546,88.8423929792,0.207789405656,2,13.4728572067,COMP_0408,59.4887120688,COMP_1044,0.0949668940831
GROUP_0076,2026-07,68.4383031879,healthy,stable,-4.47713933944,-1.57343145023,70.5414866378,61.1354460255,79.9475272501,0.363631459898,2,9.76914970774,COMP_0408,58.70259992,COMP_1044,0.155582063619
GROUP_0076,2026-08,69.9450794512,healthy,stable,1.50677626324,0.0698702469104,70.0638588709,60.6578182586,79.4698994832,0.363631459898,2,4.89109741233,COMP_0408,65.0707275899,COMP_1044,0.122103459415
GROUP_0077,2026-01,65.1975937616,healthy,warmup,,,65.1975937616,55.7915531493,74.6036343738,0.288,2,7.86367086385,COMP_1272,65.1975937616,COMP_0804,0.375295570254
GROUP_0077,2026-02,63.5105925951,healthy,warmup,-1.68700116644,,63.5105925951,54.1045519828,72.9166332074,0.288,2,8.73166064253,COMP_1272,63.5105925951,COMP_0804,0.395808221311
GROUP_0077,2026-03,65.23851873,healthy,warmup,1.7279261349,,65.3428773996,55.9368367873,74.7489180119,0.288,2,7.07506124977,COMP_1272,65.23851873,COMP_0804,0.354136374456
GROUP_0077,2026-04,65.9428677592,healthy,stable,0.704349029226,0.745273997682,68.3724406818,58.9664000695,77.7784812941,0.288,2,9.9934182299,COMP_1272,65.9428677592,COMP_0804,0.344427655159
GROUP_0077,2026-05,67.3313758142,healthy,stable,1.38850805496,3.82078321908,71.7958586211,62.3898180088,81.2018992334,0.288,2,5.50812960089,COMP_1272,67.3313758142,COMP_0804,0.327846318842
GROUP_0077,2026-06,60,healthy,stable,-7.3313758142,-5.23851873002,61.2669657961,51.8609251838,70.6730064083,0.504,2,17.8226964762,COMP_1272,60,COMP_0804,0.292076685031
GROUP_0077,2026-07,60,healthy,stable,0,-5.94286775924,56.419195553,47.0131549407,65.8252361653,0.504,2,14.4090886436,COMP_1272,60,COMP_0804,0.315852727946
GROUP_0077,2026-08,60,healthy,stable,0,-7.3313758142,53.3208886192,43.9148480069,62.7269292315,0.504,2,14.9596086787,COMP_1272,60,COMP_0804,0.292700150473
GROUP_0078,2024-09,68.5348858474,healthy,warmup,,,68.5348858474,59.1288452351,77.9409264597,0.237495192573,4,33.559102797,COMP_0258,43.7528795161,COMP_0383,0.501754304814
GROUP_0078,2024-10,63.1860178548,healthy,warmup,-5.34886799265,,63.1860178548,53.7799772425,72.592058467,0.236913686825,5,29.43937255,COMP_0258,40.5627417224,COMP_0383,0.535821528793
GROUP_0078,2024-11,64.6521277914,healthy,warmup,1.46610993662,,54.7510947485,45.3450541362,64.1571353608,0.236913686825,5,26.2674538578,COMP_0258,44.822858511,COMP_0383,0.487064288553
GROUP_0078,2024-12,65.0404633059,healthy,stable,0.38833551455,-3.49442254148,63.0604597078,53.6544190955,72.4665003201,0.236913686825,5,24.5407441928,COMP_0258,45.9459356765,COMP_0383,0.491375409745
GROUP_0078,2025-01,64.5626803722,healthy,stable,-0.477782933751,1.37666251742,63.2302884316,53.8242478193,72.6363290439,0.236913686825,5,30.1315082213,COMP_0258,40.3346093591,COMP_0383,0.55476748763
GROUP_0078,2025-02,64.4074352339,healthy,stable,-0.155245138307,-0.244692557507,63.6156850285,54.2096444162,73.0217256408,0.412802017422,5,32.0492423788,COMP_0258,38.995424185,COMP_0383,0.547958628409
GROUP_0078,2025-03,65.3948689067,healthy,stable,0.987433672796,0.354405600739,66.952176065,57.5461354527,76.3582166773,0.414598951944,5,34.4694140967,COMP_0258,39.8762695241,COMP_0383,0.544957091304
GROUP_0078,2025-04,64.0904418672,healthy,stable,-1.30442703944,-0.47223850495,63.5175222246,54.1114816123,72.9235628369,0.414598951944,5,30.512306214,COMP_0258,41.5173344147,COMP_0383,0.531702312482
GROUP_0078,2025-05,63.3870969701,healthy,stable,-0.703344897146,-1.02033826379,61.8882281324,52.4821875201,71.2942687447,0.414598951944,5,21.8311036981,COMP_0258,47.1645040889,COMP_0383,0.47659733948
GROUP_0078,2025-06,64.9809098241,healthy,stable,1.59381285405,-0.413959082538,64.1891596188,54.7831190065,73.595200231,0.414598951944,5,19.3592599522,COMP_0258,50.4408945202,COMP_0383,0.45744065266
GROUP_0078,2025-07,64.1005214384,healthy,stable,-0.880388385772,0.010079571129,63.396790998,53.9907503858,72.8028316103,0.414598951944,5,17.7313672338,COMP_0258,50.3048784236,COMP_0383,0.462682037082
GROUP_0078,2025-08,65.8730672432,healthy,stable,1.77254580483,2.48597027311,66.3608295464,56.9547889342,75.7668701587,0.531857839009,5,16.8505361078,COMP_0258,52.9495392032,COMP_0383,0.439652000849
GROUP_0078,2025-09,59.1236167925,watch,stable,-6.74945045069,-5.85729303162,59.1407520634,49.7347114511,68.5467926757,0.533055795357,5,29.135140814,COMP_0827,40,COMP_0383,0.523917796045
GROUP_0078,2025-10,61.1950710338,healthy,stable,2.07145424127,-2.90545040458,56.7050902663,47.299049654,66.1111308786,0.533055795357,5,32.2654504484,COMP_0827,40,COMP_0383,0.494906602946
GROUP_0078,2025-11,59.0129164812,watch,stable,-2.18215455262,-6.86015076203,52.9255632713,43.519522659,62.3316038836,0.533055795357,5,28.6097460905,COMP_0827,40,COMP_0383,0.490406063107
GROUP_0078,2025-12,57.664354332,watch,stable,-1.34856214915,-1.4592624605,50.7866873713,41.3806467591,60.1927279836,0.533055795357,5,26.8267158468,COMP_0827,40,COMP_0383,0.520208958786
GROUP_0078,2026-01,63.0994718736,healthy,stable,5.43511754157,1.90440083981,60.2704045966,50.8643639843,69.6764452089,0.533055795357,5,23.8263236335,COMP_0258,44.4224043815,COMP_0383,0.513547376333
GROUP_0078,2026-02,60.8176114755,healthy,stable,-2.28186039809,1.80469499433,62.5454860521,53.1394454398,71.9515266644,0.591685238889,5,18.649779094,COMP_0258,45.3239244022,COMP_0383,0.494645537611
GROUP_0078,2026-03,61.0059198222,healthy,stable,0.188308346685,3.34156549017,61.9662923903,52.560251778,71.3723330026,0.592284217063,5,22.150748948,COMP_0258,43.8189490629,COMP_0223,0.517581396274
GROUP_0078,2026-04,61.6036218321,healthy,stable,0.597702009974,-1.49585004143,64.2461412902,54.8401006779,73.6521819024,0.592284217063,5,21.4002739773,COMP_0258,43.5409531367,COMP_0383,0.521139385156
GROUP_0078,2026-05,60.7030080955,healthy,stable,-0.900613736681,-0.114603380022,61.6633806636,52.2573400513,71.0694212758,0.592284217063,5,29.5341407533,COMP_0258,40.3369448874,COMP_0223,0.548536266784
GROUP_0078,2026-06,57.9041020025,watch,stable,-2.79890609296,-3.10181781966,54.1893774245,44.7833368122,63.5954180368,0.592284217063,5,25.998503214,COMP_0258,42.2639842058,COMP_0223,0.511110929107
GROUP_0078,2026-07,57.09678261,watch,stable,-0.807319392482,-4.50683922212,52.9794537084,43.5734130961,62.3854943207,0.592284217063,5,26.9690497276,COMP_0258,36.9713846484,COMP_0223,0.566231487435
GROUP_0078,2026-08,58.0619597775,watch,deteriorating,0.965177167435,-2.641048318,53.5463406577,44.1403000455,62.95238127,0.592284217063,5,27.589791265,COMP_0258,37.6881825198,COMP_1265,0.56267382193
GROUP_0079,2024-10,59.5863248116,watch,warmup,,,59.5863248116,50.1802841993,68.9923654239,0.350062288898,12,28.2459857984,COMP_0342,45.5316481441,COMP_1209,0.596866094855
GROUP_0079,2024-11,60.2974194364,healthy,warmup,0.711094624804,,60.2974194364,50.8913788241,69.7034600487,0.350062288898,12,28.8433238842,COMP_0342,43.9642091451,COMP_0903,0.619034947043
GROUP_0079,2024-12,60.4912082567,healthy,warmup,0.19378882032,,62.7986610418,53.3926204295,72.2047016541,0.349717572491,15,34.2265534669,COMP_0342,46.7263861411,COMP_0510,0.59097369671
GROUP_0079,2025-01,60.8635783441,healthy,stable,0.372370087332,1.27725353246,62.8987875694,53.4927469571,72.3048281816,0.349717572491,15,31.3039515465,COMP_0342,49.8492121622,COMP_0510,0.563306792604
GROUP_0079,2025-02,59.6811780021,watch,stable,-1.18240034202,-0.616241434368,60.8971921011,51.4911514888,70.3032327134,0.349717572491,15,40.3018281688,COMP_1143,48.6296379348,COMP_0510,0.558692032877
GROUP_0079,2025-03,59.9524130145,watch,stable,0.271235012436,-0.538795242252,60.3258229814,50.9197823691,69.7318635937,0.60820717552,15,41.7705477595,COMP_0342,47.2470692922,COMP_0510,0.581886565658
GROUP_0079,2025-04,59.8661260801,watch,stable,-0.0862869344256,-0.997452264009,59.4260627145,50.0200221022,68.8321033268,0.60820717552,15,46.1537595888,COMP_0342,46.5419898105,COMP_0510,0.591765727329
GROUP_0079,2025-05,60.0731494796,healthy,stable,0.207023399485,0.391971477495,59.633086114,50.2270455017,69.0391267263,0.612005751859,15,40.0746322157,COMP_0342,47.9151712725,COMP_0510,0.578475788784
GROUP_0079,2025-06,59.984862732,watch,stable,-0.0882867475425,0.0324497175164,60.0400272518,50.6339866395,69.4460678641,0.612005751859,15,40.3602182474,COMP_0342,45.3852693736,COMP_0510,0.601827342642
GROUP_0079,2025-07,62.700386331,healthy,stable,2.71552359903,2.83426025097,63.3667378428,53.9606972305,72.7727784551,0.612005751859,15,44.5770962749,COMP_0575,46.735689003,COMP_0510,0.548474313422
GROUP_0079,2025-08,61.6991034158,healthy,stable,-1.00128291524,1.62595393624,63.4807276251,54.0746870128,72.8867682374,0.612005751859,15,41.536640558,COMP_0342,48.9764372205,COMP_0510,0.571277965648
GROUP_0079,2025-09,62.7705310053,healthy,stable,1.07142758951,2.7856682733,65.7330240291,56.3269834168,75.1390646413,0.784332153879,15,45.0500077413,COMP_0342,47.2758237439,COMP_0510,0.586058135372
GROUP_0079,2025-10,62.0867015116,healthy,stable,-0.683829493694,-0.613684819425,64.7665459556,55.3605053433,74.1725865679,0.784332153879,15,45.4573596055,COMP_0342,45.2581028983,COMP_0510,0.610900668693
GROUP_0079,2025-11,62.7088783105,healthy,stable,0.622176798926,1.00977489475,64.4254956316,55.0194550193,73.8315362439,0.786864538104,15,50.7953387178,COMP_0533,45,COMP_0510,0.574573832907
GROUP_0079,2025-12,60.2318257168,healthy,stable,-2.4770525937,-2.53870528847,59.1885615238,49.7825209115,68.5946021361,0.786864538104,15,51.8859293676,COMP_0533,45,COMP_0510,0.568084310687
GROUP_0079,2026-01,58.5398058826,watch,stable,-1.69201983425,-3.54689562903,55.0522754647,45.6462348525,64.458316077,0.786864538104,15,52.3447236811,COMP_0342,44.9437997632,COMP_0510,0.616373435402
GROUP_0079,2026-02,57.7379027426,watch,stable,-0.801903139955,-4.97097556791,52.3437282112,42.9376875989,61.7497688234,0.786864538104,15,55.0709423922,COMP_0130,41.6979967019,COMP_0510,0.594750864087
GROUP_0079,2026-03,59.4154255253,watch,stable,1.67752278265,-0.816400191553,54.6854922486,45.2794516363,64.0915328609,0.873027739114,15,50.9642527687,COMP_0575,45.9339797534,COMP_0510,0.557615034854
GROUP_0079,2026-04,59.3193107674,watch,stable,-0.0961147579254,0.779504884772,55.8619518733,46.455911261,65.2679924856,0.873027739114,15,51.0140107507,COMP_0575,45.8256045483,COMP_0510,0.597310485523
GROUP_0079,2026-05,60.0393513669,healthy,stable,0.720040599491,2.30144862422,61.364509671,51.9584690587,70.7705502833,0.874293931227,15,50.8168242861,COMP_0342,46.0908726944,COMP_0510,0.58052741016
GROUP_0079,2026-06,60.0808312191,healthy,stable,0.0414798522392,0.665405693804,61.9927517115,52.5867110992,71.3987923238,0.874293931227,15,50.7141018909,COMP_0342,46.0517565405,COMP_0510,0.581462587688
GROUP_0079,2026-07,59.3254128388,watch,stable,-0.755418380261,0.0061020714688,60.9164237348,51.5103831225,70.3224643471,0.874293931227,15,52.1762729424,COMP_0342,44.4957937303,COMP_0510,0.607512580309
GROUP_0079,2026-08,59.3728039212,watch,stable,0.0473910824116,-0.66654744561,59.3831774427,49.9771368305,68.789218055,0.874293931227,15,50.5642617749,COMP_0342,46.4236005438,COMP_0510,0.584348155645
GROUP_0080,2025-11,73.255551368,healthy,warmup,,,73.255551368,63.8495107557,82.6615919803,0.323111111111,1,0,COMP_0977,73.255551368,COMP_0977,
GROUP_0080,2025-12,72.3153290217,healthy,warmup,-0.94022234629,,72.3153290217,62.9092884095,81.721369634,0.323111111111,1,0,COMP_0977,72.3153290217,COMP_0977,
GROUP_0080,2026-01,69.9536791011,healthy,warmup,-2.36164992068,,61.5339048203,52.127864208,70.9399454326,0.323111111111,1,0,COMP_0977,69.9536791011,COMP_0977,
GROUP_0080,2026-02,73.7941197449,healthy,stable,3.84044064387,0.538568376896,71.8543358823,62.44829527,81.2603764945,0.323111111111,1,0,COMP_0977,73.7941197449,COMP_0977,
GROUP_0080,2026-03,74.1285113463,healthy,stable,0.334391601351,1.81318232454,75.5377219159,66.1316813036,84.9437625281,0.323111111111,1,0,COMP_0977,74.1285113463,COMP_0977,
GROUP_0080,2026-04,73.9110909579,healthy,stable,-0.217420388387,3.95741185683,75.0241149302,65.6180743179,84.4301555424,0.565444444444,1,0,COMP_0977,73.9110909579,COMP_0977,
GROUP_0080,2026-05,72.8185364411,healthy,stable,-1.09255451681,-0.975583303846,74.523933608,65.1178929957,83.9299742203,0.565444444444,1,0,COMP_0977,72.8185364411,COMP_0977,
GROUP_0080,2026-06,60.961724378,healthy,stable,-11.8568120631,-13.1667869683,59.3032327614,49.8971921492,68.7092733737,0.565444444444,1,0,COMP_0977,60.961724378,COMP_0977,
GROUP_0080,2026-07,72.1035235709,healthy,stable,11.1417991929,-1.80756738702,69.5216641572,60.1156235449,78.9277047695,0.565444444444,1,0,COMP_0977,72.1035235709,COMP_0977,
GROUP_0080,2026-08,72.5251703746,healthy,stable,0.421646803686,-0.293366066525,70.7018875555,61.2958469432,80.1079281678,0.565444444444,1,0,COMP_0977,72.5251703746,COMP_0977,
GROUP_0081,2025-01,70.497659318,healthy,warmup,,,70.497659318,61.0916187057,79.9036999303,0.386424316618,8,48.7588879813,COMP_0228,37.0320431074,COMP_0651,0.449194120563
GROUP_0081,2025-02,70.2593512306,healthy,warmup,-0.238308087432,,70.2593512306,60.8533106183,79.6653918429,0.386424316618,8,48.3292490134,COMP_0228,35.1517921593,COMP_0651,0.468334967296
GROUP_0081,2025-03,69.6522364698,healthy,warmup,-0.60711476079,,67.4964082068,58.0903675945,76.9024488191,0.386424316618,8,43.350136644,COMP_0228,39.9318172159,COMP_0651,0.421072025589
GROUP_0081,2025-04,68.7752857978,healthy,stable,-0.876950671973,-1.7223735202,65.7631256656,56.3570850534,75.1691662779,0.386225253661,9,42.3563718965,COMP_0228,40.1417063775,COMP_0651,0.419665701568
GROUP_0081,2025-05,69.8847627927,healthy,stable,1.10947699491,-0.374588437858,68.1991630383,58.793122426,77.6052036506,0.386225253661,9,42.2279610487,COMP_0228,40.8784911876,COMP_0651,0.421470241358
GROUP_0081,2025-06,68.1757335918,healthy,stable,-1.70902920096,-1.47650287803,65.807369351,56.4013287387,75.2134099633,0.66706322462,9,39.9033073104,COMP_0228,40.9356467717,COMP_0651,0.421715730528
GROUP_0081,2025-07,67.4480978805,healthy,stable,-0.727635711295,-1.32718791735,64.6378211791,55.2317805668,74.0438617914,0.66706322462,9,37.0110197306,COMP_0228,43.299062934,COMP_0651,0.401680233757
GROUP_0081,2025-08,68.2286534162,healthy,stable,0.780555535699,-1.65610937656,65.9724339567,56.5663933444,75.378474569,0.666217731376,10,36.0848056916,COMP_0228,45.4744244739,COMP_0897,0.409074418152
GROUP_0081,2025-09,64.7574386291,healthy,stable,-3.4712147871,-3.4182949627,61.0464965015,51.6404558892,70.4525371138,0.581504991332,11,38.5552212198,COMP_0228,41.1670122558,COMP_0897,0.437687453529
GROUP_0081,2025-10,61.7387855221,healthy,stable,-3.01865310699,-5.7093123584,54.877604431,45.4715638187,64.2836450433,0.581504991332,11,43.3253139847,COMP_0228,37.6473473183,COMP_0897,0.457534117356
GROUP_0081,2025-11,61.7120698893,healthy,deteriorating,-0.0267156327323,-6.51658352683,54.3986342007,44.9925935884,63.8046748129,0.581504991332,11,45.3607301903,COMP_1072,40.9176039512,COMP_0897,0.443578206072
GROUP_0081,2025-12,63.6102387958,healthy,deteriorating,1.89816890648,-1.14719983325,56.7490577047,47.3430170925,66.155098317,0.717401486605,11,38.7026687953,COMP_1072,41.7321233873,COMP_0897,0.434262259868
GROUP_0081,2026-01,64.3880122822,healthy,stable,0.777773486417,2.64922676016,62.4377725657,53.0317319534,71.843813178,0.715778209297,12,43.9637970989,COMP_1072,42.1063603894,COMP_0897,0.434820979211
GROUP_0081,2026-02,65.1277476809,healthy,stable,0.739735398691,3.41567779159,68.997395338,59.5913547257,78.4034359502,0.783329133156,12,48.9923385231,COMP_1072,39.7987796647,COMP_0897,0.452582999063
GROUP_0081,2026-03,65.8704066661,healthy,stable,0.742658985154,2.26016787026,70.084660233,60.6786196207,79.4907008453,0.78758115891,12,53.2885104249,COMP_1072,41.9934870003,COMP_0897,0.43236491594
GROUP_0081,2026-04,65.6738713911,healthy,stable,-0.196535274958,1.28585910889,69.5161567706,60.1101161583,78.9221973829,0.78758115891,12,52.8998885369,COMP_1072,44.1395279502,COMP_0897,0.409873351374
GROUP_0081,2026-05,65.2249560766,healthy,stable,-0.448915314526,0.0972083956699,67.4109165617,58.0048759494,76.816957174,0.78758115891,12,55.488332714,COMP_1072,41.9090845079,COMP_0897,0.429883920822
GROUP_0081,2026-06,64.0233605873,healthy,stable,-1.20159548931,-1.8470460788,63.6514158584,54.2453752462,73.0574564707,0.85642968703,12,54.1675420085,COMP_1072,42.4779372218,COMP_0897,0.416584410268
GROUP_0081,2026-07,64.1518778077,healthy,stable,0.1285172204,-1.52199358344,62.5059788045,53.0999381922,71.9120194168,0.856625109001,12,52.9834573193,COMP_0932,43.827707356,COMP_0897,0.401950148703
GROUP_0081,2026-08,64.7625736236,healthy,stable,0.610695815888,-0.462382453024,63.1166746204,53.7106340081,72.5227152327,0.90165905824,12,58.1614391371,COMP_0932,38.6777714773,COMP_0897,0.3994579768
GROUP_0082,2024-09,71.5125826645,healthy,warmup,,,71.5125826645,62.1065420522,80.9186232768,0.370564831855,2,1.4504864102,COMP_0950,70.4684038537,COMP_0770,0.0505172063418
GROUP_0082,2024-10,76.3782662828,healthy,warmup,4.86568361824,,76.3782662828,66.9722256705,85.7843068951,0.370564831855,2,7.26697198305,COMP_0950,71.1469051957,COMP_0770,0.0451832290625
GROUP_0082,2024-11,75.6917575233,healthy,warmup,-0.686508759484,,86.3486534131,76.9426128008,95.7546940254,0.370564831855,2,7.41256080795,COMP_0950,70.3555896865,COMP_0770,0.0437887936313
GROUP_0082,2024-12,76.120215671,healthy,stable,0.428458147718,4.60763300648,81.1292720032,71.7232313909,90.5353126155,0.370564831855,2,10.4928755901,COMP_0950,68.566585193,COMP_0770,0.0580402440022
GROUP_0082,2025-01,55.5093757228,watch,stable,-20.6108399482,-20.8688905599,53.4297638562,44.0237232439,62.8358044684,0.334602980829,3,22.9608994784,COMP_0620,50.1741160126,COMP_0770,0.0460279048645
GROUP_0082,2025-02,51.84528021,watch,stable,-3.66409551284,-23.8464773133,31.7846317064,22.3785910941,41.1906723187,0.401907757511,3,31.7892625248,COMP_0620,44.6970240986,COMP_0770,0.0544959651861
GROUP_0082,2025-03,51.8685630781,watch,stable,0.0232828680974,-24.2516525929,21.4939901605,12.0879495482,30.9000307728,0.401907757511,3,36.3956452128,COMP_0620,43.958253798,COMP_0770,0.0666651712297
GROUP_0082,2025-04,55.7644944784,watch,stable,3.89593140027,0.25511875553,35.4386861726,26.0326455603,44.8447267848,0.401907757511,3,26.3620772866,COMP_0620,49.919299781,COMP_0770,0.0547701135322
GROUP_0082,2025-05,53.1430393149,watch,stable,-2.62145516343,1.29775910494,43.8589670708,34.4529264586,53.2650076831,0.401907757511,3,33.8659488089,COMP_0620,45.5033855337,COMP_0770,0.042259399016
GROUP_0082,2025-06,49.6582762423,watch,stable,-3.48476307259,-2.21028683575,46.6411973223,37.23515671,56.0472379346,0.585555216451,3,39.8590869631,COMP_0620,40.793293584,COMP_0770,0.0598047909685
GROUP_0082,2025-07,50.1311064796,watch,stable,0.472830237233,-5.63338799879,47.9158493165,38.5098087042,57.3218899288,0.585555216451,3,36.4658112382,COMP_0620,41.9177566494,COMP_0770,0.0506481934878
GROUP_0082,2025-08,50.9833232026,watch,stable,0.852216722984,-2.15971611237,47.3118058115,37.9057651992,56.7178464238,0.630425067572,3,36.8656381377,COMP_0620,42.777073338,COMP_0770,0.052233302551
GROUP_0082,2025-09,52.7788661224,watch,stable,1.7955429198,3.12058988002,49.7335251992,40.327484587,59.1395658115,0.630425067572,3,28.6415641072,COMP_0620,46.5186353943,COMP_0770,0.0815520889375
GROUP_0082,2025-10,52.1804303676,watch,stable,-0.5984357548,2.04932388799,55.2330536383,45.827013026,64.6390942506,0.630425067572,3,31.6421336164,COMP_0620,45.6336276972,COMP_0770,0.0664017568928
GROUP_0082,2025-11,50.3369569595,watch,stable,-1.84347340808,-0.646366243077,53.3895802302,43.983539618,62.7956208425,0.630425067572,3,32.4616958317,COMP_0620,43.3145158842,COMP_0770,0.0812390254545
GROUP_0082,2025-12,50.0290152487,watch,stable,-0.307941710776,-2.74985087365,48.9301926355,39.5241520232,58.3362332478,0.752856706866,3,32.1304586278,COMP_0620,42.9458982222,COMP_0770,0.0852263376529
GROUP_0082,2026-01,50.6749883999,watch,stable,0.645973151197,-1.50544196766,49.104485675,39.6984450627,58.5105262872,0.752856706866,3,33.7978451331,COMP_0620,43.678652936,COMP_0770,0.128106581364
GROUP_0082,2026-02,48.110693908,watch,stable,-2.56429449187,-2.22626305145,43.4359474228,34.0299068105,52.8419880351,0.775291632427,3,34.6641283918,COMP_0620,40.9786506144,COMP_0770,0.145871088927
GROUP_0082,2026-03,48.8882417262,watch,stable,0.777547818132,-1.14077352254,45.5302093119,36.1241686997,54.9362499242,0.775291632427,3,36.1533642762,COMP_0620,41.8389156868,COMP_0770,0.165534279239
GROUP_0082,2026-04,40.7105893275,watch,stable,-8.17765239869,-9.96439907243,36.1543853094,26.7483446972,45.5604259217,0.775291632427,3,48.7640576651,COMP_0620,30.7619576343,COMP_0770,0.164442010516
GROUP_0082,2026-05,50.9794544853,watch,stable,10.2688651578,2.86876057727,49.040139497,39.6340988847,58.4461801093,0.775291632427,3,32.9642553997,COMP_0620,44.4392714404,COMP_0770,0.148645017372
GROUP_0082,2026-06,50.6801044111,watch,stable,-0.299350074174,1.79186268496,51.06829867,41.6622580577,60.4743392823,0.836507452073,3,35.1145408716,COMP_0620,43.8443163397,COMP_0770,0.16079188508
GROUP_0082,2026-07,48.3774444112,watch,stable,-2.30265999998,7.66685508367,51.4236109756,42.0175703633,60.8296515879,0.836507452073,3,22.5912237994,COMP_0620,43.7204628579,COMP_0770,0.152012709788
GROUP_0082,2026-08,46.1652367744,watch,stable,-2.21220763679,-4.81421771095,44.6385513961,35.2325107838,54.0445920084,0.836507452073,3,16.9311753869,COMP_0620,42.9043063024,COMP_0770,0.194542490223
GROUP_0083,2025-05,64.6267765083,healthy,warmup,,,64.6267765083,55.220735896,74.0328171206,0.295111111111,1,0,COMP_0606,64.6267765083,COMP_0606,
GROUP_0083,2025-06,62.2960483103,healthy,warmup,-2.33072819797,,62.2960483103,52.890007698,71.7020889226,0.295111111111,1,0,COMP_0606,62.2960483103,COMP_0606,
GROUP_0083,2025-07,62.9091104469,healthy,warmup,0.613062136573,,58.5290619903,49.123021378,67.9351026026,0.295111111111,1,0,COMP_0606,62.9091104469,COMP_0606,
GROUP_0083,2025-08,61.9367735673,healthy,stable,-0.972336879549,-2.69000294095,57.4602468392,48.054206227,66.8662874515,0.295111111111,1,0,COMP_0606,61.9367735673,COMP_0606,
GROUP_0083,2025-09,64.3581439281,healthy,stable,2.42137036072,2.06209561774,63.7288153609,54.3227747486,73.1348559732,0.295111111111,1,0,COMP_0606,64.3581439281,COMP_0606,
GROUP_0083,2025-10,62.6874297123,healthy,stable,-1.67071421574,-0.221680734573,62.3105724635,52.9045318513,71.7166130758,0.516444444444,1,0,COMP_0606,62.6874297123,COMP_0606,
GROUP_0083,2025-11,64.0988299693,healthy,stable,1.411400257,2.16205640198,65.9376672615,56.5316266492,75.3437078738,0.516444444444,1,0,COMP_0606,64.0988299693,COMP_0606,
GROUP_0083,2025-12,68.2352394356,healthy,stable,4.13640946633,3.87709550759,71.9302748126,62.5242342003,81.3363154249,0.516444444444,1,0,COMP_0606,68.2352394356,COMP_0606,
GROUP_0083,2026-01,63.3922515429,healthy,stable,-4.84298789272,0.704821830612,65.3064247126,55.9003841003,74.7124653249,0.516444444444,1,0,COMP_0606,63.3922515429,COMP_0606,
GROUP_0083,2026-02,63.8412795369,healthy,stable,0.449027994022,-0.257550432367,63.4034438019,53.9974031896,72.8094844142,0.516444444444,1,0,COMP_0606,63.8412795369,COMP_0606,
GROUP_0083,2026-03,66.7755178605,healthy,stable,2.93423832351,-1.45972157519,69.06556063,59.6595200177,78.4716012423,0.516444444444,1,0,COMP_0606,66.7755178605,COMP_0606,
GROUP_0083,2026-04,66.8336478647,healthy,stable,0.0581300042705,3.4413963218,69.1236906342,59.717650022,78.5297312465,0.664,1,0,COMP_0606,66.8336478647,COMP_0606,
GROUP_0083,2026-05,68.8660267623,healthy,stable,2.03237889762,5.0247472254,74.1968244622,64.7907838499,83.6028650744,0.664,1,0,COMP_0606,68.8660267623,COMP_0606,
GROUP_0083,2026-06,69.3325374019,healthy,stable,0.466510639538,2.55701954143,75.7047057216,66.2986651093,85.1107463339,0.664,1,0,COMP_0606,69.3325374019,COMP_0606,
GROUP_0083,2026-07,68.3532868621,healthy,stable,-0.979250539765,1.51963899739,72.9555343338,63.5494937215,82.3615749461,0.664,1,0,COMP_0606,68.3532868621,COMP_0606,
GROUP_0083,2026-08,63.4931733628,healthy,stable,-4.86011349929,-5.37285339951,63.7896363846,54.3835957723,73.1956769969,0.664,1,0,COMP_0606,63.4931733628,COMP_0606,
GROUP_0084,2024-09,51.6707001553,watch,warmup,,,51.6707001553,42.264659543,61.0767407675,0.32,2,33.5182630139,COMP_0695,36.3066701309,COMP_0931,0.345561333519
GROUP_0084,2024-10,53.3112929313,watch,warmup,1.64059277605,,53.3112929313,43.905252319,62.7173335436,0.32,2,37.5644132741,COMP_0695,36.0925971668,COMP_0931,0.338997766728
GROUP_0084,2024-11,53.3771609209,watch,warmup,0.0658679896441,,57.7286358735,48.3225952612,67.1346764857,0.32,2,28.788651885,COMP_0695,40.1810799743,COMP_0931,0.31898276852
GROUP_0084,2024-12,51.1887259895,watch,stable,-2.18843493148,-0.481974165793,50.9470113221,41.5409707098,60.3530519344,0.32,2,30.5004095999,COMP_0695,37.2080131866,COMP_0931,0.341110563815
GROUP_0084,2025-01,52.8225331674,watch,stable,1.63380717796,-0.488759763879,52.5808185001,43.1747778878,61.9868591124,0.32,2,31.0543064631,COMP_0695,38.5879262999,COMP_0931,0.337320673475
GROUP_0084,2025-02,57.5464566254,watch,stable,4.72392345796,4.16929570444,61.8979315779,52.4918909656,71.3039721902,0.478193650292,3,37.6988956743,COMP_0695,34.3083617594,COMP_1206,0.360588643308
GROUP_0084,2025-03,58.8217937792,watch,stable,1.27533715379,7.63306778971,65.3260132635,55.9199726512,74.7320538758,0.478193650292,3,38.0531523443,COMP_0695,35.3716402915,COMP_1206,0.360758296525
GROUP_0084,2025-04,57.9621925817,watch,stable,-0.859601197477,5.13965941427,65.0499952792,55.643954667,74.4560358915,0.478193650292,3,39.8079059261,COMP_0695,33.8233792187,COMP_1206,0.372068074148
GROUP_0084,2025-05,60.6250745123,healthy,stable,2.66288193062,3.07861788693,69.3624955166,59.9564549043,78.7685361289,0.478193650292,3,34.9850327336,COMP_0695,38.7751696197,COMP_1206,0.337405884147
GROUP_0084,2025-06,60.5292376937,healthy,improving,-0.0958368186142,1.70744391453,67.033457178,57.6274165657,76.4394977903,0.478193650292,3,32.882909716,COMP_0695,40.0538447608,COMP_1206,0.333499911258
GROUP_0084,2025-07,57.6681219813,watch,improving,-2.86111571241,-0.294070600406,58.7282486699,49.3222080576,68.1342892822,0.56,3,37.9100445962,COMP_0695,34.5957018089,COMP_1206,0.369265001091
GROUP_0084,2025-08,58.5053810385,watch,stable,0.837259057252,-2.11969347377,58.0166132636,48.6105726513,67.4226538759,0.665462433528,3,31.0292764613,COMP_0695,38.654390868,COMP_1206,0.335332137706
GROUP_0084,2025-09,59.9400945723,watch,stable,1.4347135338,-0.589143121356,59.4513267974,50.0452861851,68.8573674097,0.665462433528,3,36.0939128889,COMP_0695,38.5006200548,COMP_0931,0.336216739013
GROUP_0084,2025-10,57.2647564345,watch,stable,-2.67533813783,-0.403365546777,54.1011636942,44.695123082,63.5072043065,0.665462433528,3,36.7380540667,COMP_0695,33.8147018696,COMP_0931,0.365389646725
GROUP_0084,2025-11,56.0974922545,watch,stable,-1.16726417999,-2.40788878402,52.0040813217,42.5980407094,61.410121934,0.665462433528,3,29.2488561428,COMP_0695,37.3503015568,COMP_1206,0.336389407945
GROUP_0084,2025-12,52.9866770786,watch,stable,-3.11081517588,-6.9534174937,48.211603278,38.8055626657,57.6176438902,0.642590333542,4,37.1591876379,COMP_0695,32.4599026144,COMP_1218,0.364304159027
GROUP_0084,2026-01,57.6674774224,watch,stable,4.68080034375,0.40272098788,53.5740664896,44.1680258773,62.9801071019,0.693517120513,4,34.8749292621,COMP_0695,34.9130253158,COMP_0931,0.344469946335
GROUP_0084,2026-02,59.0702065119,watch,stable,1.40272908955,2.97271425742,58.1829206903,48.7768800781,67.5889613026,0.74275715113,4,31.8639534437,COMP_0695,38.5110384917,COMP_0931,0.321976645104
GROUP_0084,2026-03,58.3898705852,watch,stable,-0.680335926772,5.40319350653,60.6918194339,51.2857788216,70.0978600462,0.74275715113,4,31.8348398653,COMP_0695,39.3698099731,COMP_0931,0.327957300305
GROUP_0084,2026-04,58.3008636529,watch,stable,-0.0890069322995,0.633386230481,61.2236460244,51.8176054122,70.6296866367,0.74275715113,4,35.3972416321,COMP_0695,37.252270723,COMP_0931,0.341792786135
GROUP_0084,2026-05,57.6722648302,watch,stable,-0.62859882263,-1.3979416817,58.7490214221,49.3429808098,68.1550620343,0.758646878822,4,35.3604827332,COMP_0695,35.9010988078,COMP_0931,0.338636504352
GROUP_0084,2026-06,58.9195466742,watch,stable,1.24728184395,0.529676089024,58.9256506192,49.5196100069,68.3316912315,0.758646878822,4,28.7131525228,COMP_0695,40.1850196476,COMP_1206,0.314261034303
GROUP_0084,2026-07,58.2485998835,watch,stable,-0.670946790655,-0.0522637693315,57.7946645288,48.3886239165,67.2007051411,0.784110272308,4,26.3781991672,COMP_0695,42.7738776729,COMP_0931,0.314906847575
GROUP_0084,2026-08,55.4720148664,watch,stable,-2.77658501715,-2.20024996385,53.6421201913,44.236079579,63.0481608036,0.784110272308,4,34.3198956444,COMP_0695,38.1377386871,COMP_1218,0.337768952453
GROUP_0085,2024-09,29.9856079146,stress,warmup,,,29.9856079146,20.5795673023,39.3916485269,0.183111111111,1,0,COMP_1128,29.9856079146,COMP_1128,
GROUP_0085,2024-10,31.6680237635,stress,warmup,1.68241584886,,31.6680237635,22.2619831512,41.0740643758,0.183111111111,1,0,COMP_1128,31.6680237635,COMP_1128,
GROUP_0085,2024-11,34.0866623408,stress,warmup,2.4186385773,,44.5443511275,35.1383105152,53.9503917398,0.183111111111,1,0,COMP_1128,34.0866623408,COMP_1128,
GROUP_0085,2024-12,30.7289063681,stress,stable,-3.35775597271,0.743298453456,35.6508704681,26.2448298558,45.0569110804,0.183111111111,1,0,COMP_1128,30.7289063681,COMP_1128,
GROUP_0085,2025-01,38.4176379728,stress,stable,7.68873160472,6.74961420931,49.0219015282,39.615860916,58.4279421405,0.183111111111,1,0,COMP_1128,38.4176379728,COMP_1128,
GROUP_0085,2025-02,35.6725425113,stress,stable,-2.74509546147,1.58588017054,44.2528633405,34.8468227282,53.6589039528,0.320444444444,1,0,COMP_1128,35.6725425113,COMP_1128,
GROUP_0085,2025-03,30.5107033792,stress,stable,-5.16183913217,-0.218202988916,30.139758298,20.7337176857,39.5457989103,0.320444444444,1,0,COMP_1128,30.5107033792,COMP_1128,
GROUP_0085,2025-04,35.2013651871,stress,stable,4.69066180796,-3.21627278568,34.830420106,25.4243794937,44.2364607182,0.320444444444,1,0,COMP_1128,35.2013651871,COMP_1128,
GROUP_0085,2025-05,36.7216499049,stress,stable,1.52028471782,1.04910739361,38.5051324741,29.0990918618,47.9111730864,0.320444444444,1,0,COMP_1128,36.7216499049,COMP_1128,
GROUP_0085,2025-06,37.9038788714,stress,stable,1.18222896648,7.39317549226,39.6873614406,30.2813208283,49.0934020528,0.320444444444,1,0,COMP_1128,37.9038788714,COMP_1128,
GROUP_0085,2025-07,32.4904427538,stress,stable,-5.41343611762,-2.71092243331,35.0146104565,25.6085698442,44.4206510688,0.320444444444,1,0,COMP_1128,32.4904427538,COMP_1128,
GROUP_0085,2025-08,32.8202188765,stress,stable,0.329776122733,-3.9014310284,35.1759246839,25.7698840716,44.5819652961,0.412,1,0,COMP_1128,32.8202188765,COMP_1128,
GROUP_0085,2025-09,35.1749601998,stress,stable,2.35474132326,-2.72891867162,33.2029308257,23.7968902135,42.608971438,0.412,1,0,COMP_1128,35.1749601998,COMP_1128,
GROUP_0085,2025-10,38.2259139311,stress,stable,3.05095373133,5.73547117733,39.7602632378,30.3542226256,49.1663038501,0.412,1,0,COMP_1128,38.2259139311,COMP_1128,
GROUP_0085,2025-11,33.6689151374,stress,stable,-4.55699879372,0.848696260878,35.1116987809,25.7056581686,44.5177393932,0.412,1,0,COMP_1128,33.6689151374,COMP_1128,
GROUP_0085,2025-12,32.0131905664,stress,stable,-1.65572457105,-3.16176963344,33.4559742099,24.0499335976,42.8620148221,0.412,1,0,COMP_1128,32.0131905664,COMP_1128,
GROUP_0085,2026-01,36.0145349252,stress,stable,4.00134435881,-2.21137900596,37.0849927,27.6789520877,46.4910333123,0.412,1,0,COMP_1128,36.0145349252,COMP_1128,
GROUP_0085,2026-02,33.6983015722,stress,stable,-2.31623335298,0.0293864347864,29.9389572621,20.5329166498,39.3449978744,0.457777777778,1,0,COMP_1128,33.6983015722,COMP_1128,
GROUP_0085,2026-03,33.4460880758,stress,stable,-0.25221349635,1.43289750949,29.6867437657,20.2807031534,39.092784378,0.457777777778,1,0,COMP_1128,33.4460880758,COMP_1128,
GROUP_0085,2026-04,34.3971326499,stress,stable,0.951044574041,-1.61740227528,35.1399145126,25.7338739003,44.5459551249,0.457777777778,1,0,COMP_1128,34.3971326499,COMP_1128,
GROUP_0085,2026-05,33.0637339649,stress,stable,-1.33339868503,-0.634567607341,32.0887309818,22.6826903695,41.4947715941,0.457777777778,1,0,COMP_1128,33.0637339649,COMP_1128,
GROUP_0085,2026-06,34.0209370576,stress,stable,0.957203092735,0.574848981744,32.9421721251,23.5361315128,42.3482127374,0.457777777778,1,0,COMP_1128,34.0209370576,COMP_1128,
GROUP_0085,2026-07,31.1677856605,stress,stable,-2.85315139709,-3.22934698939,30.089020728,20.6829801157,39.4950613403,0.457777777778,1,0,COMP_1128,31.1677856605,COMP_1128,
GROUP_0085,2026-08,33.7261472369,stress,stable,2.55836157644,0.662413272082,32.8706408354,23.4646002231,42.2766814477,0.457777777778,1,0,COMP_1128,33.7261472369,COMP_1128,
GROUP_0086,2024-09,58.8941449489,watch,warmup,,,58.8941449489,49.4881043366,68.3001855612,0.194528747148,4,53.4821274764,COMP_0122,30.6003306357,COMP_0463,0.26169369416
GROUP_0086,2024-10,60.6316745719,healthy,warmup,1.73752962297,,60.6316745719,51.2256339596,70.0377151841,0.194528747148,4,52.9045328032,COMP_0122,32.4043935421,COMP_0463,0.262695651841
GROUP_0086,2024-11,58.753430576,watch,warmup,-1.87824399589,,58.394608925,48.9885683127,67.8006495373,0.194528747148,4,49.9075979424,COMP_0122,33.3950686581,COMP_0463,0.249322507448
GROUP_0086,2024-12,60.0360266622,healthy,stable,1.2825960862,1.14188171328,60.827215293,51.4211746807,70.2332559053,0.195113694789,5,50.4261606816,COMP_0122,34.0998504304,COMP_0463,0.253542168822
GROUP_0086,2025-01,61.416854923,healthy,stable,1.38082826084,0.785180351148,63.9956819878,54.5896413755,73.4017226001,0.195113694789,5,52.8271657119,COMP_0122,34.2281419495,COMP_0463,0.258947947012
GROUP_0086,2025-02,62.036908789,healthy,stable,0.620053866024,3.28347821306,65.242527906,55.8364872937,74.6485685183,0.322386276479,5,55.0948518035,COMP_0122,33.379803296,COMP_0463,0.243591093522
GROUP_0086,2025-03,59.812574873,watch,stable,-2.22433391599,-0.223451789123,61.1629838518,51.7569432395,70.5690244641,0.322386276479,5,53.7373280991,COMP_0122,30.0655470262,COMP_0463,0.261748043673
GROUP_0086,2025-04,61.4553801568,healthy,stable,1.64280528375,0.038525233784,64.2113687292,54.8053281169,73.6174093415,0.322386276479,5,52.814723458,COMP_0122,31.5339628593,COMP_0463,0.244211564135
GROUP_0086,2025-05,62.1063852583,healthy,stable,0.651005101508,0.0694764692681,63.9160609639,54.5100203517,73.3221015762,0.34144896588,5,49.1758091329,COMP_0122,34.6755047743,COMP_0463,0.275668986482
GROUP_0086,2025-06,60.9171848301,healthy,stable,-1.18920042819,1.10460995707,60.9826777275,51.5766371153,70.3887183398,0.34144896588,5,52.9500704276,COMP_0122,33.556915301,COMP_0463,0.259202396888
GROUP_0086,2025-07,59.7526457591,watch,stable,-1.16453907102,-1.7027343977,58.3249977115,48.9189570992,67.7310383237,0.34144896588,5,56.7573659015,COMP_0122,27.4041040924,COMP_0463,0.245909404314
GROUP_0086,2025-08,57.4780491397,watch,stable,-2.2745966194,-4.62833611861,54.5834006636,45.1773600513,63.9894412759,0.426297353674,5,59.5037796777,COMP_0122,25.588061565,COMP_0463,0.262090261622
GROUP_0086,2025-09,60.292547287,healthy,stable,2.81449814727,-0.62463754315,57.3978988109,47.9918581986,66.8039394231,0.426297353674,5,53.0054079491,COMP_0122,32.5546391844,COMP_0463,0.249084187395
GROUP_0086,2025-10,59.9435608227,watch,stable,-0.34898646423,0.190915063644,57.7374798984,48.3314392862,67.1435205107,0.426297353674,5,51.8493916075,COMP_0122,32.8641832904,COMP_0463,0.274622851999
GROUP_0086,2025-11,58.8828816403,watch,stable,-1.06067918247,1.40483250057,57.6415110308,48.2354704186,67.0475516431,0.439005813274,5,52.2820736298,COMP_0122,31.7165093276,COMP_0463,0.286929981083
GROUP_0086,2025-12,59.4587312468,watch,stable,0.575849606548,-0.833816040155,59.1589384443,49.752897832,68.5649790566,0.439005813274,5,55.151264718,COMP_0122,30.4409815094,COMP_0463,0.282901880019
GROUP_0086,2026-01,59.8495266335,watch,stable,0.390795386695,-0.094034189229,61.8425831056,52.4365424934,71.2486237179,0.439005813274,5,57.3953570987,COMP_0122,29.1366619231,COMP_0463,0.279027631688
GROUP_0086,2026-02,62.0194572768,healthy,stable,2.16993064327,3.13657563651,63.7809054664,54.3748648541,73.1869460787,0.481430007171,5,58.560867468,COMP_0122,30.3155074655,COMP_0463,0.263988796567
GROUP_0086,2026-03,61.7061024746,healthy,stable,-0.313354802179,2.24737122778,64.3528704535,54.9468298412,73.7589110658,0.481430007171,5,58.0441897899,COMP_0122,29.941730465,COMP_0463,0.273468674977
GROUP_0086,2026-04,60.9946756268,healthy,stable,-0.711426847778,1.14514899331,63.4596203596,54.0535797473,72.8656609719,0.481430007171,5,51.5954190644,COMP_0122,34.4194707521,COMP_0463,0.283392957377
GROUP_0086,2026-05,59.1653960883,watch,stable,-1.82927953849,-2.85406118845,58.8661942267,49.4601536144,68.2722348389,0.487784236972,5,55.4671129474,COMP_0122,30.2655089947,COMP_0463,0.251199137952
GROUP_0086,2026-06,61.2657615665,healthy,stable,2.1003654782,-0.440340908072,60.3934951214,50.9874545091,69.7995357337,0.487784236972,5,51.9019650645,COMP_0122,33.7615971716,COMP_0463,0.251391995139
GROUP_0086,2026-07,61.1066890986,healthy,stable,-0.159072467882,0.112013471824,60.1756655569,50.7696249446,69.5817061692,0.487784236972,5,49.883859103,COMP_0122,34.2704769382,COMP_0463,0.255815768519
GROUP_0086,2026-08,61.3579612277,healthy,stable,0.25127212906,2.19256513938,61.5483841298,52.1423435175,70.9544247421,0.487784236972,5,50.7950362897,COMP_0122,34.3035123511,COMP_0463,0.274313914458
GROUP_0087,2025-08,58.7322811831,watch,warmup,,,58.7322811831,49.3262405708,68.1383217954,0.19865776416,7,34.7099372497,COMP_0217,42.4973440579,COMP_0012,0.29276725553
GROUP_0087,2025-09,61.7027173166,healthy,warmup,2.97043613349,,61.7027173166,52.2966767043,71.1087579289,0.198667403951,8,38.7177977221,COMP_0401,36.3347102269,COMP_0012,0.392876046672
GROUP_0087,2025-10,63.7276363858,healthy,warmup,2.02491906923,,76.4657921528,67.0597515405,85.8718327651,0.198849475948,9,41.462216514,COMP_0401,40.1418520385,COMP_1266,0.364482139267
GROUP_0087,2025-11,63.1308354248,healthy,stable,-0.596800961022,4.3985542417,72.0331501568,62.6271095445,81.4391907691,0.198849475948,9,40.9682123027,COMP_0401,39.1258769152,COMP_1266,0.37915545753
GROUP_0087,2025-12,62.9407762877,healthy,stable,-0.190059137074,1.23805897113,67.4445425049,58.0385018926,76.8505831172,0.198849475948,9,42.095557285,COMP_0401,40.781241201,COMP_1266,0.367600638721
GROUP_0087,2026-01,58.3294462778,watch,stable,-4.61133000996,-5.39819010806,57.9185546743,48.512514062,67.3245952866,0.343886872435,9,39.1147083286,COMP_0217,42.6198869512,COMP_1266,0.351071103906
GROUP_0087,2026-02,58.927391828,watch,stable,0.597945550207,-4.20344359683,55.8837069268,46.4776663145,65.2897475391,0.344943139124,9,42.8645478819,COMP_0217,37.7930466408,COMP_1266,0.363095318065
GROUP_0087,2026-03,61.165740077,healthy,stable,2.23834824899,-1.77503621077,58.1481785187,48.7421379064,67.554219131,0.347986582909,9,40.2076682493,COMP_0217,36.5245319977,COMP_1102,0.383332600943
GROUP_0087,2026-04,62.5777589545,healthy,stable,1.41201887749,4.24831267668,62.0136209547,52.6075803424,71.419661567,0.347986582909,9,45.3623450403,COMP_0217,35.0280755075,COMP_1102,0.351875521097
GROUP_0087,2026-05,62.8142386493,healthy,stable,0.236479694818,3.88684682129,67.0179100087,57.6118693964,76.4239506209,0.347986582909,9,51.5445189341,COMP_0217,32.2241624178,COMP_0299,0.316967541672
GROUP_0087,2026-06,63.6422401274,healthy,stable,0.828001478116,2.47650005042,69.3603504011,59.9543097888,78.7663910133,0.347986582909,9,57.3420357194,COMP_0217,32.5563234692,COMP_0299,0.340181696092
GROUP_0087,2026-07,63.5751554096,healthy,stable,-0.0670847177502,0.997396455184,67.7852054954,58.3791648831,77.1912461076,0.444678180567,9,60.9075112603,COMP_0217,30.8521271142,COMP_0299,0.349335930642
GROUP_0087,2026-08,62.3925291254,healthy,stable,-1.18262628421,-0.421709523846,64.0881030992,54.682062487,73.4941437115,0.44538235836,9,54.1351782659,COMP_0217,35.9508676948,COMP_0299,0.313070215763
GROUP_0088,2025-01,65.745498513,healthy,warmup,,,65.745498513,56.3394579007,75.1515391253,0.394204591828,5,44.0535838745,COMP_0330,46.7636620639,COMP_0915,0.297742137318
GROUP_0088,2025-02,64.425941579,healthy,warmup,-1.31955693395,,64.425941579,55.0199009667,73.8319821913,0.394204591828,5,38.1138729791,COMP_0330,49.1912409285,COMP_0915,0.277896275731
GROUP_0088,2025-03,64.8741512043,healthy,warmup,0.448209625266,,62.6522155671,53.2461749549,72.0582561794,0.394204591828,5,39.5282242112,COMP_0330,50.5289194283,COMP_0915,0.262404287006
GROUP_0088,2025-04,65.655716103,healthy,stable,0.78156489872,-0.0897824099637,66.722335599,57.3162949867,76.1283762113,0.394204591828,5,42.8523987916,COMP_0330,49.7185064894,COMP_0915,0.27603502665
GROUP_0088,2025-05,65.9224439947,healthy,stable,0.266727891707,1.49650241569,67.745534663,58.3394940507,77.1515752753,0.394204591828,5,44.148793417,COMP_0330,46.6887353888,COMP_0915,0.293216670227
GROUP_0088,2025-06,65.7696775485,healthy,stable,-0.152766446214,0.895526344212,67.1299897962,57.7239491839,76.5360304085,0.689858035698,5,42.8222852925,COMP_0330,50.2075918659,COMP_0915,0.270922316108
GROUP_0088,2025-07,63.4212503315,healthy,stable,-2.34842721704,-2.23446577155,64.7815625792,55.3755219669,74.1876031915,0.689858035698,5,40.4661808321,COMP_0330,50.1629229894,COMP_0915,0.271526602496
GROUP_0088,2025-08,65.3105569097,healthy,stable,1.8893065782,-0.61188708506,64.8704789381,55.4644383258,74.2765195504,0.689858035698,5,37.2026494409,COMP_0330,51.6549598879,COMP_0915,0.25507628154
GROUP_0088,2025-09,63.6640743353,healthy,stable,-1.64648257434,-2.10560321318,62.4933167063,53.087276094,71.8993573185,0.689858035698,5,41.1888404579,COMP_0330,47.6241033875,COMP_0915,0.278256004398
GROUP_0088,2025-10,66.3814758883,healthy,stable,2.71740155303,2.96022555689,65.6023670127,56.1963264004,75.0084076249,0.689858035698,5,43.135711489,COMP_0330,49.3485086909,COMP_0915,0.27525904581
GROUP_0088,2025-11,59.0138813277,watch,stable,-7.36759456061,-6.29667558192,55.4343558653,46.028315253,64.8403964776,0.689858035698,5,44.1167289523,COMP_0074,47.9013685808,COMP_0915,0.319316071724
GROUP_0088,2025-12,53.3315674962,watch,stable,-5.6823138315,-10.3325068391,43.0400910043,33.634050392,52.4461316166,0.886960331612,5,46.1048879863,COMP_0074,41.6897342079,COMP_0915,0.352726331224
GROUP_0088,2026-01,57.461456581,watch,stable,4.12988908474,-8.92001930737,46.7571080917,37.3510674794,56.163148704,0.886960331612,5,47.7868282626,COMP_0330,42.6614238728,COMP_0915,0.308660515859
GROUP_0088,2026-02,57.9632345618,watch,deteriorating,0.501777980776,-1.05064676598,50.054896925,40.6488563127,59.4609375373,0.886960331612,5,57.0014510736,COMP_0330,33.6021069571,COMP_0915,0.359857858852
GROUP_0088,2026-03,54.5168037334,watch,deteriorating,-3.44643082831,1.1852362372,47.0079389722,37.6018983599,56.4139795845,0.886960331612,5,59.7650314862,COMP_0330,33.8534155242,COMP_0915,0.357600120586
GROUP_0088,2026-04,56.3573273872,watch,stable,1.84052365374,-1.1041291938,54.4803077577,45.0742671454,63.88634837,0.886960331612,5,55.8750781554,COMP_0330,34.9948621571,COMP_0915,0.363013672204
GROUP_0088,2026-05,56.0445923846,watch,stable,-0.312735002622,-1.9186421772,58.0594939878,48.6534533755,67.4655346001,0.886960331612,5,52.0391069496,COMP_0330,36.8963601689,COMP_0915,0.34943757863
GROUP_0088,2026-06,59.2571999708,watch,stable,3.21260758627,4.74039623738,60.9070058674,51.5009652551,70.3130464797,0.985511479569,5,52.4457687073,COMP_0330,35.77145936,COMP_0915,0.347024248202
GROUP_0088,2026-07,58.8135143754,watch,stable,-0.443685595436,2.45618698821,62.7093754357,53.3033348234,72.115416048,0.985511479569,5,55.9680710114,COMP_0330,34.1380481757,COMP_0915,0.348098782063
GROUP_0088,2026-08,59.0334108575,watch,stable,0.219896482063,2.98881847289,63.6403501239,54.2343095117,73.0463907362,0.985511479569,5,58.8285964821,COMP_0330,36.5322843559,COMP_0915,0.345638900561
GROUP_0089,2025-11,38.2313179828,stress,warmup,,,38.2313179828,28.8252773705,47.6373585951,0.312,1,0,COMP_0680,38.2313179828,COMP_0680,0.287142864521
GROUP_0089,2025-12,40.7785065396,watch,warmup,2.5471885568,,40.7785065396,31.3724659273,50.1845471519,0.312,1,0,COMP_0680,40.7785065396,COMP_0680,0.266529009531
GROUP_0089,2026-01,88.0957534207,solid,warmup,47.3172468811,,100,100,100,0.304020205384,2,50.0516895951,COMP_0680,38.1704780245,COMP_0283,0.292856818681
GROUP_0089,2026-02,91.6739027589,solid,stable,3.57814933815,53.442584776,100,100,100,0.304020205384,2,51.432227623,COMP_0680,40.3715761223,COMP_0283,0.276667136312
GROUP_0089,2026-03,90.1467434441,solid,stable,-1.52715931476,49.3682369045,100,100,100,0.304020205384,2,53.5198830141,COMP_0680,36.7620341512,COMP_0283,0.307499126005
GROUP_0089,2026-04,92.5885720292,solid,stable,2.44182858513,4.49281860852,100,100,100,0.304611212856,2,54.69576529,COMP_0680,38.0309503545,COMP_0283,0.292813402703
GROUP_0089,2026-05,92.7018223767,solid,stable,0.113250347443,1.02791961781,100,90.9335733989,100,0.304611212856,2,57.6826143089,COMP_0680,35.1648954869,COMP_0283,0.311177940451
GROUP_0089,2026-06,92.0715426449,solid,stable,-0.630279731755,1.92479920082,95.3437012863,85.937660674,100,0.532035359421,2,56.0310065661,COMP_0680,36.182052077,COMP_0283,0.293248250837
GROUP_0089,2026-07,94.2633173916,solid,stable,2.19177474671,1.6747453624,96.9045203171,87.4984797048,100,0.532035359421,2,65.0559437686,COMP_0680,29.3716836609,COMP_0283,0.331941258717
GROUP_0089,2026-08,96.8624177163,solid,stable,2.59910032471,4.16059533966,100,92.9055303551,100,0.532035359421,2,72.0673310064,COMP_0680,24.977105219,COMP_0283,0.35797372354
GROUP_0090,2024-09,61.6141623068,healthy,warmup,,,61.6141623068,52.2081216945,71.0202029191,0.36108669498,5,31.5027577962,COMP_0852,38.7543498875,COMP_1249,0.373932298979
GROUP_0090,2024-10,60.8270786622,healthy,warmup,-0.78708364458,,60.8270786622,51.4210380499,70.2331192745,0.36108669498,5,27.3527259595,COMP_0852,41.7171917199,COMP_0169,0.353271408418
GROUP_0090,2024-11,59.190828527,watch,warmup,-1.63625013516,,53.0113273887,43.6052867764,62.417368001,0.36108669498,5,27.991141577,COMP_0852,40.1646789924,COMP_0169,0.36722541556
GROUP_0090,2024-12,62.2335003067,healthy,stable,3.04267177964,0.619337999894,60.7528743129,51.3468337006,70.1589149252,0.36108669498,5,31.1011953195,COMP_0852,38.6993839717,COMP_1249,0.379782827497
GROUP_0090,2025-01,59.836679609,watch,stable,-2.39682069764,-0.990399053163,57.861695194,48.4556545818,67.2677358063,0.36108669498,5,33.245472853,COMP_0852,37.7526946284,COMP_1249,0.394410162346
GROUP_0090,2025-02,60.1436505164,healthy,stable,0.306970907317,0.952821989318,58.6437284901,49.2376878778,68.0497691024,0.631901716215,5,35.2343441245,COMP_0852,35.4790993025,COMP_0169,0.400695909788
GROUP_0090,2025-03,60.8073724393,healthy,stable,0.663721922935,-1.42612786738,62.3729240666,52.9668834543,71.7789646789,0.631901716215,5,36.8353191612,COMP_0852,34.8599422996,COMP_1249,0.402059982746
GROUP_0090,2025-04,59.42274278,watch,stable,-1.38462965934,-0.413936829087,59.6592953179,50.2532547056,69.0653359302,0.631901716215,5,34.4414501379,COMP_0852,36.1276564934,COMP_0169,0.386073879979
GROUP_0090,2025-05,58.3653509134,watch,stable,-1.05739186658,-1.77829960298,55.3422415883,45.936200976,64.7482822006,0.631901716215,5,34.550336891,COMP_0852,34.7313289119,COMP_0169,0.390244739533
GROUP_0090,2025-06,58.8042885765,watch,stable,0.438937663143,-2.00308386278,57.0966021032,47.6905614909,66.5026427155,0.631901716215,5,35.9040189902,COMP_0852,33.1113219304,COMP_0169,0.405297402248
GROUP_0090,2025-07,62.794020506,healthy,stable,3.98973192949,3.37127772606,61.2169622872,51.810921675,70.6230028995,0.631901716215,5,34.3416088921,COMP_0852,37.7781520646,COMP_0169,0.380519859919
GROUP_0090,2025-08,62.2617520094,healthy,stable,-0.532268496589,3.89640109605,64.5003340915,55.0942934792,73.9063747037,0.812445063706,5,33.0673814579,COMP_0852,39.0647679767,COMP_0169,0.377033987516
GROUP_0090,2025-09,66.1912772979,healthy,stable,3.92952528844,7.38698872135,73.0951825061,63.6891418939,82.5012231184,0.812445063706,5,39.0454971575,COMP_1170,33.7305923111,COMP_0594,0.371803862319
GROUP_0090,2025-10,66.7362133832,healthy,stable,0.544936085335,3.94219287719,75.5527451371,66.1467045248,84.9587857494,0.812445063706,5,48.9517039848,COMP_1170,31.7010637898,COMP_1249,0.400017096505
GROUP_0090,2025-11,66.6664055348,healthy,stable,-0.0698078483858,4.40465352539,74.6857648323,65.27972422,84.0918054446,0.812445063706,5,49.6567238403,COMP_1170,33.9585967716,COMP_1249,0.395988327942
GROUP_0090,2025-12,65.3425291446,healthy,stable,-1.32387639022,-0.848748153267,68.1217031798,58.7156625675,77.5277437921,0.812445063706,5,55.6745244712,COMP_1170,29.4658149048,COMP_1249,0.389612509538
GROUP_0090,2026-01,65.6596307548,healthy,stable,0.317101610231,-1.07658262837,66.8712077591,57.4651671468,76.2772483713,0.812445063706,5,56.2775868367,COMP_1170,29.6178856802,COMP_1249,0.401436906884
GROUP_0090,2026-02,66.0524098183,healthy,stable,0.392779063419,-0.613995716567,65.3745604759,55.9685198636,74.7806010882,0.902716737451,5,59.6237168731,COMP_1170,25.2719368246,COMP_1249,0.40730937164
GROUP_0090,2026-03,66.3977265574,healthy,stable,0.345316739174,1.05519741282,66.0524699951,56.6464293828,75.4585106074,0.902716737451,5,63.1271961705,COMP_1170,23.8741307812,COMP_1249,0.394152544292
GROUP_0090,2026-04,66.0711042009,healthy,stable,-0.326622356493,0.4114734461,66.7706090593,57.364568447,76.1766496716,0.902716737451,5,57.0852232138,COMP_1170,28.0300607287,COMP_1249,0.398787387067
GROUP_0090,2026-05,67.9054013624,healthy,stable,1.8342971615,1.85299154419,69.7155970802,60.309556468,79.1216376925,0.902716737451,5,53.9791145209,COMP_1170,28.7285769286,COMP_1249,0.402785031764
GROUP_0090,2026-06,64.0457513996,healthy,stable,-3.8596499628,-2.35197515779,64.745256258,55.3392156457,74.1512968703,0.902716737451,5,59.2755312509,COMP_1170,25.6788214234,COMP_1249,0.392058977255
GROUP_0090,2026-07,63.672222918,healthy,stable,-0.373528481681,-2.39888128298,61.2444322797,51.8383916674,70.6504728919,0.902716737451,5,57.7336353348,COMP_1170,29.6695351558,COMP_1249,0.406860649283
GROUP_0090,2026-08,67.4902436573,healthy,stable,3.81802073929,-0.415157705186,65.8244696391,56.4184290269,75.2305102514,0.902716737451,5,59.4071870421,COMP_1170,26.5146019829,COMP_1249,0.367982055187
GROUP_0091,2024-10,69.1063249328,healthy,warmup,,,69.1063249328,59.7002843205,78.5123655451,0.223288888889,1,0,COMP_1263,69.1063249328,COMP_1263,
GROUP_0091,2024-11,71.6288195523,healthy,warmup,2.52249461949,,71.6288195523,62.22277894,81.0348601646,0.223288888889,1,0,COMP_1263,71.6288195523,COMP_1263,
GROUP_0091,2024-12,69.2817634795,healthy,warmup,-2.3470560728,,69.7291317735,60.3230911612,79.1351723858,0.223288888889,1,0,COMP_1263,69.2817634795,COMP_1263,
GROUP_0091,2025-01,67.438965159,healthy,stable,-1.84279832045,-1.66735977376,61.3225736342,51.9165330219,70.7286142465,0.223288888889,1,0,COMP_1263,67.438965159,COMP_1263,
GROUP_0091,2025-02,66.7988828792,healthy,stable,-0.640082279824,-4.82993667307,62.0010003003,52.594959688,71.4070409126,0.223288888889,1,0,COMP_1263,66.7988828792,COMP_1263,
GROUP_0091,2025-03,71.2770650974,healthy,stable,4.47818221816,1.99530161789,68.442553482,59.0365128697,77.8485940943,0.390755555556,1,0,COMP_1263,71.2770650974,COMP_1263,
GROUP_0091,2025-04,67.6512559417,healthy,stable,-3.6258091557,0.212290782639,64.3868363146,54.9807957023,73.7928769268,0.390755555556,1,0,COMP_1263,67.6512559417,COMP_1263,
GROUP_0091,2025-05,73.0888594989,healthy,stable,5.43760355721,6.28997661967,76.4808722493,67.074831637,85.8869128616,0.390755555556,1,0,COMP_1263,73.0888594989,COMP_1263,
GROUP_0091,2025-06,70.5568297808,healthy,stable,-2.53202971807,-0.720235316567,75.1769055046,65.7708648923,84.5829461169,0.390755555556,1,0,COMP_1263,70.5568297808,COMP_1263,
GROUP_0091,2025-07,73.0529326458,healthy,stable,2.49610286496,5.40167670409,77.8443149453,68.438274333,87.2503555576,0.390755555556,1,0,COMP_1263,73.0529326458,COMP_1263,
GROUP_0091,2025-08,72.622750597,healthy,stable,-0.430182048778,-0.466108901892,74.8869817212,65.4809411089,84.2930223335,0.390755555556,1,0,COMP_1263,72.622750597,COMP_1263,
GROUP_0091,2025-09,75.0888140225,healthy,stable,2.46606342555,4.53198424173,81.4274697081,72.0214290958,90.8335103203,0.5024,1,0,COMP_1263,75.0888140225,COMP_1263,
GROUP_0091,2025-10,76.5197242822,healthy,stable,1.43091025965,3.46679163643,81.7878223634,72.3817817512,91.1938629757,0.5024,1,0,COMP_1263,76.5197242822,COMP_1263,
GROUP_0091,2025-11,72.9375192444,healthy,stable,-3.58220503778,0.314768647428,78.2056173257,68.7995767134,87.611657938,0.5024,1,0,COMP_1263,72.9375192444,COMP_1263,
GROUP_0091,2025-12,71.8010684194,healthy,stable,-1.13645082497,-3.28774560309,70.7534236431,61.3473830308,80.1594642554,0.5024,1,0,COMP_1263,71.8010684194,COMP_1263,
GROUP_0091,2026-01,68.9290887932,healthy,stable,-2.87197962626,-7.59063548901,63.3399212679,53.9338806556,72.7459618802,0.5024,1,0,COMP_1263,68.9290887932,COMP_1263,
GROUP_0091,2026-02,70.587223004,healthy,stable,1.65813421079,-2.35029624044,64.7913237966,55.3852831843,74.1973644089,0.5024,1,0,COMP_1263,70.587223004,COMP_1263,
GROUP_0091,2026-03,69.0747074286,healthy,deteriorating,-1.51251557535,-2.72636099081,61.5107682989,52.1047276866,70.9168089112,0.558222222222,1,0,COMP_1263,69.0747074286,COMP_1263,
GROUP_0091,2026-04,65.4583294629,healthy,deteriorating,-3.61637796571,-3.47075933026,59.5580386015,50.1519979892,68.9640792138,0.558222222222,1,0,COMP_1263,65.4583294629,COMP_1263,
GROUP_0091,2026-05,71.5051299126,healthy,deteriorating,6.04680044968,0.917906908624,68.4098241032,59.0037834909,77.8158647154,0.558222222222,1,0,COMP_1263,71.5051299126,COMP_1263,
GROUP_0091,2026-06,72.80669723,healthy,stable,1.30156731744,3.73198980141,76.0911496573,66.685109045,85.4971902696,0.558222222222,1,0,COMP_1263,72.80669723,COMP_1263,
GROUP_0091,2026-07,73.6717066941,healthy,stable,0.865009464072,8.21337723119,79.196477487,69.7904368747,88.6025180993,0.558222222222,1,0,COMP_1263,73.6717066941,COMP_1263,
GROUP_0091,2026-08,69.7372653786,healthy,stable,-3.93444131548,-1.76786453396,75.2620361715,65.8559955592,84.6680767838,0.558222222222,1,0,COMP_1263,69.7372653786,COMP_1263,
GROUP_0092,2024-12,70.7043103485,healthy,warmup,,,70.7043103485,61.2982697362,80.1103509608,0.276,1,0,COMP_0505,70.7043103485,COMP_0505,0.352440477676
GROUP_0092,2025-01,70.0244206558,healthy,warmup,-0.679889692711,,70.0244206558,60.6183800435,79.4304612681,0.274168071572,6,40.1841913717,COMP_0417,32.0714482031,COMP_0505,0.422295466243
GROUP_0092,2025-02,72.0181161567,healthy,warmup,1.99369550085,,75.3683209674,65.9622803551,84.7743615797,0.274168071572,6,44.1993384145,COMP_0417,30.8983945217,COMP_0505,0.425776557028
GROUP_0092,2025-03,69.3908932115,healthy,stable,-2.6272229452,-1.31341713706,67.4667411534,58.0607005411,76.8727817657,0.274168071572,6,37.350170467,COMP_0417,34.0130986417,COMP_0505,0.402717683687
GROUP_0092,2025-04,70.1636660189,healthy,stable,0.772772807466,0.139245363115,69.0112577673,59.605217155,78.4172983796,0.274168071572,6,39.4395561763,COMP_0417,33.0644199065,COMP_0505,0.407093153127
GROUP_0092,2025-05,69.6800069905,healthy,stable,-0.483659028483,-2.33810916622,68.6352175652,59.2291769529,78.0412581775,0.440860423995,6,41.0285529116,COMP_0417,31.1747254374,COMP_0505,0.423139139744
GROUP_0092,2025-06,71.0938398297,healthy,stable,1.41383283924,1.70294661822,71.330556947,61.9245163347,80.7365975593,0.479794125251,6,44.5528763539,COMP_0417,29.0578300807,COMP_0505,0.447083515729
GROUP_0092,2025-07,66.2168439639,healthy,stable,-4.87699586575,-3.946822055,62.2420583814,52.8360177691,71.6480989937,0.479794125251,6,37.151866598,COMP_0417,34.0221392121,COMP_0227,0.409966921848
GROUP_0092,2025-08,68.4266611708,healthy,stable,2.20981720689,-1.25334581963,66.2959732775,56.8899326652,75.7020138897,0.479794125251,6,36.5662591088,COMP_0417,33.7613598512,COMP_0505,0.411153369886
GROUP_0092,2025-09,67.1519876044,healthy,stable,-1.27467356641,-3.94185222527,64.0800756216,54.6740350093,73.4861162339,0.479794125251,6,29.5617505116,COMP_0417,42.9466700332,COMP_0005,0.378531485506
GROUP_0092,2025-10,69.022594839,healthy,stable,1.87060723461,2.80575087509,66.8919069457,57.4858663334,76.297947558,0.479794125251,6,29.7692597323,COMP_0417,41.5556847068,COMP_0227,0.373972078575
GROUP_0092,2025-11,68.7928873692,healthy,stable,-0.229707469811,0.366226198394,69.4154719065,60.0094312942,78.8215125188,0.590922360199,6,34.5137682646,COMP_0417,37.5317070627,COMP_0227,0.399067922806
GROUP_0092,2025-12,70.3301526461,healthy,stable,1.53726527691,3.17816504171,73.6644250542,64.258384442,83.0704656665,0.616878161037,6,34.6832955728,COMP_1145,39.6188780178,COMP_0227,0.366318300298
GROUP_0092,2026-01,70.4143266503,healthy,stable,0.0841740041401,1.39173181124,72.8412782813,63.435237669,82.2473188936,0.616878161037,6,33.435981406,COMP_0417,39.3059742917,COMP_0505,0.390890043679
GROUP_0092,2026-02,67.2043695491,healthy,stable,-3.20995710118,-1.58851782013,69.5703136282,60.1642730159,78.9763542405,0.616878161037,6,29.8564457874,COMP_0417,39.5372130976,COMP_0227,0.384494360961
GROUP_0092,2026-03,67.6223939864,healthy,stable,0.418024437321,-2.70775865972,66.1941891167,56.7881485045,75.600229729,0.616878161037,6,30.2967194381,COMP_1145,39.4447498594,COMP_0505,0.377240225767
GROUP_0092,2026-04,70.1499239725,healthy,stable,2.5275299861,-0.264402677764,69.9201324136,60.5140918014,79.3261730259,0.616878161037,6,33.2278333311,COMP_0417,39.6062036876,COMP_0505,0.381631313983
GROUP_0092,2026-05,68.7640902104,healthy,stable,-1.38583376208,1.55972066134,68.3146056582,58.9085650459,77.7206462705,0.672442278511,6,31.8822305948,COMP_0417,40.5061122876,COMP_0505,0.369907034005
GROUP_0092,2026-06,68.0870354412,healthy,stable,-0.677054769233,0.464641454788,67.637550889,58.2315102767,77.0435915013,0.68542017893,6,28.7732700422,COMP_0417,42.431791658,COMP_0505,0.372765465651
GROUP_0092,2026-07,63.5014455335,healthy,stable,-4.58558990769,-6.648478439,60.0484662104,50.6424255981,69.4545068227,0.68542017893,6,28.6914914524,COMP_0417,40.9274469942,COMP_0005,0.4194727826
GROUP_0092,2026-08,55.9335651288,watch,shock_pending,-7.56788040473,-12.8305250817,44.6311517825,35.2251111702,54.0371923948,0.68542017893,6,33.9210346307,COMP_0417,37.8159416629,COMP_0005,0.484283503655
GROUP_0093,2025-06,64.8019836707,healthy,warmup,,,64.8019836707,55.3959430584,74.208024283,0.371111111111,1,0,COMP_0899,64.8019836707,COMP_0899,
GROUP_0093,2025-07,68.0550535108,healthy,warmup,3.2530698401,,68.0550535108,58.6490128985,77.4610941231,0.371111111111,1,0,COMP_0899,68.0550535108,COMP_0899,
GROUP_0093,2025-08,69.1691004904,healthy,warmup,1.11404697955,,80.3052483805,70.8992077682,89.7112889928,0.371111111111,1,0,COMP_0899,69.1691004904,COMP_0899,
GROUP_0093,2025-09,69.1957728475,healthy,stable,0.0266723570706,4.39378917672,75.7713134455,66.3652728332,85.1773540578,0.371111111111,1,0,COMP_0899,69.1957728475,COMP_0899,
GROUP_0093,2025-10,67.9510431813,healthy,stable,-1.24472966619,-0.104010329574,71.4129857734,62.0069451611,80.8190263857,0.371111111111,1,0,COMP_0899,67.9510431813,COMP_0899,
GROUP_0093,2025-11,68.8565885911,healthy,stable,0.905545409815,-0.312511899308,71.7654228995,62.3593822872,81.1714635117,0.649444444444,1,0,COMP_0899,68.8565885911,COMP_0899,
GROUP_0093,2025-12,71.0464070461,healthy,stable,2.189818455,1.85063419862,73.4399729046,64.0339322923,82.8460135169,0.649444444444,1,0,COMP_0899,71.0464070461,COMP_0899,
GROUP_0093,2026-01,67.7926464194,healthy,stable,-3.25376062667,-0.15839676185,67.2613761906,57.8553355783,76.6674168029,0.649444444444,1,0,COMP_0899,67.7926464194,COMP_0899,
GROUP_0093,2026-02,69.7423421931,healthy,stable,1.94969577368,0.88575360201,70.2998429256,60.8938023133,79.7058835379,0.649444444444,1,0,COMP_0899,69.7423421931,COMP_0899,
GROUP_0093,2026-03,66.256122676,healthy,stable,-3.48621951704,-4.79028437003,64.5273037607,55.1212631484,73.933344373,0.649444444444,1,0,COMP_0899,66.256122676,COMP_0899,
GROUP_0093,2026-04,68.0003327871,healthy,stable,1.74421011104,0.207686367677,64.6847387454,55.2786981331,74.0907793577,0.649444444444,1,0,COMP_0899,68.0003327871,COMP_0899,
GROUP_0093,2026-05,69.2906162384,healthy,stable,1.2902834513,-0.4517259547,67.4997096145,58.0936690022,76.9057502268,0.835,1,0,COMP_0899,69.2906162384,COMP_0899,
GROUP_0093,2026-06,67.2443896574,healthy,stable,-2.04622658102,0.988266981321,66.6851677601,57.2791271478,76.0912083724,0.835,1,0,COMP_0899,67.2443896574,COMP_0899,
GROUP_0093,2026-07,67.4866372097,healthy,stable,0.242247552372,-0.513695577345,66.6133547283,57.207314116,76.0193953405,0.835,1,0,COMP_0899,67.4866372097,COMP_0899,
GROUP_0093,2026-08,64.9089540937,healthy,stable,-2.57768311605,-4.3816621447,63.5348421397,54.1288015274,72.940882752,0.835,1,0,COMP_0899,64.9089540937,COMP_0899,
GROUP_0094,2024-09,44.4408636339,watch,warmup,,,44.4408636339,35.0348230216,53.8469042462,0.328961332364,6,28.6205108854,COMP_0268,38.3520616013,COMP_0163,0.387845413009
GROUP_0094,2024-10,41.7971939452,watch,warmup,-2.64366968869,,41.7971939452,32.3911533329,51.2032345575,0.328626432885,8,38.1313558657,COMP_0313,40.1877051292,COMP_0032,0.404406356425
GROUP_0094,2024-11,45.1292015867,watch,warmup,3.33200764152,,46.8844633664,37.4784227541,56.2905039787,0.328626432885,8,34.6569320327,COMP_0313,43.7840061028,COMP_0032,0.378487177542
GROUP_0094,2024-12,45.7143213616,watch,stable,0.585119774937,1.27345772776,48.2888158563,38.882775244,57.6948564686,0.328102726012,12,40.7767940575,COMP_0268,39.4275716534,COMP_0032,0.397103279492
GROUP_0094,2025-01,47.3920734898,watch,stable,1.67775212817,5.59487954462,52.1586314494,42.7525908371,61.5646720617,0.327758216315,13,38.6559447157,COMP_0268,41.2755033443,COMP_0032,0.386248475378
GROUP_0094,2025-02,44.185931243,watch,stable,-3.20614224677,-0.94327034367,47.1700420952,37.7640014829,56.5760827075,0.557125451237,13,40.0520984744,COMP_0313,41.5478039975,COMP_0032,0.397978792414
GROUP_0094,2025-03,39.9824881728,stress,stable,-4.20344307021,-5.73183318882,38.3789285886,28.9728879763,47.7849692009,0.561273065895,13,46.2029476122,COMP_0313,35.9554452888,COMP_0032,0.436440088392
GROUP_0094,2025-04,35.4531395115,stress,stable,-4.52934866127,-11.9389339783,25.5835561949,16.1775155826,34.9895968072,0.561273065895,13,48.7010842539,COMP_0313,28.8298920536,COMP_0032,0.481490740981
GROUP_0094,2025-05,32.7971890725,stress,stable,-2.65595043903,-11.3887421705,14.4746763667,5.06863575444,23.880716979,0.568845980612,13,54.4987923529,COMP_0313,24.0972478417,COMP_0032,0.502735305721
GROUP_0094,2025-06,31.5160112731,stress,stable,-1.28117779945,-8.46647689975,13.1934985673,3.78745795499,22.5995391796,0.573576878552,13,58.1069629887,COMP_0313,22.7279688816,COMP_0032,0.499237501289
GROUP_0094,2025-07,34.8358394702,stress,stable,3.31982819715,-0.617300041327,21.2904922311,11.8844516189,30.6965328434,0.573576878552,13,54.2764560156,COMP_0313,27.2028401957,COMP_0032,0.457048654578
GROUP_0094,2025-08,36.0907030978,stress,stable,1.25486362761,3.29351402531,32.1210823213,22.715041709,41.5271229336,0.7264883685,13,47.8446258765,COMP_0313,28.5684325611,COMP_0032,0.446364683883
GROUP_0094,2025-09,34.6407349753,stress,stable,-1.44996812247,3.12472370229,35.4536285479,26.0475879356,44.8596691601,0.729253444938,13,48.2107127258,COMP_0313,27.3574156131,COMP_0404,0.462598947353
GROUP_0094,2025-10,34.2089415739,stress,stable,-0.431793401411,-0.626897896278,36.5594626001,27.1534219878,45.9655032123,0.729253444938,13,47.7857315012,COMP_0313,26.2571120868,COMP_0404,0.46882876951
GROUP_0094,2025-11,31.4334354378,stress,stable,-2.77550613614,-4.65726766003,30.3677090141,20.9616684018,39.7737496264,0.73430205475,13,49.9086502958,COMP_0313,22.1027525038,COMP_0163,0.492859638987
GROUP_0094,2025-12,32.7704326687,stress,stable,1.33699723094,-1.87030230661,29.1022349605,19.6961943482,38.5082755728,0.737455986709,13,45.9289859553,COMP_0313,25.7410574539,COMP_0268,0.472313899991
GROUP_0094,2026-01,35.1830654288,stress,stable,2.41263276004,0.97412385484,32.0035515075,22.5975108952,41.4095921198,0.737455986709,13,47.1990351567,COMP_0313,26.949811882,COMP_0404,0.464942471235
GROUP_0094,2026-02,31.7573340874,stress,stable,-3.42573134142,0.323898649558,29.1739327048,19.7678920925,38.5799733171,0.813911731683,13,57.3451287066,COMP_0313,23.0347301225,COMP_1192,0.499295570509
GROUP_0094,2026-03,31.0796490215,stress,stable,-0.677685065891,-1.69078364727,28.2053168211,18.7992762088,37.6113574334,0.815294269902,13,62.8181613047,COMP_0313,22.0947237553,COMP_1192,0.504907388382
GROUP_0094,2026-04,34.7859476566,stress,stable,3.70629863515,-0.397117772163,35.3365753609,25.9305347486,44.7426159731,0.815294269902,13,55.3605812345,COMP_0313,26.975229069,COMP_1192,0.482634956995
GROUP_0094,2026-05,34.8533655043,stress,stable,0.0674178476595,3.09603141692,35.1971965273,25.791155915,44.6032371396,0.817818574808,13,58.6879705347,COMP_0313,27.0300980241,COMP_1192,0.476482537358
GROUP_0094,2026-06,33.3363410166,stress,stable,-1.51702448768,2.25669199513,32.9159736129,23.5099330006,42.3220142251,0.819395540788,13,61.1519184814,COMP_0313,24.766781973,COMP_1192,0.487214091878
GROUP_0094,2026-07,34.2060472997,stress,stable,0.869706283119,-0.5799003569,36.7037347763,27.297694164,46.1097753886,0.819395540788,13,58.6729058694,COMP_0313,26.4833887196,COMP_1192,0.467261109022
GROUP_0094,2026-08,32.1109637227,stress,stable,-2.09508357699,-2.74240178155,31.125133116,21.7190925037,40.5311737283,0.819395540788,13,61.3255543463,COMP_0313,23.4021519487,COMP_1192,0.481227944731
GROUP_0095,2024-12,68.435885151,healthy,warmup,,,68.435885151,59.0298445387,77.8419257633,0.392850883175,8,29.5285576211,COMP_1164,49.1618379017,COMP_0432,0.447651847374
GROUP_0095,2025-01,75.8835985707,healthy,warmup,7.44771341974,,75.8835985707,66.4775579584,85.289639183,0.391132350683,11,40.0522013442,COMP_0763,48.3419161226,COMP_0248,0.436066335914
GROUP_0095,2025-02,72.6975483865,healthy,warmup,-3.18605018423,,83.5647896371,74.1587490248,92.9708302493,0.391132350683,11,30.5396316307,COMP_1164,53.4782784328,COMP_0248,0.428277758348
GROUP_0095,2025-03,74.2084744956,healthy,stable,1.5109261091,5.77258934461,82.9680370167,73.5619964044,92.374077629,0.391132350683,11,37.7655926276,COMP_1164,50.0678062516,COMP_0248,0.45394736885
GROUP_0095,2025-04,75.2136288212,healthy,stable,1.00515432563,-0.669969749504,82.2744929537,72.8684523414,91.680533566,0.391132350683,11,38.2070367111,COMP_1164,51.140190556,COMP_0248,0.434524189232
GROUP_0095,2025-05,76.0979502525,healthy,stable,0.884321431229,3.40040186596,81.8786334246,72.4725928123,91.2846740369,0.563720210971,11,45.1987664968,COMP_1164,45.4620688852,COMP_0248,0.482544899065
GROUP_0095,2025-06,75.3780453999,healthy,stable,-0.719904852599,1.16957090426,77.3663159371,67.9602753248,86.7723565494,0.684481613696,11,41.0332992952,COMP_1164,47.1265318367,COMP_0248,0.44758091459
GROUP_0095,2025-07,75.5634865352,healthy,stable,0.185441135386,0.349857714017,78.486743447,69.0807028347,87.8927840592,0.683530848164,12,44.4379513618,COMP_0529,44.3336716275,COMP_0248,0.46781723199
GROUP_0095,2025-08,74.785725401,healthy,stable,-0.777761134257,-1.31222485147,75.3745213245,65.9684807122,84.7805619368,0.683530848164,12,44.3244626137,COMP_0529,43.4075173169,COMP_0248,0.482319925417
GROUP_0095,2025-09,74.4403688652,healthy,stable,-0.345356535833,-0.937676534704,72.929952868,63.5239122557,82.3359934803,0.683530848164,12,38.9374985124,COMP_0529,46.5516968755,COMP_0248,0.455244170361
GROUP_0095,2025-10,74.6466854648,healthy,stable,0.206316599638,-0.916801070452,73.088123645,63.6820830327,82.4941642573,0.683530848164,12,42.9448474801,COMP_0529,42.8407994952,COMP_0248,0.485629236601
GROUP_0095,2025-11,73.3278633884,healthy,stable,-1.31882207634,-1.45786201254,71.5665450557,62.1605044434,80.972585668,0.798367294156,12,40.8278258636,COMP_0529,43.4589602966,COMP_0248,0.48383371744
GROUP_0095,2025-12,73.3395776827,healthy,stable,0.0117142942933,-1.10079118241,71.0711906532,61.6651500409,80.4772312655,0.878997471886,12,43.7753590755,COMP_0529,42.1919776138,COMP_0248,0.50284839289
GROUP_0095,2026-01,75.1828910985,healthy,stable,1.8433134158,0.536205633745,74.8283392612,65.422298649,84.2343798735,0.878997471886,12,51.2412826453,COMP_0529,39.2544621581,COMP_0248,0.522577300082
GROUP_0095,2026-02,76.1221288356,healthy,stable,0.939237737103,2.79426544719,77.1743434938,67.7683028815,86.5803841061,0.878997471886,12,47.6014969039,COMP_0529,43.2427933687,COMP_0248,0.475639613933
GROUP_0095,2026-03,75.2358336471,healthy,stable,-0.886295188504,1.8962559644,77.117023945,67.7109833327,86.5230645573,0.878997471886,12,45.3019846068,COMP_1051,44.4644515602,COMP_0248,0.463430240199
GROUP_0095,2026-04,72.5349991119,healthy,stable,-2.70083453522,-2.64789198662,72.6700026108,63.2639619986,82.0760432231,0.878997471886,12,44.4163082314,COMP_0529,39.5425353288,COMP_0248,0.528011735092
GROUP_0095,2026-05,69.6231619149,healthy,stable,-2.91183719704,-6.49896692077,65.1217455376,55.7157049253,74.5277861499,0.936415694882,12,34.3321933058,COMP_0529,45.5423650828,COMP_0248,0.47251524673
GROUP_0095,2026-06,69.6073547188,healthy,stable,-0.0158071960755,-5.62847892834,62.1418615163,52.7358209041,71.5479021286,0.976777117198,12,31.7121396421,COMP_0529,46.7682897161,COMP_0248,0.443729192512
GROUP_0095,2026-07,70.3580601656,healthy,stable,0.750705446785,-2.17693894633,62.8925669631,53.4865263508,72.2986075754,0.976777117198,12,36.1990384635,COMP_1051,45.378045052,COMP_0248,0.466079985668
GROUP_0095,2026-08,69.7255604202,healthy,stable,-0.632499745406,0.102398505304,66.0247642114,56.6187235991,75.4308048237,0.976777117198,12,39.285002197,COMP_1051,41.6449079787,COMP_0248,0.499669444475
GROUP_0096,2024-09,60.2060452536,healthy,warmup,,,60.2060452536,50.8000046413,69.6120858659,0.35623938632,4,43.5427866482,COMP_0331,27.7883388162,COMP_0834,0.391364829044
GROUP_0096,2024-10,60.8013310168,healthy,warmup,0.595285763248,,60.8013310168,51.3952904045,70.2073716291,0.35623938632,4,47.8341180885,COMP_0331,24.5246233293,COMP_0834,0.402869305582
GROUP_0096,2024-11,61.3706658461,healthy,warmup,0.569334829313,,64.3404483572,54.9344077449,73.7464889695,0.35623938632,4,47.8202650282,COMP_0331,24.9015497305,COMP_0834,0.39187711459
GROUP_0096,2024-12,64.7379071954,healthy,stable,3.36724134928,4.53186194184,70.1079685423,60.70192793,79.5140091545,0.35623938632,4,40.6877454917,COMP_0331,26.9315564066,COMP_0868,0.37950566516
GROUP_0096,2025-01,63.4349922289,healthy,stable,-1.30291496657,2.63366121203,67.7320579558,58.3260173435,77.1380985681,0.35623938632,4,40.6309122252,COMP_0331,28.416350209,COMP_0834,0.382411061135
GROUP_0096,2025-02,64.3640152349,healthy,stable,0.929023006091,2.9933493888,68.8412392954,59.4351986831,78.2472799077,0.623418926061,4,39.5271685261,COMP_0331,30.0859214996,COMP_0834,0.330063982459
GROUP_0096,2025-03,64.2769047106,healthy,stable,-0.0871105243752,-0.46100248485,67.9823592627,58.5763186504,77.388399875,0.623418926061,4,43.1293378197,COMP_0331,27.3294970311,COMP_0834,0.383754856841
GROUP_0096,2025-04,64.5706707554,healthy,stable,0.293766044814,1.13567852653,66.5013242505,57.0952836382,75.9073648628,0.570982841866,5,45.1685515088,COMP_0331,30.183470527,COMP_0922,0.392588894141
GROUP_0096,2025-05,64.0791210086,healthy,stable,-0.491549746764,-0.284894226325,63.6348573343,54.228816722,73.0408979466,0.570982841866,5,39.9825619633,COMP_0331,32.9824877361,COMP_0922,0.394846958062
GROUP_0096,2025-06,63.2384065569,healthy,stable,-0.840714451668,-1.03849815362,62.7941428826,53.3881022703,72.2001834949,0.475487006368,7,39.4873167631,COMP_0331,33.0679937312,COMP_0834,0.392234871347
GROUP_0096,2025-07,66.8151382435,healthy,stable,3.5767316865,2.24446748807,66.3708745691,56.9648339569,75.7769151814,0.475487006368,7,43.4304015623,COMP_0331,32.6438298961,COMP_0922,0.365077171785
GROUP_0096,2025-08,66.4749059515,healthy,stable,-0.340232291998,2.39578494284,68.7168672172,59.3108266049,78.1229078294,0.565350597679,7,37.2318736514,COMP_0331,35.5771181548,COMP_0922,0.364329896893
GROUP_0096,2025-09,67.3367210059,healthy,stable,0.861815054411,4.09831444892,71.1523157356,61.7462751233,80.5583563479,0.586575304972,7,40.3023942157,COMP_0331,35.0358453011,COMP_0868,0.403019060686
GROUP_0096,2025-10,68.0842159661,healthy,stable,0.747494960235,1.26907772265,72.1879565034,62.7819158912,81.5939971157,0.586575304972,7,38.4763244925,COMP_0331,38.2373697494,COMP_0868,0.403085016135
GROUP_0096,2025-11,67.3872231938,healthy,stable,-0.696992772301,0.912317242346,71.199447491,61.7934068787,80.6054881033,0.686073925263,7,37.484841765,COMP_0331,37.996053965,COMP_0868,0.396857323902
GROUP_0096,2025-12,66.0944660616,healthy,stable,-1.29275713223,-1.24225494429,66.2232466408,56.8172060285,75.6292872531,0.686073925263,7,38.3430508717,COMP_0331,40.611988453,COMP_0922,0.386526233358
GROUP_0096,2026-01,63.4068850441,healthy,stable,-2.68758101749,-4.67733092202,60.2775037186,50.8714631063,69.6835443309,0.686073925263,7,35.4339493755,COMP_0331,43.5105319764,COMP_0922,0.388384025218
GROUP_0096,2026-02,63.588488268,healthy,stable,0.181603223955,-3.79873492576,58.5146260115,49.1085853992,67.9206666238,0.731005720919,7,43.9443432328,COMP_0331,40.0979530993,COMP_0922,0.389252733357
GROUP_0096,2026-03,61.8502656049,healthy,stable,-1.73822266312,-4.24420045666,55.3924162311,45.9863756188,64.7984568434,0.745155525781,7,41.8240011291,COMP_0331,41.2942080862,COMP_0922,0.418420591306
GROUP_0096,2026-04,63.2029541111,healthy,stable,1.35268850623,-0.203930932934,56.8127107376,47.4066701253,66.2187513499,0.745155525781,7,38.1465506073,COMP_0331,39.9165917536,COMP_0922,0.39618605524
GROUP_0096,2026-05,65.1524211554,healthy,stable,1.94946704427,1.56393288738,64.1915353511,54.7854947389,73.5975759634,0.811487939309,7,36.2289112931,COMP_0331,45.7253045169,COMP_0922,0.392852499181
GROUP_0096,2026-06,63.0949784204,healthy,stable,-2.05744273504,1.24471281546,62.8196404089,53.4135997966,72.2256810212,0.811487939309,7,35.6565619216,COMP_0331,48.2271403623,COMP_0922,0.398276392955
GROUP_0096,2026-07,64.8230291408,healthy,stable,1.72805072043,1.62007502965,66.9390409271,57.5330003148,76.3450815394,0.811487939309,7,35.553218543,COMP_0331,49.723528472,COMP_0922,0.381011035235
GROUP_0096,2026-08,64.2679556497,healthy,stable,-0.555073491089,-0.884465505707,66.7339994954,57.3279588831,76.1400401077,0.811487939309,7,38.7349153673,COMP_0331,46.5475664249,COMP_0922,0.404200684237
GROUP_0097,2024-12,72.1586880846,healthy,warmup,,,72.1586880846,62.7526474723,81.5647286969,0.346170859234,5,19.0735962492,COMP_0424,65.5587910454,COMP_0274,0.233542630393
GROUP_0097,2025-01,71.7438586726,healthy,warmup,-0.414829411996,,71.7438586726,62.3378180603,81.1498992849,0.346170859234,5,21.0825801338,COMP_0425,65.5419774634,COMP_0274,0.237769959087
GROUP_0097,2025-02,70.1198306715,healthy,warmup,-1.62402800113,,64.920744268,55.5147036557,74.3267848803,0.346198465342,7,21.4290851387,COMP_0857,60.8849797426,COMP_0274,0.213427790696
GROUP_0097,2025-03,69.4218789571,healthy,stable,-0.697951714344,-2.73680912747,64.496047997,55.0900073848,73.9020886093,0.346198465342,7,17.8813248235,COMP_0857,63.1096480111,COMP_0274,0.235423209552
GROUP_0097,2025-04,68.8133956508,healthy,stable,-0.608483306375,-2.93046302184,64.3544839658,54.9484433535,73.7605245781,0.346198465342,7,20.775145489,COMP_0857,61.3310319902,COMP_0274,0.262514596225
GROUP_0097,2025-05,66.0625762575,healthy,stable,-2.75081939324,-4.05725441395,60.8634898541,51.4574492418,70.2695304663,0.605539230052,7,24.9205706994,COMP_0857,56.8707808214,COMP_0274,0.26271130982
GROUP_0097,2025-06,64.6699540989,healthy,deteriorating,-1.39262215862,-4.75192485823,57.5675810899,48.1615404776,66.9736217022,0.605539230052,7,21.063564865,COMP_0857,54.2860667368,COMP_0346,0.258251446297
GROUP_0097,2025-07,59.84548251,watch,deteriorating,-4.82447158894,-8.96791314079,51.279260626,41.8732200137,60.6853012382,0.605847314348,7,29.5557241188,COMP_0387,54.4955742088,COMP_0274,0.240488012531
GROUP_0097,2025-08,67.2611309062,healthy,stable,7.41564839624,1.19855464868,59.1828586472,49.7768180349,68.5888992595,0.605847314348,7,27.1323469612,COMP_0857,57.1343280442,COMP_0274,0.263267697112
GROUP_0097,2025-09,66.75943868,healthy,stable,-0.501692226199,2.0894845811,64.6644025698,55.2583619575,74.0704431821,0.605847314348,7,23.071195883,COMP_0560,61.2183157042,COMP_0274,0.262388656754
GROUP_0097,2025-10,65.8226955231,healthy,stable,-0.936743156871,5.97721301317,66.7111951118,57.3051544995,76.1172357241,0.605847314348,7,21.7067724565,COMP_0424,60.4631419195,COMP_0274,0.246641220626
GROUP_0097,2025-11,64.4032545092,healthy,stable,-1.41944101389,-2.85787639696,64.1312209278,54.7251803155,73.5372615401,0.778741157488,7,23.2038151036,COMP_0424,61.1195850969,COMP_0274,0.216813169026
GROUP_0097,2025-12,61.637442059,healthy,stable,-2.76581245019,-5.12199662094,56.860051959,47.4540113467,66.2660925713,0.778741157488,7,40.0490230209,COMP_0560,40,COMP_0274,0.244420295227
GROUP_0097,2026-01,61.7537697304,healthy,stable,0.116327671371,-4.0689257927,55.3715418197,45.9655012074,64.777582432,0.778946547019,7,43.660876249,COMP_0560,40,COMP_0274,0.229473642815
GROUP_0097,2026-02,61.4060566516,healthy,stable,-0.347713078846,-2.99719785766,55.3977870161,45.9917464039,64.8038276284,0.778946547019,7,45.0718451997,COMP_0560,40,COMP_0274,0.24643056653
GROUP_0097,2026-03,65.7242616323,healthy,stable,4.31820498077,4.0868195733,63.9509249302,54.5448843179,73.3569655425,0.778946547019,7,46.5679297754,COMP_0560,40,COMP_0274,0.289860375576
GROUP_0097,2026-04,63.9906494397,healthy,stable,-1.73361219263,2.23687970929,64.5839205637,55.1778799514,73.989961176,0.778946547019,7,45.6303731555,COMP_0346,40,COMP_0425,0.273671767564
GROUP_0097,2026-05,64.2041838565,healthy,stable,0.213534416739,2.79812720488,67.2045232668,57.7984826545,76.6105638791,0.865393468589,7,45.7563545598,COMP_0346,40,COMP_0425,0.267127851111
GROUP_0097,2026-06,63.6938738383,healthy,stable,-0.510310018133,-2.03038779403,65.6727800284,56.2667394161,75.0788206407,0.865393468589,7,47.6441996335,COMP_0346,40,COMP_0425,0.251204320364
GROUP_0097,2026-07,61.1651104252,healthy,stable,-2.52876341313,-2.82553901453,58.5625293327,49.1564887204,67.968569945,0.865496163354,7,44.2712059678,COMP_0857,40,COMP_0274,0.271114700874
GROUP_0097,2026-08,60.664880469,healthy,stable,-0.500229956231,-3.5393033875,55.8614641443,46.455423532,65.2675047565,0.865496163354,7,47.0195114917,COMP_0857,40,COMP_0425,0.27749701571
GROUP_0098,2024-09,81.6769812255,solid,warmup,,,81.6769812255,72.2709406133,91.0830218378,0.183111111111,1,0,COMP_0502,81.6769812255,COMP_0502,
GROUP_0098,2024-10,76.8944705642,healthy,warmup,-4.78251066133,,76.8944705642,67.4884299519,86.3005111765,0.183111111111,1,0,COMP_0502,76.8944705642,COMP_0502,
GROUP_0098,2024-11,81.206427568,solid,warmup,4.31195700375,,80.0065157411,70.6004751288,89.4125563534,0.183111111111,1,0,COMP_0502,81.206427568,COMP_0502,
GROUP_0098,2024-12,81.9902955649,solid,stable,0.783867996919,0.313314339338,84.2554761455,74.8494355332,93.6615167577,0.183111111111,1,0,COMP_0502,81.9902955649,COMP_0502,
GROUP_0098,2025-01,80.9420879112,solid,stable,-1.04820765371,4.04761734696,80.8713720372,71.4653314249,90.2774126495,0.183111111111,1,0,COMP_0502,80.9420879112,COMP_0502,
GROUP_0098,2025-02,80.1724418112,solid,stable,-0.769646100002,-1.03398575679,79.2354528353,69.8294122231,88.6414934476,0.320444444444,1,0,COMP_0502,80.1724418112,COMP_0502,
GROUP_0098,2025-03,82.3427019385,solid,stable,2.17026012728,0.352406373573,85.914267708,76.5082270957,95.3203083203,0.320444444444,1,0,COMP_0502,82.3427019385,COMP_0502,
GROUP_0098,2025-04,81.8109877651,solid,stable,-0.531714173356,0.868899853925,82.4100786002,73.0040379879,91.8161192125,0.320444444444,1,0,COMP_0502,81.8109877651,COMP_0502,
GROUP_0098,2025-05,84.1194187335,solid,stable,2.3084309684,3.94697692233,86.2911243655,76.8850837532,95.6971649778,0.320444444444,1,0,COMP_0502,84.1194187335,COMP_0502,
GROUP_0098,2025-06,84.9959636368,solid,stable,0.876544903267,2.65326169831,89.4663426434,80.0603020311,98.8723832557,0.320444444444,1,0,COMP_0502,84.9959636368,COMP_0502,
GROUP_0098,2025-07,79.1233793829,healthy,stable,-5.87258425382,-2.68760838215,83.5937583896,74.1877177773,92.9997990019,0.320444444444,1,0,COMP_0502,79.1233793829,COMP_0502,
GROUP_0098,2025-08,79.6781478557,healthy,stable,0.554768472767,-4.44127087778,76.9603026913,67.554262079,86.3663433036,0.412,1,0,COMP_0502,79.6781478557,COMP_0502,
GROUP_0098,2025-09,83.0179389601,solid,stable,3.33979110441,-1.97802467664,81.6135522491,72.2075116368,91.0195928614,0.412,1,0,COMP_0502,83.0179389601,COMP_0502,
GROUP_0098,2025-10,81.7469121288,solid,stable,-1.27102683132,2.62353274586,79.326955392,69.9209147797,88.7329960043,0.412,1,0,COMP_0502,81.7469121288,COMP_0502,
GROUP_0098,2025-11,87.055480798,solid,stable,5.30856866925,7.37733294234,91.515486466,82.1094458537,100,0.412,1,0,COMP_0502,87.055480798,COMP_0502,
GROUP_0098,2025-12,84.9579254295,solid,stable,-2.09755536854,1.93998646938,91.6896418361,82.2836012238,100,0.412,1,0,COMP_0502,84.9579254295,COMP_0502,
GROUP_0098,2026-01,83.9492364181,solid,stable,-1.0086890114,2.20232428931,88.3057467518,78.8997061395,97.711787364,0.412,1,0,COMP_0502,83.9492364181,COMP_0502,
GROUP_0098,2026-02,79.4706920318,healthy,stable,-4.47854438631,-7.58478876625,75.8525001649,66.4464595526,85.2585407772,0.457777777778,1,0,COMP_0502,79.4706920318,COMP_0502,
GROUP_0098,2026-03,80.8198636197,solid,stable,1.3491715879,-4.13806180981,73.785158543,64.3791179307,83.1911991553,0.457777777778,1,0,COMP_0502,80.8198636197,COMP_0502,
GROUP_0098,2026-04,81.2526433823,solid,stable,0.432779762633,-2.69659303578,74.2179383057,64.8118976934,83.6239789179,0.457777777778,1,0,COMP_0502,81.2526433823,COMP_0502,
GROUP_0098,2026-05,80.1215521634,solid,stable,-1.1310912189,0.650860131633,75.2412547387,65.8352141264,84.647295351,0.457777777778,1,0,COMP_0502,80.1215521634,COMP_0502,
GROUP_0098,2026-06,82.1380482794,solid,stable,2.01649611595,1.31818465968,83.2445105032,73.8384698909,92.6505511154,0.457777777778,1,0,COMP_0502,82.1380482794,COMP_0502,
GROUP_0098,2026-07,79.1535222999,healthy,stable,-2.98452597948,-2.09912108243,80.2599845237,70.8539439114,89.666025136,0.457777777778,1,0,COMP_0502,79.1535222999,COMP_0502,
GROUP_0098,2026-08,78.3436618982,healthy,stable,-0.809860401652,-1.77789026518,75.8179361424,66.4118955301,85.2239767547,0.457777777778,1,0,COMP_0502,78.3436618982,COMP_0502,
GROUP_0099,2024-10,77.6602197247,healthy,warmup,,,77.6602197247,68.2541791124,87.066260337,0.295111111111,1,0,COMP_0611,77.6602197247,COMP_0611,
GROUP_0099,2024-11,78.1958290528,healthy,warmup,0.535609328154,,78.1958290528,68.7897884405,87.6018696651,0.295111111111,1,0,COMP_0611,78.1958290528,COMP_0611,
GROUP_0099,2024-12,76.0023027728,healthy,warmup,-2.19352628,,71.7746145456,62.3685739333,81.1806551579,0.295111111111,1,0,COMP_0611,76.0023027728,COMP_0611,
GROUP_0099,2025-01,76.646835031,healthy,stable,0.644532258211,-1.01338469364,73.8104906637,64.4044500514,83.216531276,0.295111111111,1,0,COMP_0611,76.646835031,COMP_0611,
GROUP_0099,2025-02,76.1874670687,healthy,stable,-0.459367962377,-2.00836198417,74.0771989464,64.6711583341,83.4832395587,0.295111111111,1,0,COMP_0611,76.1874670687,COMP_0611,
GROUP_0099,2025-03,74.3963270269,healthy,stable,-1.79114004176,-1.60597574592,71.0671564752,61.6611158629,80.4731970875,0.516444444444,1,0,COMP_0611,74.3963270269,COMP_0611,
GROUP_0099,2025-04,74.7182985033,healthy,stable,0.321971476343,-1.92853652779,71.3040831302,61.8980425179,80.7101237425,0.516444444444,1,0,COMP_0611,74.7182985033,COMP_0611,
GROUP_0099,2025-05,74.8553512093,healthy,stable,0.137052706087,-1.33211585933,72.5907542485,63.1847136362,81.9967948608,0.516444444444,1,0,COMP_0611,74.8553512093,COMP_0611,
GROUP_0099,2025-06,76.8855322767,healthy,stable,2.03018106737,2.4892052498,77.1290034673,67.722962855,86.5350440796,0.516444444444,1,0,COMP_0611,76.8855322767,COMP_0611,
GROUP_0099,2025-07,73.6865413106,healthy,stable,-3.1989909661,-1.03175719264,72.7815645223,63.37552391,82.1876051346,0.516444444444,1,0,COMP_0611,73.6865413106,COMP_0611,
GROUP_0099,2025-08,73.6940186886,healthy,stable,0.00747737798559,-1.16133252074,72.9776641835,63.5716235712,82.3837047958,0.516444444444,1,0,COMP_0611,73.6940186886,COMP_0611,
GROUP_0099,2025-09,71.1915662621,healthy,stable,-2.50245242647,-5.69396601458,68.2111010204,58.8050604081,77.6171416327,0.664,1,0,COMP_0611,71.1915662621,COMP_0611,
GROUP_0099,2025-10,73.6654217098,healthy,stable,2.47385544764,-0.0211196008446,70.684956468,61.2789158557,80.0909970803,0.664,1,0,COMP_0611,73.6654217098,COMP_0611,
GROUP_0099,2025-11,76.1440086556,healthy,stable,2.47858694581,2.44998996698,76.0710863596,66.6650457473,85.4771269719,0.664,1,0,COMP_0611,76.1440086556,COMP_0611,
GROUP_0099,2025-12,76.342349752,healthy,stable,0.198341096369,5.15078348983,79.4756206168,70.0695800045,88.8816612291,0.664,1,0,COMP_0611,76.342349752,COMP_0611,
GROUP_0099,2026-01,83.0593352628,solid,stable,6.71698551085,9.39391355303,92.6119581685,83.2059175562,100,0.664,1,0,COMP_0611,83.0593352628,COMP_0611,
GROUP_0099,2026-02,86.0788761777,solid,stable,3.01954091494,9.93486752215,100,91.8578916794,100,0.664,1,0,COMP_0611,86.0788761777,COMP_0611,
GROUP_0099,2026-03,92.4166098227,solid,improving,6.33773364492,16.0742600707,100,100,100,0.737777777778,1,0,COMP_0611,92.4166098227,COMP_0611,
GROUP_0099,2026-04,93.8986680763,solid,improving,1.4820582536,10.8393328135,100,100,100,0.737777777778,1,0,COMP_0611,93.8986680763,COMP_0611,
GROUP_0099,2026-05,95.7750894559,solid,improving,1.87642137968,9.6962132782,100,100,100,0.737777777778,1,0,COMP_0611,95.7750894559,COMP_0611,
GROUP_0099,2026-06,95.4772399447,solid,improving,-0.297849511276,3.060630122,100,98.7374621079,100,0.737777777778,1,0,COMP_0611,95.4772399447,COMP_0611,
GROUP_0099,2026-07,94.5414884319,solid,improving,-0.935751512743,0.642820355662,100,92.693944913,100,0.737777777778,1,0,COMP_0611,94.5414884319,COMP_0611,
GROUP_0099,2026-08,92.5384071999,solid,stable,-2.003081232,-3.23668225602,92.6626405247,83.2565999124,100,0.737777777778,1,0,COMP_0611,92.5384071999,COMP_0611,
GROUP_0100,2025-12,50.7299539354,watch,warmup,,,50.7299539354,41.3239133231,60.1359945477,0.399641769245,2,3.78014733812,COMP_1214,46.9651948364,COMP_1204,0.452453791954
GROUP_0100,2026-01,50.5211481701,watch,warmup,-0.208805765358,,50.5211481701,41.1151075578,59.9271887823,0.399641769245,2,2.328362751,COMP_1214,48.2022637276,COMP_1204,0.438998236205
GROUP_0100,2026-02,48.7104723585,watch,warmup,-1.81067581152,,43.5607943375,34.1547537252,52.9668349498,0.399641769245,2,0.350408675861,COMP_1214,48.3614901277,COMP_1204,0.435831122728
GROUP_0100,2026-03,49.912069105,watch,stable,1.20159674648,-0.817884830396,48.4402911913,39.034250579,57.8463318035,0.399641769245,2,0.550228095573,COMP_1204,49.9098292343,COMP_1214,0.4289953183
GROUP_0100,2026-04,50.934929898,watch,stable,1.02286079302,0.413781727985,50.5331473726,41.1271067603,59.9391879848,0.399641769245,2,0.039693915617,COMP_1214,50.8953975686,COMP_1204,0.428863462117
GROUP_0100,2026-05,48.2298974935,watch,stable,-2.70503240455,-0.480574865045,46.8394932818,37.4334526695,56.2455338941,0.699373096178,2,6.33459207941,COMP_1204,48.2041106105,COMP_1214,0.406402593092
GROUP_0100,2026-06,47.8682989013,watch,stable,-0.361598592213,-2.04377020374,46.024146081,36.6181054687,55.4301866933,0.699373096178,2,4.4334840698,COMP_1204,47.8502510564,COMP_1214,0.433459253595
GROUP_0100,2026-07,50.9329356423,watch,stable,3.064636741,-0.00199425576103,50.9295454075,41.5235047952,60.3355860198,0.699373096178,2,2.54993266467,COMP_1214,48.3933832538,COMP_1204,0.459366945249
GROUP_0100,2026-08,55.3583574863,watch,stable,4.42542184407,7.12845999286,60.5749475308,51.1689069185,69.9809881431,0.699373096178,2,5.53517948896,COMP_1214,49.8457106284,COMP_1204,0.43678990402
GROUP_0101,2024-09,61.898289162,healthy,warmup,,,61.898289162,52.4922485497,71.3043297743,0.317398698435,15,52.9082695525,COMP_0201,36.6598000201,COMP_0349,0.439144095713
GROUP_0101,2024-10,63.0947277576,healthy,warmup,1.19643859558,,63.0947277576,53.6886871453,72.5007683699,0.314838349875,16,51.2189401013,COMP_0201,37.2159056416,COMP_0349,0.432595008272
GROUP_0101,2024-11,62.3057580993,healthy,warmup,-0.788969658293,,63.3448038894,53.9387632771,72.7508445017,0.314838349875,17,54.3497450267,COMP_0201,35.8519728662,COMP_0349,0.453017819068
GROUP_0101,2024-12,62.0929984606,healthy,stable,-0.21275963867,0.19470929862,61.7159642858,52.3099236735,71.1220048981,0.314838349875,17,52.6059342438,COMP_0201,37.9493404898,COMP_0349,0.437089886464
GROUP_0101,2025-01,61.6434671498,healthy,stable,-0.449531310833,-1.4512606078,60.2565091106,50.8504684983,69.6625497228,0.314838349875,17,50.6903779974,COMP_0201,37.0447376317,COMP_0349,0.445356663915
GROUP_0101,2025-02,61.6209775973,healthy,stable,-0.0224895524533,-0.684780501956,60.456850744,51.0508101317,69.8628913563,0.543897695589,17,56.0521987899,COMP_0201,31.3067162131,COMP_0349,0.420306295784
GROUP_0101,2025-03,61.9942158944,healthy,stable,0.37323829703,-0.0987825662564,60.830089041,51.4240484287,70.2361296533,0.550967112281,17,50.883186522,COMP_0518,36.8950981422,COMP_0234,0.425149135184
GROUP_0101,2025-04,62.2028963076,healthy,stable,0.208680413251,0.559429157827,62.0881995901,52.6821589778,71.4942402024,0.550967112281,18,44.3931833461,COMP_0201,40.5758628104,COMP_0234,0.420049308865
GROUP_0101,2025-05,61.5495272535,healthy,stable,-0.653369054131,-0.0714503438502,61.4297538857,52.0237132734,70.835794498,0.550967112281,18,48.3763928621,COMP_0518,37.3941667958,COMP_0234,0.426553870982
GROUP_0101,2025-06,60.7713593671,healthy,stable,-0.778167886328,-1.22285652721,60.6498937826,51.2438531703,70.0559343949,0.550967112281,18,47.4417095983,COMP_0518,37.4815883892,COMP_0571,0.427673177684
GROUP_0101,2025-07,60.5574023288,healthy,stable,-0.213957038331,-1.64549397879,59.4234462946,50.0174056823,68.8294869069,0.550967112281,18,44.4498566896,COMP_0201,41.0949835844,COMP_0571,0.422493547093
GROUP_0101,2025-08,61.4477454976,healthy,stable,0.890343168775,-0.101781755884,60.3137894633,50.9077488511,69.7198300756,0.703673342757,18,45.9302573383,COMP_0518,38.3359502351,COMP_0571,0.411240928863
GROUP_0101,2025-09,63.3581231663,healthy,stable,1.91037766867,2.58676379911,63.1850941813,53.779053569,72.5911347935,0.708386287218,18,44.3307982189,COMP_0325,40,COMP_0234,0.431569702386
GROUP_0101,2025-10,62.1888764285,healthy,stable,-1.16924673774,1.6314740997,63.9962106818,54.5901700695,73.4022512941,0.708386287218,18,48.6997460685,COMP_0201,39.6732241608,COMP_0151,0.41703209169
GROUP_0101,2025-11,61.1198179903,healthy,stable,-1.06905843825,-0.32792750732,62.8446026229,53.4385620106,72.2506432352,0.708386287218,18,56.6261347454,COMP_0201,33.3450802855,COMP_0151,0.459137391864
GROUP_0101,2025-12,61.4100094552,healthy,stable,0.290191464881,-1.94811371111,62.1270894235,52.7210488112,71.5331300358,0.708386287218,18,68.1992353892,COMP_0201,21.1487706521,COMP_0151,0.559062752497
GROUP_0101,2026-01,60.2808030167,healthy,stable,-1.12920643844,-1.90807341181,58.1413148341,48.7352742218,67.5473554464,0.708386287218,18,70.7490313238,COMP_0201,20.0469272575,COMP_0151,0.54199713239
GROUP_0101,2026-02,61.4338415061,healthy,stable,1.15303848938,0.314023515819,59.2943533235,49.8883127112,68.7003939358,0.784739402456,18,65.2867509188,COMP_0201,24.8334308721,COMP_0151,0.493093742811
GROUP_0101,2026-03,59.3008419389,watch,stable,-2.13299956716,-2.10916751622,56.9816474735,47.5756068612,66.3876880858,0.787095874687,18,65.3728438219,COMP_0201,25.3792587735,COMP_0151,0.498268218618
GROUP_0101,2026-04,58.6598036492,watch,stable,-0.641038289743,-1.62099936752,56.1505890213,46.744548409,65.5566296336,0.787095874687,18,63.8263135091,COMP_0201,25.9077289328,COMP_0151,0.493841295545
GROUP_0101,2026-05,58.3586163276,watch,stable,-0.301187321537,-3.07522517844,55.2461953376,45.8401547253,64.6522359499,0.787095874687,18,65.9586006497,COMP_0201,27.0959205283,COMP_0151,0.490071538864
GROUP_0101,2026-06,57.6638627441,watch,stable,-0.694753583523,-1.6369791948,54.9081638193,45.5021232071,64.3142044316,0.787095874687,18,67.3247337417,COMP_0201,24.5365264849,COMP_0151,0.501425114602
GROUP_0101,2026-07,59.1136546958,watch,stable,1.44979195167,0.453851046615,56.5740053879,47.1679647756,65.9800460002,0.787095874687,18,65.6246840861,COMP_0201,23.4509968035,COMP_0151,0.516960537861
GROUP_0101,2026-08,58.4911368377,watch,stable,-0.622517858096,0.132520510056,57.6652376345,48.2591970222,67.0712782467,0.787095874687,18,65.3556896782,COMP_0201,22.363836277,COMP_0151,0.517011115036
GROUP_0102,2024-11,64.0853471997,healthy,warmup,,,64.0853471997,54.6793065874,73.491387812,0.372422344299,3,38.9524538229,COMP_0866,40.6944596971,COMP_0431,0.519025020366
GROUP_0102,2024-12,64.6413063037,healthy,warmup,0.555959103954,,64.6413063037,55.2352656914,74.047346916,0.372436753632,4,40.5307498579,COMP_0866,40.4502020914,COMP_0431,0.534960772002
GROUP_0102,2025-01,64.8629302625,healthy,warmup,0.221623958874,,66.8457670728,57.4397264605,76.251807685,0.372436753632,4,38.9282438652,COMP_0866,41.5066777631,COMP_0431,0.51884291382
GROUP_0102,2025-02,63.7857648423,healthy,stable,-1.07716542025,-0.299582357421,64.0962609336,54.6902203213,73.5023015459,0.372436753632,4,37.1703486385,COMP_0866,42.4019757843,COMP_0431,0.517406108197
GROUP_0102,2025-03,64.4178931104,healthy,stable,0.632128268138,-0.223413193237,64.4399899143,55.033949302,73.8460305266,0.372436753632,4,36.3815270071,COMP_0866,42.9772059162,COMP_0431,0.517198978011
GROUP_0102,2025-04,66.6936352586,healthy,stable,2.27574214814,1.83070499603,68.6764720688,59.2704314565,78.0825126811,0.651222375525,4,38.9374136799,COMP_0866,44.0943552541,COMP_0431,0.494910794256
GROUP_0102,2025-05,66.7468964898,healthy,stable,0.0532612312026,2.96113164748,69.1489534295,59.7429128172,78.5549940418,0.651764318856,4,36.3252321627,COMP_0866,45.3797365513,COMP_0431,0.483212648477
GROUP_0102,2025-06,67.9434188625,healthy,stable,1.19652237269,3.52552575203,71.16727303,61.7612324177,80.5733136423,0.651764318856,4,37.6887200924,COMP_0866,46.5638219739,COMP_0431,0.486188564872
GROUP_0102,2025-07,66.6717017837,healthy,stable,-1.27171707881,-0.0219334749214,69.8955559512,60.4895153389,79.3015965634,0.651764318856,4,34.7148935241,COMP_0866,46.9665869593,COMP_0431,0.48200168125
GROUP_0102,2025-08,64.8178580876,healthy,stable,-1.85384369606,-1.92903840218,65.0894903667,55.6834497544,74.495530979,0.651764318856,4,30.5575884745,COMP_0866,47.0096328066,COMP_0431,0.4797547338
GROUP_0102,2025-09,68.1988963932,healthy,stable,3.38103830563,0.255477530761,68.4705286724,59.0644880601,77.8765692847,0.651764318856,4,33.5711254712,COMP_0866,48.7967859113,COMP_0431,0.468946680466
GROUP_0102,2025-10,67.0721147751,healthy,stable,-1.12678161816,0.400412991414,67.4038374261,57.9977968138,76.8098780384,0.837621400118,4,28.6186228672,COMP_0866,50.208618532,COMP_0431,0.446372874102
GROUP_0102,2025-11,67.8372236493,healthy,stable,0.765108874256,3.01936556173,68.2715354516,58.8654948393,77.6775760639,0.837982695672,4,30.2169084222,COMP_0866,50.6549789211,COMP_0431,0.444421815679
GROUP_0102,2025-12,69.2750241919,healthy,stable,1.4378005426,1.0761277987,73.1693704463,63.763329834,82.5754110586,0.837982695672,4,30.2511128926,COMP_0866,51.8018995471,COMP_0431,0.455565767416
GROUP_0102,2026-01,73.1049633624,healthy,stable,3.82993917047,6.03284858732,78.8533179155,69.4472773032,88.2593585277,0.837982695672,4,31.1912653097,COMP_0866,55.741328658,COMP_0431,0.422902769222
GROUP_0102,2026-02,65.1658761101,healthy,stable,-7.93908725233,-2.67134753926,66.9952933679,57.5892527556,76.4013339801,0.837982695672,4,20.7270295793,COMP_0866,56.1627142718,COMP_0159,0.41444316748
GROUP_0102,2026-03,70.9248970054,healthy,stable,5.75902089537,1.64987281352,74.8547348804,65.4486942681,84.2607754927,0.837982695672,4,26.3009235299,COMP_0866,55.4420745043,COMP_0431,0.42736352232
GROUP_0102,2026-04,71.446059908,healthy,stable,0.521162902552,-1.6589034544,74.250843691,64.8448030787,83.6568843033,0.930911236303,4,24.7237140948,COMP_0866,57.2144647402,COMP_0431,0.405779588308
GROUP_0102,2026-05,71.9954397683,healthy,stable,0.549379860265,6.82956365819,74.7635103062,65.357469694,84.1695509185,0.93109188408,4,22.4060818436,COMP_0866,59.0128901019,COMP_0431,0.395338123057
GROUP_0102,2026-06,70.9100246147,healthy,stable,-1.08541515353,-0.0148723907125,70.8847415505,61.4787009382,80.2907821628,0.93109188408,4,20.5616657583,COMP_0866,59.5317947674,COMP_0431,0.389275826217
GROUP_0102,2026-07,71.2237146483,healthy,stable,0.313690033587,-0.222345259677,73.8816454513,64.475604839,83.2876860636,0.93109188408,4,16.2869777331,COMP_0866,61.7544333342,COMP_0431,0.365447380559
GROUP_0102,2026-08,71.044643305,healthy,stable,-0.179071343305,-0.950796463247,71.0193602408,61.6133196285,80.4254008531,0.93109188408,4,17.4854940769,COMP_0866,61.1897220652,COMP_0431,0.380751922193
GROUP_0103,2025-01,56.9736538833,watch,warmup,,,56.9736538833,47.567613271,66.3796944956,0.257640123102,16,53.6961261913,COMP_0602,38.8989544566,COMP_1276,0.483589286597
GROUP_0103,2025-02,56.6606343691,watch,warmup,-0.313019514224,,56.6606343691,47.2545937568,66.0666749814,0.257640123102,16,51.760892016,COMP_0602,39.126582787,COMP_1276,0.455229703553
GROUP_0103,2025-03,58.4774914494,watch,warmup,1.81685708026,,62.3122772428,52.9062366305,71.718317855,0.257640123102,16,52.8185460912,COMP_0602,41.2654291573,COMP_1276,0.469075033061
GROUP_0103,2025-04,58.1530919649,watch,stable,-0.324399484517,1.17943808152,61.0584977687,51.6524571564,70.464538381,0.257640123102,16,56.6192184288,COMP_0602,39.4127529741,COMP_1276,0.457132176649
GROUP_0103,2025-05,56.5388334304,watch,stable,-1.61425853441,-0.121800938669,56.1581045939,46.7520639816,65.5641452061,0.257640123102,16,48.9337808914,COMP_0755,42.4639140366,COMP_1276,0.463491972268
GROUP_0103,2025-06,56.6875457488,watch,stable,0.148712318365,-1.78994570056,56.3957154516,46.9896748393,65.8017560639,0.450870215428,16,52.9779681616,COMP_0602,42.6030952539,COMP_1276,0.456200994493
GROUP_0103,2025-07,55.4928188856,watch,stable,-1.19472686323,-2.66027307927,52.8254817962,43.4194411839,62.2315224085,0.450870215428,16,49.9525310182,COMP_0755,42.3848588577,COMP_1276,0.492837281225
GROUP_0103,2025-08,57.3522372701,watch,stable,1.85941838453,0.813403839671,54.6849001807,45.2788595684,64.090940793,0.450870215428,16,52.7286860998,COMP_0755,41.1763196171,COMP_1276,0.504800745664
GROUP_0103,2025-09,57.4953869069,watch,stable,0.143149636821,0.807841158127,58.2254500547,48.8194094424,67.631490667,0.450870215428,16,51.7586792597,COMP_0755,42.4189062246,COMP_1276,0.470191851284
GROUP_0103,2025-10,58.8916868432,watch,stable,1.39629993628,3.39886795763,60.5866502225,51.1806096103,69.9926908348,0.450870215428,16,55.6644329352,COMP_0602,34.9114725426,COMP_1276,0.521379479592
GROUP_0103,2025-11,59.0360363034,watch,stable,0.144349460188,1.68379903328,61.89849466,52.4924540477,71.3045352723,0.450870215428,16,66.0016275171,COMP_0602,25.4475095865,COMP_1276,0.571423761343
GROUP_0103,2025-12,56.7520394093,watch,stable,-2.28399689408,-0.743347497614,59.6144977659,50.2084571536,69.0205383782,0.579690276979,16,62.9076968807,COMP_0602,27.3162337237,COMP_1276,0.537296245982
GROUP_0103,2026-01,56.6696855625,watch,stable,-0.0823538468141,-2.2220012807,55.9734828208,46.5674422085,65.379523433,0.579690276979,16,58.9858184825,COMP_0602,29.5162189122,COMP_1276,0.50432880841
GROUP_0103,2026-02,57.7707239792,watch,stable,1.10103841666,-1.26531232423,56.717954765,47.3119141527,66.1239953773,0.579690276979,16,59.7410781976,COMP_0602,30.6411931304,COMP_1276,0.499474730506
GROUP_0103,2026-03,56.5724871073,watch,stable,-1.1982368719,-0.179552302052,54.4214561561,45.0154155438,63.8274967684,0.579690276979,16,62.3757410434,COMP_0602,27.9392631152,COMP_1276,0.553623188546
GROUP_0103,2026-04,57.1372306928,watch,stable,0.564743585567,0.467545130329,56.7172260741,47.3111854618,66.1232666864,0.579690276979,16,62.0677243608,COMP_0602,27.3095758835,COMP_1276,0.546183419789
GROUP_0103,2026-05,55.5298250374,watch,stable,-1.6074056554,-2.24089894173,55.1098204187,45.7037798064,64.515861031,0.579690276979,16,63.7739480536,COMP_0602,28.4189912405,COMP_1276,0.562913454912
GROUP_0103,2026-06,53.0820662418,watch,stable,-2.44775879563,-3.49042086547,49.4226945347,40.0166539224,58.828735147,0.644100307754,16,59.345933273,COMP_0128,27.8864419494,COMP_1276,0.571480436082
GROUP_0103,2026-07,51.969094765,watch,stable,-1.11297147685,-5.16813592788,46.0353792937,36.6293386814,55.441419906,0.644100307754,16,61.1057096376,COMP_0128,26.9492171419,COMP_1276,0.578678555375
GROUP_0103,2026-08,51.9463848544,watch,deteriorating,-0.022709910565,-3.58344018304,46.0126693831,36.6066287708,55.4187099954,0.644100307754,16,61.1673598749,COMP_0602,23.3839493669,COMP_1276,0.582440602172
GROUP_0104,2026-01,52.5796156611,watch,warmup,,,52.5796156611,43.1735750488,61.9856562734,0.395862655056,7,37.7010137424,COMP_0058,49.1271029798,COMP_0132,0.499056468106
GROUP_0104,2026-02,51.1154765126,watch,warmup,-1.46413914843,,51.1154765126,41.7094359004,60.5215171249,0.393303619197,10,40.7883197841,COMP_0058,47.0619154192,COMP_0132,0.506214074061
GROUP_0104,2026-03,52.5270428731,watch,warmup,1.41156636043,,52.3929822637,42.9869416514,61.799022876,0.393303619197,10,37.9406843387,COMP_0058,48.5914014051,COMP_0132,0.484471043853
GROUP_0104,2026-04,53.6415734677,watch,stable,1.11453059465,1.06195780665,57.3862906197,47.9802500074,66.792331232,0.393303619197,10,38.444789908,COMP_1208,48.8424361636,COMP_0132,0.497121190645
GROUP_0104,2026-05,53.7105296002,watch,stable,0.0689561324241,2.5950530875,56.1221393128,46.7160987005,65.5281799251,0.393303619197,10,42.4481692123,COMP_0058,49.7951403389,COMP_0132,0.482993083414
GROUP_0104,2026-06,54.8411929295,watch,stable,1.13066332934,2.31415005641,57.900222557,48.4941819447,67.3062631693,0.678579258885,10,39.2333099918,COMP_1208,50.913440057,COMP_0132,0.479513858329
GROUP_0104,2026-07,55.4622588196,watch,stable,0.621065890109,1.82068535188,59.8738490684,50.4678084561,69.2798896806,0.688281333595,10,41.2683433142,COMP_1208,47.8088558794,COMP_0132,0.504874838882
GROUP_0104,2026-08,51.4686129362,watch,stable,-3.99364588338,-2.24191666393,54.5276425637,45.1216019514,63.933683176,0.688281333595,10,38.0258641056,COMP_0944,47.8255159414,COMP_0132,0.506791681089
GROUP_0105,2025-09,82.133028498,solid,warmup,,,82.133028498,72.7269878857,91.5390691103,0.295111111111,1,0,COMP_1000,82.133028498,COMP_1000,
GROUP_0105,2025-10,84.3854370517,solid,warmup,2.25240855372,,84.3854370517,74.9793964394,93.791477664,0.295111111111,1,0,COMP_1000,84.3854370517,COMP_1000,
GROUP_0105,2025-11,86.7734962276,solid,warmup,2.38805917588,,98.606688938,89.2006483258,100,0.295111111111,1,0,COMP_1000,86.7734962276,COMP_1000,
GROUP_0105,2025-12,84.6553486632,solid,stable,-2.11814756435,2.52232016524,92.5429626156,83.1369220034,100,0.295111111111,1,0,COMP_1000,84.6553486632,COMP_1000,
GROUP_0105,2026-01,85.7366041123,solid,stable,1.08125544908,1.35116706061,90.1778557069,80.7718150946,99.5838963192,0.295111111111,1,0,COMP_1000,85.7366041123,COMP_1000,
GROUP_0105,2026-02,80.8591152631,solid,stable,-4.87748884923,-5.9143809645,81.5473898725,72.1413492602,90.9534304848,0.516444444444,1,0,COMP_1000,80.8591152631,COMP_1000,
GROUP_0105,2026-03,80.1444494994,solid,stable,-0.714665763634,-4.51089916378,75.6483892189,66.2423486067,85.0544298312,0.516444444444,1,0,COMP_1000,80.1444494994,COMP_1000,
GROUP_0105,2026-04,80.7742345378,solid,stable,0.629785038331,-4.96236957453,73.1057059593,63.6996653471,82.5117465716,0.516444444444,1,0,COMP_1000,80.7742345378,COMP_1000,
GROUP_0105,2026-05,64.2641741463,healthy,deteriorating,-16.5100603915,-16.5949411168,54.5837789759,45.1777383636,63.9898195882,0.516444444444,1,0,COMP_1000,64.2641741463,COMP_1000,
GROUP_0105,2026-06,65.5520497552,healthy,deteriorating,1.28787560887,-14.5923997443,44.9638043109,35.5577636986,54.3698449232,0.516444444444,1,0,COMP_1000,65.5520497552,COMP_1000,
GROUP_0105,2026-07,84.9697963616,solid,deteriorating,19.4177466064,4.1955618238,84.753350512,75.3473098998,94.1593911243,0.516444444444,1,0,COMP_1000,84.9697963616,COMP_1000,
GROUP_0105,2026-08,87.9036096044,solid,stable,2.93381324283,23.6394354581,95.0360647049,85.6300240926,100,0.664,1,0,COMP_1000,87.9036096044,COMP_1000,
GROUP_0106,2024-09,64.0880460444,healthy,warmup,,,64.0880460444,54.6820054321,73.4940866567,0.261007208556,3,62.4204106765,COMP_1150,34.1155165103,COMP_0160,0.302025793182
GROUP_0106,2024-10,62.5860136874,healthy,warmup,-1.50203235699,,62.5860136874,53.1799730751,71.9920542997,0.261007208556,3,61.8755941999,COMP_1150,31.8141253638,COMP_0160,0.291402173337
GROUP_0106,2024-11,62.446690399,healthy,warmup,-0.139323288419,,58.2612335032,48.8551928909,67.6672741155,0.261007208556,3,60.0176209118,COMP_1150,32.7328024244,COMP_0160,0.296364079773
GROUP_0106,2024-12,60.4885766303,healthy,stable,-1.95811376873,-3.59946941414,54.7547953804,45.3487547681,64.1608359927,0.261007208556,3,58.1009365849,COMP_1150,33.0074027502,COMP_0160,0.323064419332
GROUP_0106,2025-01,61.7145476007,healthy,stable,1.22597097039,-0.871466086759,58.1087138949,48.7026732826,67.5147545072,0.261007208556,3,53.135824331,COMP_1150,35.6212176031,COMP_0160,0.292555489717
GROUP_0106,2025-02,63.4082299606,healthy,stable,1.69368235991,0.961539561575,61.9267376131,52.5206970008,71.3327782254,0.456762614973,3,53.0200204571,COMP_1150,37.2990415057,COMP_0160,0.276226315421
GROUP_0106,2025-03,61.4777780827,healthy,stable,-1.93045187791,0.989201452399,60.7672293117,51.3611886994,70.173269924,0.456762614973,3,56.9161417758,COMP_1150,35.3762163262,COMP_0160,0.286358994897
GROUP_0106,2025-04,58.7177607198,watch,stable,-2.76001736281,-2.99678688081,56.8507965841,47.4447559718,66.2568371964,0.456762614973,3,48.8096939161,COMP_1150,37.8723637939,COMP_0160,0.297430911375
GROUP_0106,2025-05,61.1404354638,healthy,stable,2.42267474394,-2.26779449678,60.4084424893,51.002401877,69.8144831016,0.456762614973,3,51.4325873923,COMP_1150,33.9221016037,COMP_0160,0.27056094401
GROUP_0106,2025-06,60.6661977717,healthy,stable,-0.474237692105,-0.811580310977,59.286511243,49.8804706307,68.6925518553,0.456762614973,3,57.9801002063,COMP_1150,29.2052026745,COMP_0160,0.272434230975
GROUP_0106,2025-07,58.6757040698,watch,stable,-1.9904937019,-0.0420566500666,55.1030597034,45.6970190911,64.5091003156,0.456762614973,3,58.1937842878,COMP_1150,25.9676755175,COMP_0160,0.285404247111
GROUP_0106,2025-08,56.063074131,watch,deteriorating,-2.61262993874,-5.07736133275,52.4904297646,43.0843891523,61.8964703769,0.587266219251,3,56.9922177452,COMP_1150,21.5150097288,COMP_0160,0.314625660586
GROUP_0106,2025-09,55.7161423235,watch,deteriorating,-0.346931807543,-4.95005544818,49.4310772688,40.0250366565,58.8371178811,0.587266219251,3,53.7710098942,COMP_1150,23.3433375899,COMP_0160,0.289010478662
GROUP_0106,2025-10,57.4355362275,watch,deteriorating,1.71939390402,-1.24016784227,51.1504711728,41.7444305605,60.5565117851,0.587266219251,3,58.0880653024,COMP_1150,22.5890863425,COMP_0160,0.288618660041
GROUP_0106,2025-11,56.1520270109,watch,deteriorating,-1.28350921663,0.0889528798453,52.0329335421,42.6268929298,61.4389741544,0.587266219251,3,59.1713240543,COMP_1150,20.8375858297,COMP_0160,0.308729702546
GROUP_0106,2025-12,55.901671683,watch,stable,-0.250355327894,0.185529359494,54.1323194645,44.7262788522,63.5383600768,0.587266219251,3,58.9616110746,COMP_1150,21.0595355338,COMP_0160,0.311149857457
GROUP_0106,2026-01,54.5908579389,watch,stable,-1.31081374405,-2.84467828857,53.1561203486,43.7500797364,62.5621609609,0.587266219251,3,60.9214242819,COMP_1150,18.7575678195,COMP_0160,0.333321061278
GROUP_0106,2026-02,55.9417579069,watch,stable,1.35089996792,-0.210269104021,54.6649457346,45.2589051223,64.0709863469,0.65251802139,3,55.0918909145,COMP_1150,23.7189157544,COMP_0160,0.294081746803
GROUP_0106,2026-03,56.534478017,watch,stable,0.592720110101,0.632806333974,55.6153986422,46.2093580299,65.0214392545,0.65251802139,3,53.8314420037,COMP_1150,24.2397525549,COMP_0160,0.296985167059
GROUP_0106,2026-04,53.9381865124,watch,stable,-2.59629150456,-0.65267142654,52.8286450873,43.422604475,62.2346856996,0.65251802139,3,51.4813917546,COMP_1150,22.9338105975,COMP_0160,0.321788494457
GROUP_0106,2026-05,52.4910336852,watch,stable,-1.44715282724,-3.45072422171,49.8137577616,40.4077171493,59.2197983739,0.65251802139,3,52.8750528439,COMP_1150,20.0091030804,COMP_0160,0.345588055342
GROUP_0106,2026-06,53.3827621229,watch,stable,0.891728437706,-3.1517158941,50.7054861993,41.299445587,60.1115268116,0.65251802139,3,55.6047138726,COMP_1150,18.1840529502,COMP_0160,0.356715982624
GROUP_0106,2026-07,52.5829880284,watch,deteriorating,-0.799774094459,-1.355198484,48.5041401467,39.0980995344,57.910180759,0.65251802139,3,49.7170077382,COMP_1150,20.6047406117,COMP_0160,0.323813734382
GROUP_0106,2026-08,52.5207009088,watch,deteriorating,-0.0622871195687,0.0296672236783,50.216863486,40.8108228738,59.6229040983,0.65251802139,3,52.7385966949,COMP_1150,19.7369805399,COMP_0160,0.340501715805
GROUP_0107,2026-01,52.952724746,watch,warmup,,,52.952724746,43.5466841337,62.3587653582,0.303111111111,1,0,COMP_0280,52.952724746,COMP_0280,
GROUP_0107,2026-02,59.4783440003,watch,warmup,6.52561925439,,59.4783440003,50.0723033881,68.8843846126,0.298945975351,2,12.4577853707,COMP_0280,52.9922980833,COMP_1104,
GROUP_0107,2026-03,57.2722156138,watch,warmup,-2.20612838657,,68.2869173267,58.8808767144,77.692957939,0.298945975351,2,11.1167908903,COMP_0280,51.4843477047,COMP_1104,
GROUP_0107,2026-04,56.7618533385,watch,stable,-0.510362275284,3.80912859253,58.6981888402,49.2921482279,68.1042294525,0.298945975351,2,18.2361791836,COMP_0280,47.2673330833,COMP_1104,
GROUP_0107,2026-05,59.33255838,watch,stable,2.57070504149,-0.145785620366,65.1972547105,55.7912140983,74.6032953228,0.298945975351,2,14.4072427489,COMP_0280,51.8315431331,COMP_1104,
GROUP_0107,2026-06,59.9792676514,watch,stable,0.646709271393,2.7070520376,65.2331417052,55.8271010929,74.6391823175,0.407920034174,2,12.6049932657,COMP_0280,53.4165791258,COMP_1104,
GROUP_0107,2026-07,58.6784041354,watch,stable,-1.30086351597,1.91655079692,59.3170817905,49.9110411782,68.7231224028,0.523155456865,2,10.1085552086,COMP_0280,53.4154660379,COMP_1104,
GROUP_0107,2026-08,58.223462418,watch,stable,-0.45494171742,-1.10909596199,60.0163527831,50.6103121708,69.4223933954,0.523155456865,2,13.1309397491,COMP_0280,51.3869440792,COMP_1104,
GROUP_0108,2024-10,63.2375603349,healthy,warmup,,,63.2375603349,53.8315197226,72.6436009472,0.331768927453,11,53.1743161526,COMP_0322,39.4571690114,COMP_0231,0.494575171704
GROUP_0108,2024-11,65.2688130965,healthy,warmup,2.03125276159,,65.2688130965,55.8627724842,74.6748537088,0.331768927453,11,53.2322397535,COMP_0322,39.1321956246,COMP_0231,0.469363885754
GROUP_0108,2024-12,64.0600742862,healthy,warmup,-1.20873881031,,66.157484862,56.7514442497,75.5635254742,0.331764752328,12,57.3305495035,COMP_0322,37.328474647,COMP_0231,0.4833879306
GROUP_0108,2025-01,65.1011521758,healthy,stable,1.04107788959,1.86359184088,67.7339105284,58.3278699161,77.1399511407,0.331380061243,16,54.9201836556,COMP_0322,42.0472682103,COMP_0779,0.475283519013
GROUP_0108,2025-02,64.6820283064,healthy,stable,-0.419123869314,-0.586784790027,66.3958680142,56.9898274019,75.8019086265,0.331380061243,16,51.9847484513,COMP_0587,45.0718158939,COMP_0779,0.421953870522
GROUP_0108,2025-03,65.8293133512,healthy,stable,1.14728504475,1.76923906503,67.6861243486,58.2800837363,77.0921649609,0.576019439302,16,54.5537986234,COMP_0322,42.5203751587,COMP_0779,0.457884485656
GROUP_0108,2025-04,63.235520786,healthy,stable,-2.5937925652,-1.86563138976,62.2379866429,52.8319460307,71.6440272552,0.534725235415,18,53.3884653107,COMP_0322,43.6299054001,COMP_0779,0.460835090501
GROUP_0108,2025-05,63.2536364554,healthy,stable,0.0181156694464,-1.428391851,62.2023307427,52.7962901304,71.608371355,0.53475337737,18,52.3880805152,COMP_1017,42.6416841742,COMP_0779,0.463339499795
GROUP_0108,2025-06,63.0698903124,healthy,stable,-0.183746142999,-2.75942303876,60.9323585789,51.5263179667,70.3383991912,0.53809154503,18,52.1150303457,COMP_1017,45.2139212453,COMP_0779,0.488097068923
GROUP_0108,2025-07,62.7024599592,healthy,stable,-0.367430353239,-0.533060826792,60.683300245,51.2772596327,70.0893408573,0.53809154503,18,56.0473051192,COMP_1017,41.3320028427,COMP_0779,0.467689281322
GROUP_0108,2025-08,62.469895233,healthy,stable,-0.232564726217,-0.783741222455,61.0643951676,51.6583545553,70.4704357799,0.53809154503,18,52.9160918549,COMP_0322,44.1747687275,COMP_0779,0.450824356135
GROUP_0108,2025-09,63.1695968755,healthy,stable,0.699701642551,0.0997065630947,62.26339347,52.8573528577,71.6694340823,0.706755915208,18,51.2711545366,COMP_1017,43.0867155016,COMP_0779,0.419940468295
GROUP_0108,2025-10,63.6832997821,healthy,stable,0.513702906602,0.980839822936,63.8528009394,54.4467603271,73.2588415517,0.706755915208,18,56.0184662801,COMP_0322,35.122405092,COMP_1030,0.468139613484
GROUP_0108,2025-11,63.575558312,healthy,stable,-0.107741470094,1.10566307906,64.6107599751,55.2047193629,74.0168005874,0.706774676511,18,51.5043481709,COMP_0879,40,COMP_0779,0.437027194462
GROUP_0108,2025-12,63.1578275471,healthy,stable,-0.417730764913,-0.0117693284047,64.1930292102,54.7869885979,73.5990698225,0.709000121618,18,50.1687423986,COMP_0879,40,COMP_0527,0.483908265591
GROUP_0108,2026-01,63.7468143208,healthy,stable,0.588986773631,0.0635145386247,64.6239280213,55.217887409,74.0299686336,0.709000121618,18,52.4992522562,COMP_0322,35.8979906596,COMP_0527,0.486345360831
GROUP_0108,2026-02,64.3705537768,healthy,stable,0.623739455987,0.794995464705,65.2468026199,55.8407620076,74.6528432322,0.709000121618,18,53.2612422032,COMP_0322,37.7765748874,COMP_0779,0.466566721953
GROUP_0108,2026-03,65.4709784452,healthy,stable,1.10042466842,2.31315089804,67.2944106815,57.8883700692,76.7004512937,0.797107625248,19,49.5616440929,COMP_0322,37.6913803389,COMP_0779,0.490767168146
GROUP_0108,2026-04,64.4565796784,healthy,stable,-1.01439876682,0.70976535759,66.1124886457,56.7064480334,75.5185292579,0.797107625248,19,51.5086510241,COMP_0322,36.7939852359,COMP_0527,0.458509042207
GROUP_0108,2026-05,64.4678953408,healthy,stable,0.0113156624274,0.0973415640307,65.8041644903,56.398123878,75.2102051026,0.797116990101,19,55.0266441784,COMP_0322,34.12965231,COMP_1165,0.493900337577
GROUP_0108,2026-06,65.0423411813,healthy,stable,0.57444584056,-0.428637263828,65.9617194819,56.5556788696,75.3677600942,0.798227838645,19,58.4002668595,COMP_0322,34.8870958795,COMP_1165,0.461514054981
GROUP_0108,2026-07,67.1846615057,healthy,stable,2.14232032434,2.72808182733,68.6783533383,59.272312726,78.0843939506,0.798227838645,19,55.8306343574,COMP_0322,40.8901016652,COMP_1165,0.430025652182
GROUP_0108,2026-08,66.1273462706,healthy,stable,-1.05731523511,1.65945092979,68.2575736757,58.8515330634,77.6636142879,0.798600600701,19,54.7781732825,COMP_0322,39.2045766012,COMP_1165,0.478010369951
GROUP_0109,2024-09,64.230569091,healthy,warmup,,,64.230569091,54.8245284787,73.6366097033,0.303111111111,1,0,COMP_1004,64.230569091,COMP_1004,
GROUP_0109,2024-10,64.9899137409,healthy,warmup,0.759344649902,,64.9899137409,55.5838731286,74.3959543532,0.303111111111,1,0,COMP_1004,64.9899137409,COMP_1004,
GROUP_0109,2024-11,66.6794415418,healthy,warmup,1.68952780088,,72.9240662913,63.518025679,82.3301069036,0.303111111111,1,0,COMP_1004,66.6794415418,COMP_1004,
GROUP_0109,2024-12,62.2381091797,healthy,stable,-4.44133236213,-1.99245991134,62.4808471123,53.0748065,71.8868877246,0.303111111111,1,0,COMP_1004,62.2381091797,COMP_1004,
GROUP_0109,2025-01,62.982993202,healthy,stable,0.744884022298,-2.00692053895,60.4940726481,51.0880320358,69.9001132603,0.303111111111,1,0,COMP_1004,62.982993202,COMP_1004,
GROUP_0109,2025-02,59.8998130479,watch,stable,-3.08318015407,-6.77962849389,55.4824418839,46.0764012716,64.8884824962,0.530444444444,1,0,COMP_1004,59.8998130479,COMP_1004,
GROUP_0109,2025-03,62.6404955646,healthy,stable,2.74068251671,0.402386384946,57.4908394437,48.0847988314,66.896880056,0.530444444444,1,0,COMP_1004,62.6404955646,COMP_1004,
GROUP_0109,2025-04,59.8029559409,watch,stable,-2.83753962374,-3.1800372611,54.396892597,44.9908519847,63.8029332093,0.530444444444,1,0,COMP_1004,59.8029559409,COMP_1004,
GROUP_0109,2025-05,57.0091687045,watch,stable,-2.79378723634,-2.89064434337,51.6756494199,42.2696088076,61.0816900322,0.530444444444,1,0,COMP_1004,57.0091687045,COMP_1004,
GROUP_0109,2025-06,58.777386559,watch,stable,1.76821785445,-3.86310900563,53.8632911752,44.457250563,63.2693317875,0.530444444444,1,0,COMP_1004,58.777386559,COMP_1004,
GROUP_0109,2025-07,55.4092558797,watch,deteriorating,-3.36813067924,-4.39370006114,50.495160496,41.0891198837,59.9012011083,0.530444444444,1,0,COMP_1004,55.4092558797,COMP_1004,
GROUP_0109,2025-08,61.3285939768,healthy,deteriorating,5.91933809711,4.31942527232,57.2488162736,47.8427756613,66.6548568859,0.682,1,0,COMP_1004,61.3285939768,COMP_1004,
GROUP_0109,2025-09,56.2011747174,watch,stable,-5.12741925945,-2.57621184158,53.5859727936,44.1799321813,62.9920134059,0.682,1,0,COMP_1004,56.2011747174,COMP_1004,
GROUP_0109,2025-10,51.7145076897,watch,stable,-4.48666702771,-3.69474819005,47.334947559,37.9289069467,56.7409881713,0.682,1,0,COMP_1004,51.7145076897,COMP_1004,
GROUP_0109,2025-11,51.5974700485,watch,stable,-0.117037641214,-9.73112392837,44.2739552078,34.8679145955,53.67999582,0.682,1,0,COMP_1004,51.5974700485,COMP_1004,
GROUP_0109,2025-12,52.3058815596,watch,deteriorating,0.70841151112,-3.89529315781,46.0248096365,36.6187690242,55.4308502488,0.682,1,0,COMP_1004,52.3058815596,COMP_1004,
GROUP_0109,2026-01,50.3765705571,watch,deteriorating,-1.92931100248,-1.33793713258,40.5370844445,31.1310438322,49.9431250567,0.682,1,0,COMP_1004,50.3765705571,COMP_1004,
GROUP_0109,2026-02,48.4873433119,watch,deteriorating,-1.88922724521,-3.11012673657,41.8653449436,32.4593043313,51.2713855559,0.757777777778,1,0,COMP_1004,48.4873433119,COMP_1004,
GROUP_0109,2026-03,51.684020866,watch,deteriorating,3.19667755414,-0.62186069355,50.626857687,41.2208170747,60.0328982993,0.757777777778,1,0,COMP_1004,51.684020866,COMP_1004,
GROUP_0109,2026-04,54.0330151409,watch,stable,2.34899427484,3.65644458377,56.235110457,46.8290698447,65.6411510693,0.757777777778,1,0,COMP_1004,54.0330151409,COMP_1004,
GROUP_0109,2026-05,47.6910262462,watch,stable,-6.34198889465,-0.796317065679,46.3372872346,36.9312466223,55.7433278469,0.757777777778,1,0,COMP_1004,47.6910262462,COMP_1004,
GROUP_0109,2026-06,45.9217286999,watch,stable,-1.7692975463,-5.76229216612,42.4976597035,33.0916190913,51.9037003158,0.757777777778,1,0,COMP_1004,45.9217286999,COMP_1004,
GROUP_0109,2026-07,48.0159824478,watch,stable,2.09425374791,-6.01703269304,44.7448238176,35.3387832053,54.1508644298,0.757777777778,1,0,COMP_1004,48.0159824478,COMP_1004,
GROUP_0109,2026-08,44.6178094917,watch,deteriorating,-3.3981729561,-3.0732167545,35.5943920056,26.1883513933,45.0004326179,0.757777777778,1,0,COMP_1004,44.6178094917,COMP_1004,
GROUP_0110,2024-09,56.6388449987,watch,warmup,,,56.6388449987,47.2328043864,66.0448856109,0.303111111111,1,0,COMP_0359,56.6388449987,COMP_0359,
GROUP_0110,2024-10,60.3715981421,healthy,warmup,3.73275314346,,60.3715981421,50.9655575298,69.7776387544,0.303111111111,1,0,COMP_0359,60.3715981421,COMP_0359,
GROUP_0110,2024-11,57.3187746398,watch,warmup,-3.05282350227,,59.0525952249,49.6465546126,68.4586358372,0.303111111111,1,0,COMP_0359,57.3187746398,COMP_0359,
GROUP_0110,2024-12,57.6437398863,watch,stable,0.324965246502,1.00489488769,59.3265619195,49.9205213072,68.7326025317,0.303111111111,1,0,COMP_0359,57.6437398863,COMP_0359,
GROUP_0110,2025-01,60.0349399535,healthy,stable,2.39120006718,-0.336658188588,61.7560109006,52.3499702883,71.1620515129,0.303111111111,1,0,COMP_0359,60.0349399535,COMP_0359,
GROUP_0110,2025-02,60.4823819682,healthy,stable,0.447442014717,3.1636073284,62.7643362433,53.358295631,72.1703768556,0.530444444444,1,0,COMP_0359,60.4823819682,COMP_0359,
GROUP_0110,2025-03,62.8142472238,healthy,stable,2.33186525551,5.17050733741,68.192379682,58.7863390697,77.5984202943,0.530444444444,1,0,COMP_0359,62.8142472238,COMP_0359,
GROUP_0110,2025-04,62.9814999174,healthy,stable,0.167252693617,2.94655996384,69.7871439569,60.3811033446,79.1931845692,0.530444444444,1,0,COMP_0359,62.9814999174,COMP_0359,
GROUP_0110,2025-05,59.109409731,watch,stable,-3.87209018641,-1.37297223728,64.1185616695,54.7125210572,73.5246022818,0.530444444444,1,0,COMP_0359,59.109409731,COMP_0359,
GROUP_0110,2025-06,57.5125927997,watch,stable,-1.59681693128,-5.30165442408,55.1785399963,45.772499384,64.5845806086,0.530444444444,1,0,COMP_0359,57.5125927997,COMP_0359,
GROUP_0110,2025-07,55.8714237354,watch,stable,-1.64116906429,-7.11007618199,47.6145594467,38.2085188344,57.020600059,0.530444444444,1,0,COMP_0359,55.8714237354,COMP_0359,
GROUP_0110,2025-08,56.1422195064,watch,stable,0.270795771011,-2.96719022456,47.7722572785,38.3662166662,57.1782978908,0.682,1,0,COMP_0359,56.1422195064,COMP_0359,
GROUP_0110,2025-09,55.813192499,watch,stable,-0.329027007371,-1.69940030065,48.5015189323,39.09547832,57.9075595446,0.682,1,0,COMP_0359,55.813192499,COMP_0359,
GROUP_0110,2025-10,56.3419150827,watch,stable,0.528722583687,0.470491347328,53.5190705415,44.1130299292,62.9251111538,0.682,1,0,COMP_0359,56.3419150827,COMP_0359,
GROUP_0110,2025-11,58.7353120563,watch,stable,2.39339697363,2.59309254994,59.5351473468,50.1291067345,68.9411879591,0.682,1,0,COMP_0359,58.7353120563,COMP_0359,
GROUP_0110,2025-12,61.4769713339,healthy,stable,2.74165927753,5.66377883484,65.8852286688,56.4791880565,75.2912692811,0.682,1,0,COMP_0359,61.4769713339,COMP_0359,
GROUP_0110,2026-01,59.2241036097,watch,stable,-2.25286772413,2.88218852703,63.6323609446,54.2263203324,73.0384015569,0.682,1,0,COMP_0359,59.2241036097,COMP_0359,
GROUP_0110,2026-02,59.0378017032,watch,stable,-0.186301906506,0.302489646896,62.4750571444,53.0690165321,71.8810977567,0.757777777778,1,0,COMP_0359,59.0378017032,COMP_0359,
GROUP_0110,2026-03,59.2231940383,watch,stable,0.185392335061,-2.25377729557,60.1686949471,50.7626543348,69.5747355594,0.757777777778,1,0,COMP_0359,59.2231940383,COMP_0359,
GROUP_0110,2026-04,57.9111446176,watch,stable,-1.31204942071,-1.31295899216,56.9610048944,47.5549642821,66.3670455067,0.757777777778,1,0,COMP_0359,57.9111446176,COMP_0359,
GROUP_0110,2026-05,62.0797917003,healthy,stable,4.16864708276,3.0419899971,61.1296519772,51.7236113649,70.5356925894,0.757777777778,1,0,COMP_0359,62.0797917003,COMP_0359,
GROUP_0110,2026-06,62.646365138,healthy,stable,0.566573437614,3.42317109966,66.1370718967,56.7310312844,75.543112509,0.757777777778,1,0,COMP_0359,62.646365138,COMP_0359,
GROUP_0110,2026-07,59.5817633874,watch,stable,-3.06460175053,1.67061876984,62.4218152961,53.0157746838,71.8278559084,0.757777777778,1,0,COMP_0359,59.5817633874,COMP_0359,
GROUP_0110,2026-08,59.7793492897,watch,stable,0.197585902271,-2.30044241065,60.7870373913,51.380996779,70.1930780036,0.757777777778,1,0,COMP_0359,59.7793492897,COMP_0359,
GROUP_0111,2024-09,49.1370770192,watch,warmup,,,49.1370770192,39.7310364069,58.5431176315,0.315557843732,2,24.576845765,COMP_1061,36.8549807047,COMP_0476,0.236670244557
GROUP_0111,2024-10,47.552954552,watch,warmup,-1.58412246716,,47.552954552,38.1469139397,56.9589951643,0.315557843732,2,20.1630875824,COMP_1061,37.4766011399,COMP_0476,0.224268960193
GROUP_0111,2024-11,50.4833799939,watch,warmup,2.93042544187,,53.9164525794,44.5104119671,63.3224931917,0.315557843732,2,22.0317159622,COMP_1061,39.4731934139,COMP_0476,0.215687848171
GROUP_0111,2024-12,51.9741596785,watch,stable,1.49077968458,2.83708265929,58.1871681346,48.7811275223,67.5932087468,0.315557843732,2,21.5122938793,COMP_1061,41.2235504303,COMP_0476,0.211700380703
GROUP_0111,2025-01,51.3221663942,watch,stable,-0.651993284239,3.76921184221,55.4502229474,46.0441823351,64.8562635597,0.315557843732,2,18.3207322324,COMP_1061,42.1665163982,COMP_0476,0.208132279263
GROUP_0111,2025-02,49.7043053846,watch,stable,-1.6178610096,-0.779074609265,52.4472776962,43.0412370839,61.8533183085,0.552226226531,2,17.1523482565,COMP_1061,41.1325466113,COMP_0476,0.217458229032
GROUP_0111,2025-03,50.0113528889,watch,stable,0.307047504268,-1.96280678958,51.5772951607,42.1712545484,60.983335773,0.552226226531,2,15.0842322493,COMP_1061,42.4731197451,COMP_0476,0.206535457887
GROUP_0111,2025-04,52.200782926,watch,stable,2.18943003706,0.878616531724,52.4897275665,43.0836869542,61.8957681788,0.552226226531,2,12.7237290806,COMP_1061,45.8421937261,COMP_0476,0.182278312871
GROUP_0111,2025-05,54.829004857,watch,stable,2.62822193106,5.12469947239,56.3949471288,46.9889065165,65.8009877411,0.552226226531,2,14.418672345,COMP_1061,47.623380337,COMP_0476,0.1728744315
GROUP_0111,2025-06,54.849403636,watch,stable,0.0203987789904,4.83805074711,61.2154213664,51.8093807541,70.6214619787,0.552226226531,2,13.2986317714,COMP_1061,48.2035110821,COMP_0476,0.170168740159
GROUP_0111,2025-07,57.5930681651,watch,stable,2.74366452903,5.39228523909,65.8177544351,56.4117138229,75.2237950474,0.552226226531,2,14.6872508959,COMP_1061,50.253223507,COMP_0476,0.160319248093
GROUP_0111,2025-08,52.819671542,watch,stable,-4.77339662307,-2.00933331504,59.8680329774,50.4619923652,69.2740735897,0.710005148397,2,8.253997143,COMP_1061,48.6947977132,COMP_0476,0.166029340776
GROUP_0111,2025-09,50.5162688691,watch,stable,-2.30340267291,-4.33313476694,48.798064531,39.3920239188,58.2041051433,0.710005148397,2,0.695942951367,COMP_0476,50.1681182439,COMP_1061,0.159664579575
GROUP_0111,2025-10,52.0158456323,watch,stable,1.49957676323,-5.57722253275,48.4030591776,38.9970185653,57.8090997899,0.710005148397,2,1.48268198768,COMP_0476,51.2741229667,COMP_1061,0.147244733193
GROUP_0111,2025-11,49.735447691,watch,stable,-2.28039794133,-3.08422385101,44.4922671443,35.086226532,53.8983077565,0.710005148397,2,4.76256153658,COMP_0476,47.3529409448,COMP_1061,0.147211069461
GROUP_0111,2025-12,50.9563482253,watch,stable,1.22090053437,0.440079356268,45.7131676786,36.3071270663,55.1192082909,0.710005148397,2,5.28015237066,COMP_0476,48.314912824,COMP_1061,0.145471322625
GROUP_0111,2026-01,51.4777680275,watch,stable,0.521419802192,-0.53807760477,50.1090264428,40.7029858305,59.5150670551,0.710005148397,2,6.65467423366,COMP_0476,48.1487178655,COMP_1061,0.135856451523
GROUP_0111,2026-02,53.5579170515,watch,stable,2.08014902396,3.82246936052,56.2171580427,46.8111174304,65.623198655,0.78889460933,2,8.99326728668,COMP_0476,49.0589683626,COMP_1061,0.109099350265
GROUP_0111,2026-03,53.7234924824,watch,stable,0.165575430933,2.76714425708,58.1664093407,48.7603687284,67.5724499529,0.78889460933,2,9.93407439849,COMP_0476,48.7538980552,COMP_1061,0.108371730371
GROUP_0111,2026-04,53.5089655446,watch,stable,-0.214526937861,2.03119751703,57.9518824028,48.5458417905,67.3579230151,0.78889460933,2,11.9031413711,COMP_0476,47.5543307541,COMP_1061,0.103881597615
GROUP_0111,2026-05,53.9685003823,watch,stable,0.459534837706,0.410583330778,57.0408955823,47.63485497,66.4469361946,0.78889460933,2,11.5508336161,COMP_0476,48.1901101603,COMP_1061,0.100665890678
GROUP_0111,2026-06,56.5440967409,watch,stable,2.57559635862,2.82060425847,59.9971325198,50.5910919075,69.4031731321,0.78889460933,2,6.34103534997,COMP_0476,53.3719467575,COMP_1061,0.0921663756117
GROUP_0111,2026-07,56.7711978491,watch,improving,0.227101108227,3.26223230455,60.0487442627,50.6427036504,69.454784875,0.78889460933,2,9.14983262956,COMP_0476,52.1939261858,COMP_1061,0.0916948863185
GROUP_0111,2026-08,56.068453965,watch,improving,-0.702743884069,2.09995358278,59.3318017012,49.9257610889,68.7378423135,0.78889460933,2,12.992233964,COMP_0476,49.5689925241,COMP_1061,0.0768496741283
GROUP_0112,2024-09,54.3725658189,watch,warmup,,,54.3725658189,44.9665252066,63.7786064312,0.328850298921,10,39.7073081925,COMP_0773,38.3956502088,COMP_0674,0.443924479306
GROUP_0112,2024-10,56.0165951018,watch,warmup,1.64402928288,,56.0165951018,46.6105544895,65.4226357141,0.328850298921,10,42.2559893794,COMP_0379,39.2987276423,COMP_0674,0.46806077218
GROUP_0112,2024-11,57.1441090436,watch,warmup,1.12751394186,,64.2115442667,54.8055036544,73.617584879,0.328850298921,10,39.3681407886,COMP_0773,41.8283154988,COMP_0674,0.460598856366
GROUP_0112,2024-12,55.0388817285,watch,stable,-2.10522731513,0.666315909604,58.4804108034,49.0743701911,67.8864514157,0.328850298921,10,40.2378748634,COMP_0773,39.5148538439,COMP_0674,0.516103795895
GROUP_0112,2025-01,53.8590497972,watch,stable,-1.1798319313,-2.15754530457,52.2850987825,42.8790581702,61.6911393947,0.328850298921,10,42.2803898284,COMP_0773,36.8979891587,COMP_0674,0.448886743139
GROUP_0112,2025-02,57.379902538,watch,stable,3.52085274079,0.235793494365,58.5126395843,49.106598972,67.9186801966,0.575488023112,10,42.7444054569,COMP_0379,37.875249986,COMP_0674,0.449074592007
GROUP_0112,2025-03,63.9487671533,healthy,stable,6.56886461535,8.90988542485,69.6990882568,60.2930476445,79.1051288691,0.465969081768,12,44.3255861859,COMP_0379,40.2580138761,COMP_0080,0.447494642411
GROUP_0112,2025-04,66.1749268072,healthy,stable,2.22615965388,12.31587701,77.528341042,68.1223004297,86.9343816543,0.465969081768,12,49.6391354293,COMP_0379,40.539819795,COMP_0080,0.440826038401
GROUP_0112,2025-05,63.9283905611,healthy,stable,-2.2465362461,6.54848802313,76.7668000351,67.3607594228,86.1728406474,0.465969081768,12,49.0366057561,COMP_0379,39.0161313109,COMP_0080,0.457368161925
GROUP_0112,2025-06,63.9109410038,healthy,stable,-0.0174495573458,-0.0378261495653,75.0433706431,65.6373300308,84.4494112554,0.465969081768,12,45.8232006833,COMP_0379,39.1464854442,COMP_0080,0.450414026734
GROUP_0112,2025-07,63.9885443738,healthy,stable,0.0776033699714,-2.18638243347,64.1419365959,54.7358959837,73.5479772082,0.465969081768,12,48.0281660836,COMP_0379,37.2311135611,COMP_0080,0.477447633934
GROUP_0112,2025-08,65.617089709,healthy,stable,1.62854533522,1.68869914785,65.667805665,56.2617650527,75.0738462773,0.624640819228,12,43.0079108551,COMP_0379,40.8822865953,COMP_0080,0.444499170087
GROUP_0112,2025-09,62.6893142042,healthy,stable,-2.92777550475,-1.22162679956,61.1094918492,51.7034512369,70.5155324615,0.624640819228,12,41.7866238688,COMP_0773,40.891704307,COMP_0080,0.429547894327
GROUP_0112,2025-10,62.860875158,healthy,stable,0.171560953767,-1.12766921576,61.7720094468,52.3659688345,71.1780500591,0.624640819228,12,43.446010021,COMP_0379,39.626261208,COMP_0080,0.432115318991
GROUP_0112,2025-11,64.4968815596,healthy,stable,1.63600640159,-1.1202081494,64.8926587464,55.4866181341,74.2986993587,0.624640819228,12,43.928622883,COMP_0379,41.450667913,COMP_0080,0.429731806867
GROUP_0112,2025-12,62.8375822255,healthy,stable,-1.65929933409,0.148268021262,61.6636008342,52.257560222,71.0696414465,0.624640819228,12,49.4378727105,COMP_0379,38.0562638658,COMP_0080,0.444537239891
GROUP_0112,2026-01,62.6942934435,healthy,stable,-0.143288781982,-0.166581714488,61.9635206554,52.5574800431,71.3695612677,0.624640819228,12,45.7784661657,COMP_0379,38.8444480982,COMP_0080,0.406220498629
GROUP_0112,2026-02,61.7740576144,healthy,stable,-0.920235829087,-2.72282394516,61.0432848263,51.637244214,70.4493254386,0.710852226368,12,43.9050316962,COMP_0379,37.3933009833,COMP_0080,0.407747108306
GROUP_0112,2026-03,63.33785982,healthy,stable,1.56380220561,0.50027759454,62.6070870319,53.2010464196,72.0131276442,0.710852226368,12,52.5040504155,COMP_0379,33.1340966628,COMP_0080,0.437614755379
GROUP_0112,2026-04,63.604162143,healthy,stable,0.266302322999,0.909868699521,62.8733893549,53.4673487426,72.2794299672,0.710852226368,12,61.686616323,COMP_0379,24.3371505617,COMP_0080,0.435286842685
GROUP_0112,2026-05,61.4247303839,healthy,stable,-2.17943175913,-0.34932723052,60.830874092,51.4248334797,70.2369147043,0.710852226368,12,47.6668626533,COMP_0379,29.6178928764,COMP_0080,0.409171362349
GROUP_0112,2026-06,58.5059229521,watch,stable,-2.91880743176,-4.83193686789,54.3390512577,44.9330106454,63.74509187,0.710852226368,12,46.5925537884,COMP_0379,30.5159789427,COMP_0480,0.418202285593
GROUP_0112,2026-07,58.4193164017,watch,stable,-0.0866065504616,-5.18484574135,53.5408363395,44.1347957273,62.9468769518,0.710852226368,12,46.2449310242,COMP_0379,32.7649512989,COMP_0214,0.397891823679
GROUP_0112,2026-08,57.6221500959,watch,stable,-0.797166305783,-3.802580288,51.1577636063,41.751722994,60.5638042186,0.724603303189,12,59.3159946906,COMP_0379,27.6624055009,COMP_0214,0.439011168926
GROUP_0113,2025-01,67.6909631257,healthy,warmup,,,67.6909631257,58.2849225134,77.097003738,0.357985459662,4,26.3556286152,COMP_0995,55.7726472746,COMP_0600,0.327624121859
GROUP_0113,2025-02,66.8704897595,healthy,warmup,-0.820473366204,,66.8704897595,57.4644491472,76.2765303718,0.357985459662,4,24.9344210311,COMP_0995,55.4128044734,COMP_0600,0.334233897761
GROUP_0113,2025-03,67.7464515453,healthy,warmup,0.875961785801,,67.8879470153,58.481906403,77.2939876276,0.357985459662,4,25.1246799415,COMP_0995,56.2694018433,COMP_0600,0.301090362856
GROUP_0113,2025-04,67.8004640114,healthy,stable,0.0540124660942,0.109500885691,68.0312715528,58.6252309405,77.4373121651,0.357985459662,4,26.3143993862,COMP_0995,55.7874211336,COMP_0600,0.306686332521
GROUP_0113,2025-05,69.9694240484,healthy,stable,2.16896003706,3.09893428895,72.6076600579,63.2016194456,82.0137006702,0.357985459662,4,22.186282751,COMP_0721,59.6650372929,COMP_0600,0.264699609184
GROUP_0113,2025-06,70.8592565644,healthy,stable,0.889832515995,3.11280501915,75.326661672,65.9206210597,84.7327022843,0.626474554409,4,16.574129738,COMP_0995,63.490147736,COMP_0600,0.239448848892
GROUP_0113,2025-07,70.3129766866,healthy,stable,-0.546279877853,2.5125126752,74.7803817942,65.3743411819,84.1864224065,0.626474554409,4,23.42087201,COMP_0995,59.6417458019,COMP_0600,0.276313226439
GROUP_0113,2025-08,68.435895038,healthy,stable,-1.87708164856,-1.53352901042,69.3119542653,59.905913653,78.7179948776,0.626474554409,4,25.4854438645,COMP_0995,56.8986971917,COMP_0600,0.309924660967
GROUP_0113,2025-09,66.6451199477,healthy,stable,-1.79077509028,-4.21413661669,64.03812063,54.6320800177,73.4441612423,0.626474554409,4,19.6254346768,COMP_0995,57.6657436662,COMP_0600,0.303776308072
GROUP_0113,2025-10,67.0758334884,healthy,stable,0.430713540669,-3.23714319817,62.83734576,53.4313051477,72.2433863723,0.626474554409,4,22.5437486579,COMP_0995,56.861896489,COMP_0600,0.313371185532
GROUP_0113,2025-11,70.2940628638,healthy,stable,3.2182293754,1.85816782579,66.8259059123,57.4198653,76.2319465246,0.626474554409,4,23.1625219697,COMP_0218,58.0373356154,COMP_0600,0.297646584689
GROUP_0113,2025-12,67.9982266503,healthy,stable,-2.29583621354,1.35310670253,67.4401994559,58.0341588436,76.8462400682,0.80546728424,4,30.6390659489,COMP_0218,51.0375532334,COMP_0600,0.320501643378
GROUP_0113,2026-01,68.8523697493,healthy,stable,0.854143099031,1.77653626089,71.1526511436,61.7466105313,80.5586917559,0.80546728424,4,31.0592994573,COMP_0218,48.7909101865,COMP_0600,0.32250656664
GROUP_0113,2026-02,68.7332238788,healthy,stable,-0.119145870507,-1.56083898502,70.9298629362,61.5238223239,80.3359035485,0.80546728424,4,34.2986367146,COMP_0218,45.9774332022,COMP_0600,0.341343191087
GROUP_0113,2026-03,67.2179193338,healthy,stable,-1.51530454499,-0.780307316464,66.6102753942,57.2042347819,76.0163160065,0.80546728424,4,26.2296323385,COMP_0218,51.7138301261,COMP_0600,0.30534410558
GROUP_0113,2026-04,65.4701989865,healthy,stable,-1.74772034731,-3.3821707628,61.5481159857,52.1420753735,70.954156598,0.80546728424,4,28.2094570151,COMP_0218,48.9206493706,COMP_0600,0.321807947719
GROUP_0113,2026-05,67.5999406694,healthy,stable,2.1297416829,-1.13328320939,66.0030935925,56.5970529802,75.4091342048,0.80546728424,4,28.2788447005,COMP_0218,48.3347824528,COMP_0600,0.322764545131
GROUP_0113,2026-06,69.4680178612,healthy,stable,1.8680771918,2.2500985274,68.8603739216,59.4543333093,78.2664145339,0.894963649155,4,33.8963716067,COMP_0218,49.4649651253,COMP_0600,0.324748276673
GROUP_0113,2026-07,66.8688993097,healthy,stable,-2.59911855147,1.39870032323,66.423898779,57.0178581667,75.8299393913,0.894963649155,4,28.2233246161,COMP_0218,50.0538574638,COMP_0600,0.327918726452
GROUP_0113,2026-08,66.42526642,healthy,stable,-0.443632889701,-1.17467424937,65.9802658893,56.574225277,75.3863065016,0.894963649155,4,25.7548659053,COMP_0721,51.2542479692,COMP_0600,0.306064606582
GROUP_0114,2025-12,59.1663869399,watch,warmup,,,59.1663869399,49.7603463276,68.5724275522,0.279540365609,2,24.0095925859,COMP_0769,52.0828256159,COMP_0896,0.495172882232
GROUP_0114,2026-01,64.6519015762,healthy,warmup,5.48551463622,,64.6519015762,55.2458609639,74.0579421884,0.262735946349,4,22.1236264976,COMP_0769,54.6158384039,COMP_0850,0.469855981269
GROUP_0114,2026-02,65.3284037378,healthy,warmup,0.67650216163,,81.0415465723,71.63550596,90.4475871846,0.262735946349,4,26.0139041228,COMP_0769,54.2079401655,COMP_0850,0.484793769999
GROUP_0114,2026-03,62.8048840978,healthy,stable,-2.52351963999,3.63849715786,67.6226871941,58.2166465818,77.0287278064,0.262735946349,4,30.2090120135,COMP_0769,49.9933496953,COMP_0850,0.548749599284
GROUP_0114,2026-04,63.9319404703,healthy,stable,1.1270563725,-0.719961105859,68.5310147323,59.12497412,77.9370553446,0.262735946349,4,23.0790228482,COMP_0769,54.3991479032,COMP_0850,0.478785653404
GROUP_0114,2026-05,60.155220833,healthy,stable,-3.77671963727,-5.17318290476,58.9312869531,49.5252463408,68.3373275654,0.40442465904,4,36.6523132841,COMP_1132,40,COMP_0850,0.560243200665
GROUP_0114,2026-06,63.6738804054,healthy,stable,3.51865957237,0.86899630761,61.5643631566,52.1583225443,70.9704037689,0.45978790611,4,44.4980344538,COMP_1132,40,COMP_0850,0.534620365455
GROUP_0114,2026-07,64.9413537256,healthy,stable,1.26747332021,1.00941325532,64.5465627132,55.1405221009,73.9526033255,0.45978790611,4,46.9943572366,COMP_1132,40,COMP_0896,0.518336319052
GROUP_0114,2026-08,64.7408113135,healthy,stable,-0.200542412161,4.58559048042,66.7154570734,57.3094164611,76.1214976857,0.45978790611,4,50.1419595723,COMP_1132,40,COMP_0896,0.540781900774
GROUP_0115,2024-09,56.0529902753,watch,warmup,,,56.0529902753,46.646949663,65.4590308876,0.27509236883,11,66.0806584254,COMP_0823,24.3565687137,COMP_0703,0.580391073081
GROUP_0115,2024-10,54.3350160663,watch,warmup,-1.71797420905,,54.3350160663,44.928975454,63.7410566786,0.27509236883,11,60.3486401937,COMP_0823,25.7928207558,COMP_0703,0.574529689493
GROUP_0115,2024-11,55.0812946725,watch,warmup,0.746278606254,,52.6034708854,43.1974302731,62.0095114977,0.275091906721,12,64.5327749437,COMP_0823,24.8725873089,COMP_0703,0.585357568493
GROUP_0115,2024-12,54.0365107618,watch,stable,-1.04478391074,-2.01647951354,51.0835912817,41.6775506694,60.489631894,0.275091906721,12,62.9919815824,COMP_0823,23.3994453768,COMP_0703,0.593842669964
GROUP_0115,2025-01,51.7116567409,watch,stable,-2.32485402085,-2.62335932533,46.817602342,37.4115617297,56.2236429543,0.275091906721,12,59.7746862403,COMP_0823,25.9622245352,COMP_0703,0.562787292034
GROUP_0115,2025-02,54.2394241857,watch,stable,2.52776744474,-0.84187048684,51.7616003985,42.3555597863,61.1676410108,0.481409452757,12,58.9108991059,COMP_0823,26.2034090545,COMP_0703,0.568955144965
GROUP_0115,2025-03,51.5042143555,watch,stable,-2.73520983019,-2.53229640629,48.6167966105,39.2107559982,58.0228372228,0.481409452757,12,58.5667717228,COMP_0823,25.797571829,COMP_0703,0.574213301838
GROUP_0115,2025-04,53.0830158586,watch,stable,1.57880150314,1.3713591177,51.0447714685,41.6387308562,60.4508120808,0.481410836761,12,51.3539896032,COMP_0823,29.3979314678,COMP_0703,0.534456107473
GROUP_0115,2025-05,52.7377314685,watch,stable,-0.345284390089,-1.50169271714,51.522025467,42.1159848547,60.9280660793,0.481410836761,12,51.1337101324,COMP_0823,29.649527565,COMP_0153,0.535238613381
GROUP_0115,2025-06,52.3837733138,watch,stable,-0.353958154727,0.879558958323,51.8547952309,42.4487546187,61.2608358432,0.481410836761,12,48.4494132754,COMP_0823,32.2826580011,COMP_0703,0.516068999651
GROUP_0115,2025-07,54.1693284429,watch,stable,1.78555512907,1.08631258425,54.0978307852,44.6917901729,63.5038713975,0.481410836761,12,45.7585853916,COMP_0823,34.3384912548,COMP_0153,0.500082065005
GROUP_0115,2025-08,52.7107976145,watch,stable,-1.45853082843,-0.0269338540937,53.9415125386,44.5354719263,63.3475531509,0.618955867452,12,39.0985628854,COMP_0823,40.8817645004,COMP_0153,0.464681829758
GROUP_0115,2025-09,51.7795281517,watch,stable,-0.931269462785,-0.604245162152,50.5578189226,41.1517783104,59.9638595349,0.618955867452,12,38.9364648923,COMP_0823,41.8442466647,COMP_0153,0.47499029628
GROUP_0115,2025-10,53.0068717312,watch,stable,1.22734357955,-1.16245671166,52.9610841793,43.555043567,62.3671247915,0.618956790122,12,40.6333918228,COMP_0823,40.8176809672,COMP_0153,0.469936416046
GROUP_0115,2025-11,52.377221977,watch,stable,-0.629649754222,-0.333575637454,51.8101433933,42.404102781,61.2161840056,0.618956790122,12,40.9654807194,COMP_0627,42.288829264,COMP_0153,0.461988368368
GROUP_0115,2025-12,53.7817502867,watch,stable,1.40452830966,2.00222213499,53.3864205673,43.980379955,62.7924611796,0.618956790122,12,35.6536383707,COMP_0823,43.1536260592,COMP_0703,0.477535116791
GROUP_0115,2026-01,54.2981915213,watch,stable,0.516441234603,1.29131979004,56.2741318376,46.8680912253,65.6801724499,0.618956790122,12,31.1103669475,COMP_0627,43.5704463938,COMP_0153,0.449078279473
GROUP_0115,2026-02,52.3780410534,watch,stable,-1.92015046783,0.000819076433778,54.3539813698,44.9479407575,63.7600219821,0.687729305467,12,36.255687896,COMP_0627,41.3328979634,COMP_0153,0.456615802671
GROUP_0115,2026-03,53.1885000415,watch,stable,0.810458988019,-0.593250245207,53.3737609179,43.9677203056,62.7798015302,0.687729305467,12,33.8791115588,COMP_0627,43.890632181,COMP_0153,0.436805262109
GROUP_0115,2026-04,54.9556407023,watch,stable,1.76714066083,0.657449181017,56.4523509822,47.0463103699,65.8583915945,0.687729766802,12,33.5213640943,COMP_0627,44.0585217853,COMP_0153,0.445770559929
GROUP_0115,2026-05,52.0326734682,watch,stable,-2.92296723408,-0.345367585233,51.0241480513,41.6181074391,60.4301886636,0.687729766802,12,36.7818565758,COMP_0627,40.9884355518,COMP_0153,0.445506402344
GROUP_0115,2026-06,53.477014257,watch,stable,1.44434078876,0.288514215509,52.8898893621,43.4838487498,62.2959299744,0.687729766802,12,41.0045115805,COMP_0627,39.9778204945,COMP_0153,0.432882145709
GROUP_0115,2026-07,51.9123716707,watch,stable,-1.56464258623,-3.04326903155,51.4373889004,42.0313482881,60.8434295127,0.687729766802,12,40.316158807,COMP_0627,40.9871723919,COMP_0153,0.445757590523
GROUP_0115,2026-08,52.0837644099,watch,stable,0.171392739206,0.0510909417396,50.4567007373,41.050660125,59.8627413496,0.687729766802,12,41.8088733281,COMP_0627,37.2639671415,COMP_0153,0.433633457425
GROUP_0116,2024-09,63.2290662746,healthy,warmup,,,63.2290662746,53.8230256623,72.6351068869,0.321209585614,6,26.7304973824,COMP_0090,43.7127604394,COMP_0340,0.416646975371
GROUP_0116,2024-10,63.3808389525,healthy,warmup,0.151772677914,,63.3808389525,53.9747983402,72.7868795648,0.321209585614,6,28.6464089869,COMP_0460,42.3155348019,COMP_0693,0.405417431258
GROUP_0116,2024-11,62.7334459456,healthy,warmup,-0.64739300688,,61.4696141068,52.0635734945,70.8756547191,0.321209585614,6,29.1660369677,COMP_0460,41.3653722224,COMP_0693,0.409222795013
GROUP_0116,2024-12,61.5581351926,healthy,stable,-1.17531075308,-1.67093108205,58.4869916053,49.080950993,67.8930322176,0.321209585614,6,29.8967706156,COMP_0090,40.9150734054,COMP_0340,0.421644387908
GROUP_0116,2025-01,65.1057062487,healthy,stable,3.54757105615,1.72486729619,64.860810658,55.4547700457,74.2668512702,0.321209585614,6,30.5129383561,COMP_0090,41.8960532789,COMP_0340,0.424960504924
GROUP_0116,2025-02,63.7020224719,healthy,stable,-1.40368377679,0.968576526281,64.1844377932,54.7783971809,73.5904784055,0.562116774824,6,25.8256259908,COMP_0090,43.4474891298,COMP_0693,0.417020468222
GROUP_0116,2025-03,65.5346394592,healthy,stable,1.8326169873,3.97650426666,67.7315159761,58.3254753638,77.1375565883,0.562116774824,6,26.2353361094,COMP_1162,45.8153503063,COMP_0340,0.384386235133
GROUP_0116,2025-04,62.965449142,healthy,stable,-2.56919031724,-2.14025710673,64.6120292367,55.2059886244,74.0180698489,0.562116774824,6,25.2463609154,COMP_0090,45.0384456086,COMP_0340,0.399245996699
GROUP_0116,2025-05,64.2496096635,healthy,stable,1.2841605215,0.547587191564,65.3433893503,55.937348738,74.7494299626,0.562116774824,6,26.3723439085,COMP_1162,44.4174155944,COMP_0340,0.404121074278
GROUP_0116,2025-06,64.4049943726,healthy,stable,0.155384709159,-1.12964508658,63.690268259,54.2842276468,73.0963088713,0.562116774824,6,25.2591308819,COMP_0090,44.031324649,COMP_0340,0.415232512991
GROUP_0116,2025-07,65.0854756433,healthy,stable,0.680481270689,2.12002650135,66.016373869,56.6103332567,75.4224144813,0.562116774824,6,23.8463361584,COMP_0090,46.2087909615,COMP_0693,0.394665370265
GROUP_0116,2025-08,63.8476100024,healthy,stable,-1.23786564093,-0.401999661082,63.2749261371,53.8688855248,72.6809667494,0.688079050981,7,25.0296666639,COMP_1162,46.8762626771,COMP_0822,0.38984899498
GROUP_0116,2025-09,62.6470029282,healthy,stable,-1.20060707414,-1.75799144439,62.3221877902,52.916147178,71.7282284025,0.688079050981,7,27.852277419,COMP_0090,42.9351655721,COMP_0822,0.427021537658
GROUP_0116,2025-10,63.3231673556,healthy,stable,0.676164427347,-1.76230828773,61.9438379089,52.5377972966,71.3498785212,0.688079050981,7,28.3588490177,COMP_0090,42.4303284477,COMP_0822,0.421872224459
GROUP_0116,2025-11,63.4595552399,healthy,stable,0.136387884331,-0.388054762466,62.0802257932,52.6741851809,71.4862664055,0.688079050981,7,28.5868047527,COMP_0090,42.8594804816,COMP_0822,0.416908268546
GROUP_0116,2025-12,63.5528196761,healthy,stable,0.0932644361556,0.905816747834,62.8931265799,53.4870859676,72.2991671922,0.688079050981,7,26.7699339683,COMP_0090,43.5166458824,COMP_0693,0.410682037747
GROUP_0116,2026-01,62.7675821757,healthy,stable,-0.785237500347,-0.55558517986,62.3917245097,52.9856838974,71.797765122,0.69741940034,7,30.0300079581,COMP_0090,41.4874279924,COMP_0822,0.429840157926
GROUP_0116,2026-02,63.6100703193,healthy,stable,0.842488143558,0.150515079367,64.0857189437,54.6796783314,73.491759556,0.772488872766,7,30.0092285922,COMP_0090,42.2052994179,COMP_0822,0.422186898222
GROUP_0116,2026-03,63.7398660641,healthy,stable,0.129795744843,0.187046388055,64.1056673429,54.6996267306,73.5117079551,0.767013438418,8,27.9430276412,COMP_0090,44.3965674028,COMP_0822,0.410058585959
GROUP_0116,2026-04,64.457857886,healthy,stable,0.717991821855,1.69027571026,65.1198161847,55.7137755724,74.525856797,0.767013438418,8,31.0935723265,COMP_1162,44.3620567773,COMP_0822,0.401497201697
GROUP_0116,2026-05,64.6759504046,healthy,stable,0.21809251859,1.06588008529,66.4879465496,57.0819059373,75.8939871619,0.767013438418,8,28.2348118394,COMP_0460,45.3804000436,COMP_0822,0.403545436365
GROUP_0116,2026-06,63.7474418203,healthy,stable,-0.928508584289,0.00757575615557,65.5594379653,56.153397353,74.9654785776,0.767013438418,8,29.489416818,COMP_0090,43.648484891,COMP_0822,0.418508584487
GROUP_0116,2026-07,65.1228322277,healthy,stable,1.37539040741,0.664974341706,66.2623808766,56.8563402644,75.6684214889,0.773166297157,8,30.2602253556,COMP_0090,43.6670574217,COMP_0822,0.421591157911
GROUP_0116,2026-08,63.8595291704,healthy,stable,-1.26330305729,-0.816421234173,64.1453519132,54.7393113009,73.5513925255,0.77594866979,8,25.5060424049,COMP_0090,44.9530686096,COMP_0822,0.408005335768
GROUP_0117,2025-08,69.3330621924,healthy,warmup,,,69.3330621924,59.9270215801,78.7391028047,0.390176287458,6,19.4298097242,COMP_0515,63.3626175134,COMP_0347,0.231226518044
GROUP_0117,2025-09,70.7391531349,healthy,warmup,1.40609094252,,70.7391531349,61.3331125226,80.1451937472,0.390176287458,6,16.2710578238,COMP_0997,66.0735431625,COMP_0347,0.193824673074
GROUP_0117,2025-10,70.3108958593,healthy,warmup,-0.428257275655,,72.8043717098,63.3983310975,82.2104123221,0.390176287458,6,19.4590635419,COMP_0997,65.5144977999,COMP_0347,0.202565199381
GROUP_0117,2025-11,72.1424799515,healthy,stable,1.83158409219,2.80941775905,76.3197267377,66.9136861254,85.72576735,0.390176287458,6,17.1940693735,COMP_0997,65.3583562658,COMP_0347,0.176217025202
GROUP_0117,2025-12,71.164070901,healthy,stable,-0.978409050418,0.424917766115,73.578076878,64.1720362658,82.9841174903,0.390176287458,6,16.0994058446,COMP_0515,67.9876428458,COMP_0347,0.214142671099
GROUP_0117,2026-01,67.8993768506,healthy,stable,-3.26469405048,-2.41151900871,68.621737053,59.2156964407,78.0277776652,0.682808503051,6,22.7664009421,COMP_0515,61.4240312055,COMP_0347,0.187317140508
GROUP_0117,2026-02,67.7781087708,healthy,stable,-0.121268079794,-4.36437118069,64.5488052329,55.1427646206,73.9548458452,0.682808503051,6,25.5471656491,COMP_0515,61.4211677478,COMP_0347,0.190735532473
GROUP_0117,2026-03,72.7871088935,healthy,stable,5.00900012276,1.62303799248,72.1686416866,62.7626010743,81.5746822989,0.682808503051,6,15.9707030439,COMP_0997,69.0170651419,COMP_0347,0.18770604159
GROUP_0117,2026-04,73.0538713186,healthy,stable,0.266762425108,5.15449446808,73.9834905131,64.5774499009,83.3895311254,0.682808503051,6,14.2849123773,COMP_0997,67.2696754363,COMP_0347,0.171588870881
GROUP_0117,2026-05,71.5876234384,healthy,stable,-1.46624788026,3.80951466761,73.9971189708,64.5910783585,83.4031595831,0.682808503051,6,22.0260969738,COMP_0210,63.8382522696,COMP_0347,0.238715286071
GROUP_0117,2026-06,67.9866370098,healthy,stable,-3.60098642853,-4.80047188369,68.2525105147,58.8464699024,77.6585511269,0.682808503051,6,25.3971077955,COMP_0515,60,COMP_0347,0.248716304832
GROUP_0117,2026-07,68.1247861016,healthy,stable,0.138149091811,-4.92908521698,65.066098191,55.6600575787,74.4721388033,0.87789664678,6,24.6569081683,COMP_0515,60,COMP_0347,0.220542110078
GROUP_0117,2026-08,69.0068366126,healthy,stable,0.882050510973,-2.58078682575,63.8468673625,54.4408267502,73.2529079747,0.87789664678,6,29.0943253218,COMP_0515,60,COMP_0347,0.205966061633
GROUP_0118,2024-09,68.0530241113,healthy,warmup,,,68.0530241113,58.6469834991,77.4590647236,0.322667131763,6,19.6186642786,COMP_0980,51.7433352546,COMP_0646,0.335819281154
GROUP_0118,2024-10,68.9192856707,healthy,warmup,0.866261559393,,68.9192856707,59.5132450584,78.325326283,0.322667131763,6,16.6787052835,COMP_0980,54.6503678413,COMP_0646,0.291854983967
GROUP_0118,2024-11,68.5969064014,healthy,warmup,-0.322379269354,,69.983806241,60.5777656287,79.3898468533,0.322667131763,6,18.2156902491,COMP_0980,54.9529401757,COMP_0646,0.34097724785
GROUP_0118,2024-12,67.4335388812,healthy,stable,-1.16336752023,-0.619485230194,66.0849092986,56.6788686863,75.4909499109,0.322667131763,6,15.6026812904,COMP_0980,54.3781499911,COMP_0646,0.329878191426
GROUP_0118,2025-01,65.2120517356,healthy,stable,-2.22148714559,-3.70723393517,61.5066046893,52.100564077,70.9126453016,0.322667131763,6,30.8587523504,COMP_1019,40,COMP_0646,0.320266213046
GROUP_0118,2025-02,62.7598416944,healthy,stable,-2.45221004117,-5.83706470699,56.8266673412,47.4206267289,66.2327079535,0.553311535452,7,30.1565321788,COMP_1019,40,COMP_0646,0.340876718358
GROUP_0118,2025-03,57.8034103457,watch,deteriorating,-4.95643134868,-9.63012853544,46.4738259032,37.0677852909,55.8798665155,0.512615618922,8,33.5237883398,COMP_1095,37.543824012,COMP_0646,0.447089840081
GROUP_0118,2025-04,59.2271594816,watch,deteriorating,1.42374913584,-5.98489225401,48.7640257471,39.3579851348,58.1700663594,0.512615618922,8,39.9261595506,COMP_1095,31.5005690039,COMP_0646,0.489883343574
GROUP_0118,2025-05,60.2347162123,healthy,stable,1.00755673076,-2.52512548208,50.0603993805,40.6543587682,59.4664399928,0.512615618922,8,40.7856362618,COMP_1095,32.6799912377,COMP_0646,0.477577229399
GROUP_0118,2025-06,58.6423890765,watch,stable,-1.59232713583,0.83897873077,52.2962862843,42.890245672,61.7023268966,0.512615618922,8,42.4125572769,COMP_1095,30.0257135779,COMP_0646,0.496155527303
GROUP_0118,2025-07,58.0951015277,watch,stable,-0.547287548755,-1.13205795383,55.3039350291,45.8978944168,64.7099756414,0.521198657122,8,42.8563714613,COMP_1095,31.0890838735,COMP_0981,0.48119301955
GROUP_0118,2025-08,59.5123211781,watch,stable,1.41721965038,-0.722395034208,59.8842274352,50.4781868229,69.2902680475,0.692735124202,8,35.8918696196,COMP_1095,37.0270495606,COMP_0981,0.435044188974
GROUP_0118,2025-09,59.774972939,watch,stable,0.262651760911,1.13258386253,60.1385541021,50.7325134898,69.5445947144,0.692735124202,8,43.4366619426,COMP_1095,33.0477836814,COMP_0981,0.477250592672
GROUP_0118,2025-10,60.7531604146,healthy,stable,0.978187475611,2.6580588869,62.6785529809,53.2725123686,72.0845935932,0.692735124202,8,43.5404324417,COMP_1095,32.2406056586,COMP_0646,0.491989038682
GROUP_0118,2025-11,58.4004662934,watch,stable,-2.35269412127,-1.11185488474,60.3258588597,50.9198182474,69.731899472,0.692735124202,8,48.6580230759,COMP_0225,27.8654926836,COMP_0981,0.461716580893
GROUP_0118,2025-12,57.1668981286,watch,stable,-1.23356816472,-2.60807481038,56.2201306616,46.8140900493,65.6261712739,0.692735124202,8,46.9513295788,COMP_1095,30.8631691533,COMP_0981,0.488343790543
GROUP_0118,2026-01,56.6363874906,watch,stable,-0.530510637989,-4.11677292398,53.1313955442,43.7253549319,62.5374361565,0.698457149669,8,45.9148067523,COMP_1095,28.2333511082,COMP_0646,0.499625773228
GROUP_0118,2026-02,56.2561404521,watch,stable,-0.380247038503,-2.14432584121,52.2544440055,42.8484033932,61.6604846178,0.791856619116,8,48.9502632269,COMP_1095,30.3940782652,COMP_0981,0.492268842278
GROUP_0118,2026-03,56.7238738432,watch,stable,0.467733391018,-0.443024285473,53.0785199131,43.6724793008,62.4845605254,0.791856619116,8,47.4651089061,COMP_0980,33.3523651257,COMP_0981,0.464241354727
GROUP_0118,2026-04,56.5773098488,watch,stable,-0.146563994319,-0.0590776418039,54.7176902754,45.3116496632,64.1237308877,0.791856619116,8,44.0637223695,COMP_0980,33.4008827726,COMP_0981,0.479646761242
GROUP_0118,2026-05,57.5104380856,watch,stable,0.933128236757,1.25429763346,57.7335282845,48.3274876722,67.1395688968,0.791856619116,8,41.3671457043,COMP_0980,33.4611301582,COMP_0981,0.491364771034
GROUP_0118,2026-06,55.3588056481,watch,stable,-2.15163243754,-1.3650681951,55.258373657,45.8523330447,64.6644142693,0.791856619116,8,34.6157640643,COMP_1095,35.4272820262,COMP_0646,0.487759560047
GROUP_0118,2026-07,55.3846650767,watch,stable,0.0258594286577,-1.19264477212,54.4957601938,45.0897195815,63.9018008061,0.794717631849,8,42.5916281878,COMP_1095,31.7436404256,COMP_0646,0.517113105654
GROUP_0118,2026-08,55.9128882661,watch,stable,0.528223189334,-1.59754981955,55.065750748,45.6597101357,64.4717913603,0.809980103664,8,40.1280737784,COMP_0980,33.3837901993,COMP_0646,0.482995589573
GROUP_0119,2026-01,65.3518825212,healthy,warmup,,,65.3518825212,55.9458419089,74.7579231335,0.274064778309,5,38.9335969599,COMP_1023,41.9958858167,COMP_0566,
GROUP_0119,2026-02,66.5529384096,healthy,warmup,1.20105588843,,66.5529384096,57.1468977973,75.9589790219,0.274064778309,5,42.8027916697,COMP_1023,42.8917903795,COMP_0566,
GROUP_0119,2026-03,65.2549210205,healthy,warmup,-1.29801738916,,65.0076691936,55.6016285813,74.4137098059,0.274064778309,5,41.9787941258,COMP_1023,40.3820081711,COMP_0566,
GROUP_0119,2026-04,65.9786373192,healthy,stable,0.723716298719,0.626754797987,66.387752984,56.9817123717,75.7937935963,0.274064778309,5,41.3370033609,COMP_1023,42.6817008828,COMP_0566,
GROUP_0119,2026-05,64.9932217235,healthy,stable,-0.985415595634,-1.55971668608,64.4309088615,55.0248682492,73.8369494738,0.274064778309,5,42.5334243818,COMP_1023,39.6091846675,COMP_0566,
GROUP_0119,2026-06,66.0260947314,healthy,stable,1.03287300787,0.771173710951,65.7788429045,56.3728022923,75.1848835168,0.479613362041,5,41.9667404971,COMP_1023,43.1860744735,COMP_0566,
GROUP_0119,2026-07,64.5115945947,healthy,stable,-1.51450013667,-1.46704272444,63.2834454163,53.877404804,72.6894860286,0.479613362041,5,47.5580944953,COMP_1023,36.093043969,COMP_0566,
GROUP_0119,2026-08,60.220117438,healthy,stable,-4.29147715674,-4.77310428555,57.7261448065,48.3201041942,67.1321854187,0.479613362041,5,53.2822825256,COMP_1023,25.6737686499,COMP_0566,
GROUP_0120,2024-09,31.0865089283,stress,warmup,,,31.0865089283,21.680468316,40.4925495406,0.323111111111,1,0,COMP_1177,31.0865089283,COMP_1177,
GROUP_0120,2024-10,32.1231940962,stress,warmup,1.0366851679,,32.1231940962,22.7171534839,41.5292347085,0.323111111111,1,0,COMP_1177,32.1231940962,COMP_1177,
GROUP_0120,2024-11,30.7748145461,stress,warmup,-1.34837955003,,29.9799938717,20.5739532594,39.386034484,0.323111111111,1,0,COMP_1177,30.7748145461,COMP_1177,
GROUP_0120,2024-12,29.3139907888,stress,stable,-1.4608237574,-1.77251813953,24.3689825176,14.9629419053,33.7750231299,0.323111111111,1,0,COMP_1177,29.3139907888,COMP_1177,
GROUP_0120,2025-01,26.419807762,stress,stable,-2.89418302678,-5.70338633421,19.3997056924,9.99366508013,28.8057463047,0.323111111111,1,0,COMP_1177,26.419807762,COMP_1177,
GROUP_0120,2025-02,26.6522434221,stress,stable,0.232435660131,-4.12257112404,19.7755077169,10.3694671047,29.1815483292,0.565444444444,1,0,COMP_1177,26.6522434221,COMP_1177,
GROUP_0120,2025-03,26.6355270256,stress,deteriorating,-0.0167163965367,-2.67846376318,19.7587913204,10.3527507081,29.1648319327,0.565444444444,1,0,COMP_1177,26.6355270256,COMP_1177,
GROUP_0120,2025-04,28.5708169668,stress,deteriorating,1.93528994123,2.15100920483,26.3227394359,16.9166988236,35.7287800482,0.565444444444,1,0,COMP_1177,28.5708169668,COMP_1177,
GROUP_0120,2025-05,28.62016018,stress,stable,0.0493432131698,1.96791675787,29.1702443021,19.7642036899,38.5762849144,0.565444444444,1,0,COMP_1177,28.62016018,COMP_1177,
GROUP_0120,2025-06,31.4127176908,stress,stable,2.79255751081,4.77719066521,36.3050802298,26.8990396175,45.711120842,0.565444444444,1,0,COMP_1177,31.4127176908,COMP_1177,
GROUP_0120,2025-07,30.3017146853,stress,stable,-1.11100300544,1.73089771854,34.9761039516,25.5700633393,44.3821445639,0.565444444444,1,0,COMP_1177,30.3017146853,COMP_1177,
GROUP_0120,2025-08,29.6208121465,stress,stable,-0.680902538889,1.00065196649,32.6658029698,23.2597623575,42.0718435821,0.727,1,0,COMP_1177,29.6208121465,COMP_1177,
GROUP_0120,2025-09,29.7040502668,stress,stable,0.0832381203213,-1.708667424,30.8599482328,21.4539076205,40.265988845,0.727,1,0,COMP_1177,29.7040502668,COMP_1177,
GROUP_0120,2025-10,33.7817800641,stress,stable,4.07772979734,3.48006537877,35.4828884071,26.0768477949,44.8889290194,0.727,1,0,COMP_1177,33.7817800641,COMP_1177,
GROUP_0120,2025-11,29.4063218537,stress,stable,-4.37545821043,-0.214490292772,28.2646959933,18.858655381,37.6707366056,0.727,1,0,COMP_1177,29.4063218537,COMP_1177,
GROUP_0120,2025-12,29.6277425105,stress,stable,0.221420656794,-0.0763077562993,29.2631090128,19.8570684005,38.6691496251,0.727,1,0,COMP_1177,29.6277425105,COMP_1177,
GROUP_0120,2026-01,31.0132534726,stress,stable,1.38551096212,-2.76852659152,31.4377678862,22.0317272739,40.8438084985,0.727,1,0,COMP_1177,31.0132534726,COMP_1177,
GROUP_0120,2026-02,30.3383460311,stress,stable,-0.674907441514,0.932024177397,30.9853277107,21.5792870984,40.391368323,0.807777777778,1,0,COMP_1177,30.3383460311,COMP_1177,
GROUP_0120,2026-03,31.5655063259,stress,stable,1.22716029481,1.93776381541,32.9737511018,23.5677104895,42.3797917141,0.807777777778,1,0,COMP_1177,31.5655063259,COMP_1177,
GROUP_0120,2026-04,27.909663822,stress,stable,-3.65584250389,-3.10358965059,29.3179085979,19.9118679856,38.7239492102,0.807777777778,1,0,COMP_1177,27.909663822,COMP_1177,
GROUP_0120,2026-05,27.8202199468,stress,stable,-0.0894438752139,-2.51812608429,25.629669619,16.2236290067,35.0357102313,0.807777777778,1,0,COMP_1177,27.8202199468,COMP_1177,
GROUP_0120,2026-06,33.3713652861,stress,stable,5.55114533929,1.80585896019,32.9152015225,23.5091609102,42.3212421348,0.807777777778,1,0,COMP_1177,33.3713652861,COMP_1177,
GROUP_0120,2026-07,28.3975156587,stress,stable,-4.97384962738,0.487851836693,27.9413518951,18.5353112828,37.3473925074,0.807777777778,1,0,COMP_1177,28.3975156587,COMP_1177,
GROUP_0120,2026-08,28.1096901399,stress,stable,-0.28782551876,0.289470193147,27.6535263763,18.2474857641,37.0595669886,0.807777777778,1,0,COMP_1177,28.1096901399,COMP_1177,
GROUP_0121,2026-05,94.6825884761,solid,warmup,,,94.6825884761,85.2765478639,100,0.279111111111,1,0,COMP_1036,94.6825884761,COMP_1036,
GROUP_0121,2026-06,93.4966619724,solid,warmup,-1.18592650377,,93.4966619724,84.0906213601,100,0.279111111111,1,0,COMP_1036,93.4966619724,COMP_1036,
GROUP_0121,2026-07,88.5583001657,solid,warmup,-4.93836180666,,72.9413649741,63.5353243618,82.3474055864,0.279111111111,1,0,COMP_1036,88.5583001657,COMP_1036,
GROUP_0121,2026-08,92.2308502915,solid,stable,3.6725501258,-2.45173818463,87.12276025,77.7167196377,96.5288008623,0.279111111111,1,0,COMP_1036,92.2308502915,COMP_1036,
GROUP_0122,2025-12,43.1967759929,watch,warmup,,,43.1967759929,33.7907353806,52.6028166051,0.363166664367,2,7.05076268541,COMP_0365,41.1962613979,COMP_0523,
GROUP_0122,2026-01,46.4331197414,watch,warmup,3.23634374853,,46.4331197414,37.0270791291,55.8391603537,0.33869481886,8,30.2559037291,COMP_0365,42.6859053105,COMP_0057,
GROUP_0122,2026-02,45.2588374982,watch,warmup,-1.17428224323,,50.5170943367,41.1110537244,59.9231349489,0.33869481886,8,35.5115830317,COMP_0365,39.7137018776,COMP_0920,
GROUP_0122,2026-03,47.4493319893,watch,stable,2.19049449119,4.25255599648,53.6931330056,44.2870923933,63.0991736179,0.33869481886,8,33.5835810896,COMP_0365,43.8342215642,COMP_0920,
GROUP_0122,2026-04,46.0367571436,watch,stable,-1.41257484578,-0.396362597825,49.1429157433,39.736875131,58.5489563556,0.33869481886,8,31.0543143726,COMP_0365,42.2812636855,COMP_0057,
GROUP_0122,2026-05,44.8848896704,watch,stable,-1.15186747316,-0.373947827753,46.6067656215,37.2007250092,56.0128062338,0.544855524898,8,35.6930578124,COMP_0523,40,COMP_0057,
GROUP_0122,2026-06,44.7950746284,watch,stable,-0.0898150420285,-2.65425736097,43.1242686131,33.7182280008,52.5303092254,0.592715933005,8,34.0203188002,COMP_0523,38.6002960627,COMP_0057,
GROUP_0122,2026-07,43.3969957925,watch,stable,-1.39807883591,-2.6397613511,39.6028664037,30.1968257914,49.008907016,0.592715933005,8,30.4969316488,COMP_0523,40,COMP_0057,
GROUP_0122,2026-08,49.3929252817,watch,stable,5.99592948927,4.50803561133,45.598795893,36.1927552807,55.0048365053,0.592715933005,8,33.7666602712,COMP_0323,37.3804516412,COMP_0920,
GROUP_0123,2026-02,55.8651978017,watch,warmup,,,55.8651978017,46.4591571894,65.271238414,0.363111111111,1,0,COMP_0570,55.8651978017,COMP_0570,
GROUP_0123,2026-03,53.5646406305,watch,warmup,-2.30055717118,,53.5646406305,44.1586000182,62.9706812428,0.363111111111,1,0,COMP_0570,53.5646406305,COMP_0570,
GROUP_0123,2026-04,60.8598616805,healthy,warmup,7.29522104994,,73.5962545713,64.190213959,83.0022951836,0.363111111111,1,0,COMP_0570,60.8598616805,COMP_0570,
GROUP_0123,2026-05,57.9149866141,watch,stable,-2.94487506635,2.04978881241,65.2039982337,55.7979576215,74.610038846,0.363111111111,1,0,COMP_0570,57.9149866141,COMP_0570,
GROUP_0123,2026-06,55.967960707,watch,stable,-1.9470259071,2.40332007649,57.7757925497,48.3697519374,67.181833162,0.363111111111,1,0,COMP_0570,55.967960707,COMP_0570,
GROUP_0123,2026-07,51.9629714309,watch,stable,-4.00498927609,-8.89689024953,47.9827005327,38.5766599204,57.388741145,0.635444444444,1,0,COMP_0570,51.9629714309,COMP_0570,
GROUP_0123,2026-08,52.1020639622,watch,stable,0.139092531237,-5.81292265195,42.2200954539,32.8140548416,51.6261360661,0.635444444444,1,0,COMP_0570,52.1020639622,COMP_0570,
GROUP_0124,2024-12,59.2596146185,watch,warmup,,,59.2596146185,49.8535740062,68.6656552308,0.4,1,0,COMP_0495,59.2596146185,COMP_0495,0.263868897006
GROUP_0124,2025-01,50.3887358306,watch,warmup,-8.87087878791,,50.3887358306,40.9826952183,59.7947764429,0.399187107559,3,15.2460049556,COMP_0220,48.2596823164,COMP_1058,0.322705399472
GROUP_0124,2025-02,51.4338578445,watch,warmup,1.04512201389,,31.4781780707,22.0721374585,40.884218683,0.399187107559,3,17.3360614944,COMP_0220,49.1604272813,COMP_1058,0.297932786668
GROUP_0124,2025-03,53.4742846144,watch,stable,2.04042676989,-5.78533000413,51.2218152463,41.815774634,60.6278558586,0.399187107559,3,11.5575318375,COMP_0220,51.7231676638,COMP_1058,0.284029808186
GROUP_0124,2025-04,51.9574514695,watch,stable,-1.51683314488,1.5687156389,48.7571088219,39.3510682097,58.1631494342,0.399187107559,3,13.3827490829,COMP_0220,51.6165136313,COMP_1058,0.340377192896
GROUP_0124,2025-05,49.5946960112,watch,stable,-2.36275545833,-1.83916183332,41.8588469723,32.45280636,51.2648875846,0.481681805833,3,14.0629325199,COMP_0220,48.0165735245,COMP_1058,0.320952571208
GROUP_0124,2025-06,53.1405031692,watch,stable,3.545807158,-0.333781445211,55.3164759581,45.9104353459,64.7225165704,0.698577438229,3,10.0640338429,COMP_0220,51.5993238058,COMP_1058,0.301708592091
GROUP_0124,2025-07,51.9595015318,watch,stable,-1.18100163739,0.00205006228192,51.9629866377,42.5569460254,61.36902725,0.698577438229,3,12.486579324,COMP_0220,51.1209838869,COMP_1058,0.313876762167
GROUP_0124,2025-08,52.6753319737,watch,stable,0.715830441868,3.08063596248,52.1079035168,42.7018629045,61.5139441291,0.698577438229,3,16.0456611381,COMP_0220,50.78154984,COMP_1058,0.314663865065
GROUP_0124,2025-09,49.6722182488,watch,stable,-3.00311372483,-3.46828492036,49.6757033547,40.2696627424,59.081743967,0.698577438229,3,10.0143172522,COMP_0220,46.8243219519,COMP_0495,0.330608478296
GROUP_0124,2025-10,50.4790588559,watch,stable,0.806840607077,-1.48044267589,49.2928723073,39.886831695,58.6989129196,0.698577438229,3,7.84796820211,COMP_1058,48.0560105642,COMP_0495,0.320778474723
GROUP_0124,2025-11,50.5720061073,watch,stable,0.0929472514342,-2.10332586632,47.9521391043,38.546098492,57.3581797165,0.753573903745,3,12.3684194571,COMP_0220,48.678308807,COMP_1058,0.324186231794
GROUP_0124,2025-12,51.6582969456,watch,stable,1.08629083822,1.98607869673,51.3510682676,41.9450276553,60.7571088799,0.898170992009,3,14.1751124676,COMP_0220,50.4381864788,COMP_1058,0.306959281154
GROUP_0124,2026-01,48.4353892058,watch,stable,-3.22290773975,-2.04366965009,46.858432176,37.4523915637,56.2644727882,0.898170992009,3,16.7676601831,COMP_0220,46.1784229436,COMP_1058,0.33877425742
GROUP_0124,2026-02,51.4128168612,watch,stable,2.97742765543,0.8408107539,52.8421951429,43.4361545306,62.2482357552,0.898170992009,3,14.9928348283,COMP_0220,47.1124891304,COMP_0495,0.331321647408
GROUP_0124,2026-03,53.173383911,watch,stable,1.76056704972,1.5150869654,55.7490317521,46.3429911398,65.1550723644,0.898170992009,3,26.7444374715,COMP_0220,45.6016845015,COMP_0495,0.340118038994
GROUP_0124,2026-04,57.7499129348,watch,stable,4.57652902385,9.31452372901,65.0713778988,55.6653372866,74.4774185111,0.898170992009,3,25.1604096167,COMP_0220,50.647503995,COMP_0495,0.309808045683
GROUP_0124,2026-05,56.7215683757,watch,stable,-1.02834455913,5.30875151445,65.7464459502,56.3404053379,75.1524865625,0.925669224767,3,23.5510027925,COMP_0220,50.0324195453,COMP_0495,0.317687928397
GROUP_0124,2026-06,57.3993309118,watch,improving,0.677762536147,4.22594700087,66.4472012969,57.0411606846,75.8532419092,0.997967768899,3,23.1012470672,COMP_0220,50.7904572098,COMP_0495,0.287295863687
GROUP_0124,2026-07,56.8910719942,watch,improving,-0.50825891765,-0.858840940635,62.4788922298,53.0728516175,71.8849328421,0.997967768899,3,25.8524081607,COMP_0220,49.9653487301,COMP_1058,0.299867257339
GROUP_0124,2026-08,56.1139822018,watch,stable,-0.777089792412,-0.607586173916,55.2199980432,45.8139574309,64.6260386554,0.997967768899,3,26.2082019927,COMP_0220,49.9546142471,COMP_1058,0.308875413092
GROUP_0125,2024-09,54.9374212975,watch,warmup,,,54.9374212975,45.5313806853,64.3434619098,0.22,3,24.1073021747,COMP_0002,42.8122270947,COMP_1099,0.279592543027
GROUP_0125,2024-10,53.7592386393,watch,warmup,-1.17818265821,,53.7592386393,44.353198027,63.1652792516,0.22,3,26.842394734,COMP_0002,43.6161370372,COMP_1099,0.28912841276
GROUP_0125,2024-11,56.3464108018,watch,warmup,2.58717216243,,59.9393340375,50.5332934252,69.3453746498,0.22,3,25.2092799961,COMP_0002,43.7225436909,COMP_1099,0.253485490056
GROUP_0125,2024-12,59.7373109379,watch,stable,3.3909001361,4.79988964032,70.4145061463,61.008465534,79.8205467586,0.22,3,22.6866263005,COMP_0002,42.4535725711,COMP_1099,0.285083902363
GROUP_0125,2025-01,59.2048720148,watch,stable,-0.532438923097,5.44563337543,66.9293162556,57.5232756433,76.3353568679,0.22,3,20.5617241948,COMP_0002,42.8972381743,COMP_1099,0.290959610783
GROUP_0125,2025-02,64.3563608779,healthy,stable,5.15148886311,8.00995007611,73.9636792498,64.5576386375,83.3697198621,0.385,3,24.1242064464,COMP_0002,41.6527717831,COMP_1099,0.250630951183
GROUP_0125,2025-03,60.9372629764,healthy,stable,-3.41909790149,1.19995203852,70.1948397146,60.7887991023,79.6008803269,0.385,3,28.3773922513,COMP_0002,40.3249155674,COMP_1099,0.221951513548
GROUP_0125,2025-04,59.150648826,watch,stable,-1.78661415041,-0.0542231887926,62.0109716107,52.6049309984,71.4170122229,0.385,3,31.2567968589,COMP_0002,36.8309125912,COMP_1099,0.24144263963
GROUP_0125,2025-05,59.3554320782,watch,stable,0.20478325227,-5.00092879963,58.9659156414,49.5598750291,68.3719562537,0.385,3,34.7726054919,COMP_0002,31.6610920907,COMP_1099,0.250000748344
GROUP_0125,2025-06,63.2328713465,healthy,stable,3.87743926829,2.29560837015,63.4248354275,54.0187948152,72.8308760397,0.385,3,30.8688761137,COMP_0002,32.3639952328,COMP_1096,0.282742800302
GROUP_0125,2025-07,64.2912248564,healthy,stable,1.05835350984,5.1405760304,65.3356194429,55.9295788307,74.7416600552,0.385,3,37.0958972145,COMP_0002,29.1140174149,COMP_1099,0.238924926628
GROUP_0125,2025-08,63.6784207624,healthy,stable,-0.612804093948,4.32298868418,67.9547221594,58.5486815471,77.3607627717,0.495,3,33.4076605325,COMP_0002,31.7809788294,COMP_1099,0.253893256479
GROUP_0125,2025-09,65.5240534109,healthy,stable,1.84563264852,2.29118206441,72.0249260876,62.6188854753,81.4309666999,0.495,3,29.6940955584,COMP_0002,35.8299578525,COMP_1096,0.253309934697
GROUP_0125,2025-10,65.699378187,healthy,improving,0.175324776093,1.40815333066,70.8528196198,61.4467790075,80.2588602321,0.495,3,35.4649980662,COMP_0002,33.6393757966,COMP_1099,0.211307375214
GROUP_0125,2025-11,59.9940675558,watch,improving,-5.70531063123,-3.68435320662,61.1302185663,51.724177954,70.5362591786,0.495,3,36.0196532787,COMP_0002,31.6748658553,COMP_1099,0.254674362083
GROUP_0125,2025-12,52.254647261,watch,stable,-7.73942029482,-13.26940615,45.9912468097,36.5852061974,55.397287422,0.495,3,35.7780436931,COMP_0002,31.0379551007,COMP_1099,0.337995723966
GROUP_0125,2026-01,55.6494846107,watch,stable,3.39483734969,-10.0498935764,43.0594093903,33.653368778,52.4654500026,0.495,3,32.3400167102,COMP_0002,34.6417677149,COMP_1099,0.281106555154
GROUP_0125,2026-02,55.1626499925,watch,deteriorating,-0.486834618182,-4.83141756332,42.5725747721,33.1665341598,51.9786153844,0.55,3,35.2561034626,COMP_0002,29.6588565917,COMP_1099,0.279997439436
GROUP_0125,2026-03,58.4039710694,watch,deteriorating,3.2413210769,6.14932380841,50.9626558094,41.5566151971,60.3686964217,0.55,3,31.2973152073,COMP_0002,33.9803622327,COMP_1099,0.254154732944
GROUP_0125,2026-04,58.8168228007,watch,deteriorating,0.412851731289,3.16733819001,64.2012977237,54.7952571114,73.607338336,0.55,3,34.616412047,COMP_0002,31.7332813445,COMP_1099,0.243631587527
GROUP_0125,2026-05,63.9802729989,healthy,deteriorating,5.16345019825,8.81762300644,74.4341234732,65.0280828609,83.8401640855,0.55,3,31.8450604253,COMP_0002,32.1352125736,COMP_1096,0.302825627026
GROUP_0125,2026-06,61.4250161299,healthy,stable,-2.55525686905,3.02104506048,68.4489565996,59.0429159873,77.8549972119,0.55,3,31.8489220166,COMP_0002,29.5760941133,COMP_1096,0.318321249012
GROUP_0125,2026-07,59.359016534,watch,stable,-2.0659995959,0.542193733292,64.4947931368,55.0887525245,73.9008337491,0.55,3,34.1530600794,COMP_0002,30.6494779144,COMP_1099,0.253605520546
GROUP_0125,2026-08,65.288124154,healthy,stable,5.92910762008,1.30785115513,70.4239007569,61.0178601446,79.8299413691,0.55,3,38.5283971231,COMP_0002,30.867585399,COMP_1099,0.196535665319
GROUP_0126,2024-09,74.0630273682,healthy,warmup,,,74.0630273682,64.6569867559,83.4690679805,0.399580545386,10,43.5411953053,COMP_1130,45.2598251464,COMP_0030,0.463081646308
GROUP_0126,2024-10,77.4531536159,healthy,warmup,3.39012624767,,77.4531536159,68.0471130036,86.8591942281,0.399580545386,10,43.6942427674,COMP_1130,45.1194273967,COMP_0030,0.463752928026
GROUP_0126,2024-11,71.9328354769,healthy,warmup,-5.52031813894,,66.5008461542,57.0948055419,75.9068867665,0.399580545386,10,42.5517913519,COMP_1130,43.262170341,COMP_0030,0.472580947053
GROUP_0126,2024-12,73.2085299008,healthy,stable,1.27569442389,-0.854497467374,69.7662123922,60.3601717799,79.1722530045,0.399580545386,10,39.4116544931,COMP_1130,43.0484355617,COMP_0030,0.475621885213
GROUP_0126,2025-01,76.59461624,healthy,stable,3.3860863392,-0.85853737585,77.4821812985,68.0761406862,86.8882219108,0.399580545386,10,42.7632039355,COMP_1130,42.2483980444,COMP_0030,0.4805989924
GROUP_0126,2025-02,74.6972211123,healthy,stable,-1.89739512774,2.76438563535,75.3440987312,65.938058119,84.7501393435,0.699265954425,10,43.3040822122,COMP_1130,46.7922747403,COMP_0030,0.452017018163
GROUP_0126,2025-03,76.1169482083,healthy,stable,1.41972709604,2.9084183075,79.9131107975,70.5070701853,89.3191514098,0.699265954425,10,47.1690399949,COMP_1130,43.1743519055,COMP_0030,0.478882023447
GROUP_0126,2025-04,73.316297831,healthy,stable,-2.80065037729,-3.27831840899,77.1124604202,67.706419808,86.5185010325,0.699265954425,10,36.7151117785,COMP_1130,45.8713109039,COMP_0030,0.448782380369
GROUP_0126,2025-05,64.6538434949,healthy,stable,-8.66245433612,-10.0433776174,59.0807021996,49.6746615873,68.4867428119,0.699265954425,10,32.1902899989,COMP_1130,48.7394795665,COMP_0030,0.435748120934
GROUP_0126,2025-06,61.1344806603,healthy,stable,-3.51936283457,-14.982467548,45.3651423691,35.9591017568,54.7711829813,0.699265954425,10,38.8618897204,COMP_1130,40.8662593756,COMP_0030,0.492532946108
GROUP_0126,2025-07,62.5454100172,healthy,stable,1.41092935689,-10.7708878138,45.252915941,35.8468753287,54.6589565533,0.699265954425,10,44.4367221663,COMP_1130,38.6490950258,COMP_0030,0.510200956847
GROUP_0126,2025-08,66.4067972541,healthy,stable,3.8613872369,1.75295375922,52.1234803299,42.7174397176,61.5295209422,0.899056227118,10,42.8753908905,COMP_1130,41.5476086989,COMP_0647,0.482429849304
GROUP_0126,2025-09,60.3692065465,healthy,stable,-6.03759070763,-0.765274113847,54.8198876961,45.4138470838,64.2259283084,0.899056227118,10,41.7954907326,COMP_1130,46.3312980278,COMP_0647,0.444345878039
GROUP_0126,2025-10,62.104089116,healthy,stable,1.73488256955,-0.441320901187,60.8031231225,51.3970825102,70.2091637348,0.899053527524,11,45.6640386457,COMP_1130,44.2047447648,COMP_0647,0.469512603696
GROUP_0126,2025-11,57.7368143595,watch,stable,-4.36727475656,-8.66998289465,54.2711947326,44.8651541203,63.6772353449,0.899053527524,11,59.7969954276,COMP_0923,31.2060183605,COMP_0647,0.446904231196
GROUP_0126,2025-12,60.7281585741,healthy,stable,2.99134421462,0.3589520276,55.1788397237,45.7727991114,64.584880336,0.899053527524,11,60.5384237243,COMP_0923,30.548530993,COMP_0647,0.478138629607
GROUP_0126,2026-01,61.1561857897,healthy,stable,0.428027215587,-0.947903326362,57.6475629077,48.2415222954,67.05360352,0.899053527524,11,49.1324470606,COMP_0923,42.8638858432,COMP_0647,0.477100582138
GROUP_0126,2026-02,61.5727923004,healthy,stable,0.416606510767,3.83597794097,62.8004497695,53.3944091572,72.2064903818,0.998948287199,11,47.3500940816,COMP_1130,43.3530758075,COMP_0647,0.48537449759
GROUP_0126,2026-03,58.9555970942,watch,stable,-2.61719520627,-1.77256147991,58.2781936543,48.872153042,67.6842342666,0.998948805038,11,49.1489124468,COMP_1130,42.8973698989,COMP_0647,0.486094521461
GROUP_0126,2026-04,58.5887862897,watch,stable,-0.366810804494,-2.56739949999,59.4577976585,50.0517570462,68.8638382708,0.998948805038,11,49.63734915,COMP_1130,41.462733912,COMP_0647,0.485767664072
GROUP_0126,2026-05,56.4885452342,watch,stable,-2.10024105545,-5.08424706621,52.1239660842,42.7179254719,61.5300066965,0.998948805038,11,52.7349608988,COMP_1130,35.5632233717,COMP_0647,0.528859396929
GROUP_0126,2026-06,52.8130454718,watch,deteriorating,-3.67549976238,-6.14255162233,44.3030423477,34.8970017354,53.7090829599,0.998948805038,11,48.8850508414,COMP_1130,40.3239545554,COMP_0647,0.432581652251
GROUP_0126,2026-07,58.7646452569,watch,deteriorating,5.95159978504,0.175858967209,51.1554299295,41.7493893172,60.5614705417,0.998948805038,11,48.5563879195,COMP_1130,42.0256065982,COMP_0647,0.429456964225
GROUP_0126,2026-08,57.811499421,watch,stable,-0.95314583587,1.32295418679,56.6445197944,47.2384791821,66.0505604067,0.998948805038,11,48.363527056,COMP_1130,41.1297139638,COMP_0647,0.439248611161
GROUP_0127,2025-07,67.6830387162,healthy,warmup,,,67.6830387162,58.2769981039,77.0890793285,0.287685928644,7,32.6141267531,COMP_0358,47.1856423762,COMP_0635,0.426492178614
GROUP_0127,2025-08,68.8468087709,healthy,warmup,1.16377005469,,68.8468087709,59.4407681586,78.2528493832,0.287648991008,8,35.6412885388,COMP_0358,46.3154529261,COMP_0635,0.479638337241
GROUP_0127,2025-09,68.585840549,healthy,warmup,-0.260968221876,,70.8879852227,61.4819446104,80.294025835,0.287648991008,8,33.5498293581,COMP_0358,49.401007491,COMP_0635,0.452157348907
GROUP_0127,2025-10,68.8994266067,healthy,stable,0.313586057727,1.21638789054,70.7330007609,61.3269601486,80.1390413732,0.287648991008,8,34.1335122742,COMP_0358,46.1737817048,COMP_0635,0.461219503483
GROUP_0127,2025-11,69.5847238532,healthy,stable,0.685297246494,0.737915082344,71.769725897,62.3636852847,81.1757665093,0.287648991008,8,31.9031410724,COMP_0358,48.5421563116,COMP_0635,0.482469280972
GROUP_0127,2025-12,68.0952509931,healthy,stable,-1.4894728601,-0.490589555879,69.3497066331,59.9436660208,78.7557472454,0.503125571812,8,35.5397952177,COMP_0358,44.9180243784,COMP_0635,0.487701154288
GROUP_0127,2026-01,68.3214746082,healthy,stable,0.22622361513,-0.577951998476,67.7856337624,58.3795931501,77.1916743747,0.503385734263,8,30.4004476789,COMP_0991,48.0410010119,COMP_0635,0.480631948644
GROUP_0127,2026-02,67.5241093043,healthy,stable,-0.797365303961,-2.06061454893,66.4411434347,57.0351028224,75.847184047,0.503385734263,8,33.8639230906,COMP_0281,42.8443408904,COMP_0635,0.486624982171
GROUP_0127,2026-03,67.2848364447,healthy,stable,-0.239272859542,-0.810414548373,65.5313068841,56.1252662719,74.9373474964,0.503385734263,8,36.9810893265,COMP_0281,41.8599313822,COMP_0635,0.468809457011
GROUP_0127,2026-04,67.3422865583,healthy,stable,0.0574501135046,-0.979188049998,65.6776668733,56.271626261,75.0837074855,0.503385734263,8,34.2638781168,COMP_0358,47.6664896911,COMP_0635,0.467173343326
GROUP_0127,2026-05,67.4348185392,healthy,stable,0.0925319809055,-0.0892907651315,66.4747888847,57.0687482724,75.880829497,0.503385734263,8,29.6782850961,COMP_0991,49.4479062626,COMP_0635,0.477924983899
GROUP_0127,2026-06,70.7348510291,healthy,stable,3.30003248991,3.45001458432,71.0278466079,61.6218059956,80.4338872202,0.647036788133,8,35.9740594092,COMP_0358,47.5015697264,COMP_0877,0.475968792199
GROUP_0127,2026-07,73.6221021707,healthy,stable,2.88725114166,6.27981561247,79.4871269641,70.0810863518,88.8931675763,0.647210229767,8,43.6868852268,COMP_0991,46.4896342192,COMP_0877,0.501199388729
GROUP_0127,2026-08,76.6178040083,healthy,stable,2.99570183758,9.18298546914,87.2934905495,77.8874499372,96.6995311618,0.647210229767,8,48.1325553884,COMP_0281,48.1920788065,COMP_0877,0.477329433479
GROUP_0128,2024-09,59.5080910246,watch,warmup,,,59.5080910246,50.1020504123,68.9141316369,0.248,1,0,COMP_0653,59.5080910246,COMP_0653,0.267877951371
GROUP_0128,2024-10,58.4379399337,watch,warmup,-1.07015109092,,58.4379399337,49.0318993214,67.843980546,0.248,1,0,COMP_0653,58.4379399337,COMP_0653,0.281790351191
GROUP_0128,2024-11,58.0287351951,watch,warmup,-0.409204738639,,54.2563778297,44.8503372174,63.662418442,0.248,1,0,COMP_0653,58.0287351951,COMP_0653,0.279374769013
GROUP_0128,2024-12,61.0139064025,healthy,stable,2.98517120746,1.5058153779,61.2503773902,51.8443367779,70.6564180025,0.248,1,0,COMP_0653,61.0139064025,COMP_0653,0.25612270075
GROUP_0128,2025-01,63.7272658614,healthy,stable,2.71335945884,5.28932592766,69.7013470675,60.2953064552,79.1073876798,0.214400531601,2,3.43151331042,COMP_0653,60.5245707771,COMP_1152,0.394605153527
GROUP_0128,2025-02,63.5009720893,healthy,stable,-0.226293772025,5.47223689428,69.8429895907,60.4369489784,79.249030203,0.226803278208,2,4.83780797543,COMP_0653,58.9857560841,COMP_1152,0.394368873436
GROUP_0128,2025-03,64.6452216925,healthy,stable,1.14424960313,3.63131528995,71.1005876909,61.6945470786,80.5066283032,0.226803278208,2,3.90538657246,COMP_0653,61.0002518945,COMP_1152,0.382395625051
GROUP_0128,2025-04,62.9069702022,healthy,stable,-1.7382514903,-0.820295659188,68.7426431782,59.3366025659,78.1486837904,0.226803278208,2,0.0373070960758,COMP_1152,62.9044825115,COMP_0653,0.404279869645
GROUP_0128,2025-05,66.7427376876,healthy,stable,3.83576748542,3.24176559826,72.0914034752,62.6853628629,81.4974440875,0.226803278208,2,0.567486892549,COMP_1152,66.7048968482,COMP_0653,0.356571296693
GROUP_0128,2025-06,68.1379860331,healthy,stable,1.39524834548,3.49276434061,73.4866518207,64.0806112084,82.8926924329,0.375200930302,2,4.37307349467,COMP_0653,64.0565153473,COMP_1152,0.340807039387
GROUP_0128,2025-07,68.3807567855,healthy,stable,0.242770752383,5.47378658329,73.8917583025,64.4857176902,83.2977989148,0.375134117839,3,4.24451771685,COMP_0170,64.4018268556,COMP_1152,0.350807754319
GROUP_0128,2025-08,64.5134230109,healthy,stable,-3.86733377454,-2.22931467668,68.6903717105,59.2843310982,78.0964123228,0.383399739637,3,1.39671951553,COMP_0653,63.4128628994,COMP_0170,0.394099328819
GROUP_0128,2025-09,67.6485862207,healthy,stable,3.13516320982,-0.489399812339,69.6968135519,60.2907729396,79.1028541642,0.383399739637,3,9.9664195411,COMP_0653,58.3479079444,COMP_1152,0.341373479843
GROUP_0128,2025-10,65.4209985242,healthy,stable,-2.22758769653,-2.95975826125,64.0728245776,54.6667839653,73.4788651899,0.383399739637,3,8.95992038571,COMP_0653,60.6192511939,COMP_0170,0.388204464756
GROUP_0128,2025-11,68.4388078098,healthy,stable,3.01780928554,3.92538479884,68.5128228657,59.1067822534,77.918863478,0.383399739637,3,6.44327037221,COMP_0653,63.0117581949,COMP_0170,0.356628305498
GROUP_0128,2025-12,71.9527770144,healthy,stable,3.51396920465,4.30419079366,75.5962376479,66.1901970356,85.0022782602,0.482344864489,3,14.7403367201,COMP_0653,58.1965564154,COMP_1152,0.299495598724
GROUP_0128,2026-01,69.3083093515,healthy,stable,-2.64446766294,3.88731082725,75.9167377578,66.5106971455,85.3227783701,0.462323949373,4,19.5907529851,COMP_1034,51.8001537459,COMP_1152,0.404749545108
GROUP_0128,2026-02,69.8686675061,healthy,stable,0.560358154653,1.42985969636,72.2994289899,62.8933883776,81.7054696022,0.466171779663,4,16.7949140827,COMP_1034,55.1339670641,COMP_1152,0.384118748948
GROUP_0128,2026-03,70.9091487277,healthy,stable,1.04048122155,-1.04362828674,74.991289137,65.5852485247,84.3973297493,0.466171779663,4,18.1785187572,COMP_1034,54.7057952627,COMP_1152,0.381751142609
GROUP_0128,2026-04,72.6709908791,healthy,stable,1.76184215146,3.36268152766,75.8206755495,66.4146349372,85.2267161617,0.466171779663,4,20.9422391582,COMP_1034,53.9226811859,COMP_1152,0.387360886276
GROUP_0128,2026-05,72.5179089365,healthy,stable,-0.153081942658,2.64924143035,76.6000493458,67.1940087335,86.0060899581,0.466171779663,4,21.0294178026,COMP_1034,53.8057076924,COMP_1152,0.380244955677
GROUP_0128,2026-06,72.7990338415,healthy,stable,0.281124905048,1.88988511385,76.8811742508,67.4751336385,86.2872148631,0.522169953991,4,20.275871776,COMP_1034,54.9524713478,COMP_1152,0.381980363964
GROUP_0128,2026-07,73.6423992762,healthy,stable,0.843365434683,0.971408397073,77.3786163538,67.9725757415,86.7846569661,0.522169953991,4,24.7648063587,COMP_1034,51.4442719708,COMP_1152,0.409539991263
GROUP_0128,2026-08,76.2615011106,healthy,stable,2.61910183445,3.74359217418,80.3638396431,70.9577990308,89.7698802554,0.522169953991,4,25.914716992,COMP_1034,53.3603897732,COMP_1152,0.410274615275
GROUP_0129,2025-01,55.9654822098,watch,warmup,,,55.9654822098,46.5594415975,65.3715228221,0.366143446198,5,28.8434326703,COMP_0100,50.4938104259,COMP_0609,0.258213963089
GROUP_0129,2025-02,58.0445193838,watch,warmup,2.07903717405,,58.0445193838,48.6384787715,67.4505599961,0.366143446198,5,25.1571500531,COMP_0100,53.2047849372,COMP_0904,0.292120559205
GROUP_0129,2025-03,55.9407035071,watch,warmup,-2.10381587676,,55.8775178152,46.4714772029,65.2835584274,0.366071618982,6,44.1813703701,COMP_0968,34.6420335314,COMP_0609,0.256460795389
GROUP_0129,2025-04,57.1327218471,watch,stable,1.19201834007,1.16723963736,58.0932826929,48.6872420807,67.4993233052,0.366071618982,6,38.36806508,COMP_0968,40.0818693338,COMP_0609,0.259759048645
GROUP_0129,2025-05,56.0177741008,watch,stable,-1.11494774633,-2.02674528302,56.0195173354,46.6134767231,65.4255579477,0.366071618982,6,38.5189757099,COMP_0968,39.8092782224,COMP_0609,0.263943708924
GROUP_0129,2025-06,54.4039085842,watch,stable,-1.61386551664,-1.5367949229,52.0788248656,42.6727842533,61.4848654779,0.640292697735,6,35.5377018215,COMP_0968,39.9921965745,COMP_0609,0.286347749756
GROUP_0129,2025-07,54.7568950066,watch,stable,0.352986422386,-2.37582684059,51.4035181417,41.9974775294,60.809558754,0.640292697735,6,40.7441745035,COMP_0968,41.1615784258,COMP_0609,0.338327601187
GROUP_0129,2025-08,55.9174628572,watch,stable,1.16056785068,-0.100311243573,54.4081070191,45.0020664068,63.8141476314,0.640625333218,6,36.5766341584,COMP_0968,41.2949730057,COMP_0609,0.408700934643
GROUP_0129,2025-09,56.2267230911,watch,stable,0.309260233819,1.82281450689,56.056193977,46.6501533647,65.4622345893,0.640625333218,6,40.6629720724,COMP_0968,37.7168687246,COMP_0609,0.346980073971
GROUP_0129,2025-10,56.717178425,watch,stable,0.49045533397,1.96028341847,58.7564531229,49.3504125106,68.1624937352,0.640625333218,6,39.91608499,COMP_0968,38.425410743,COMP_0609,0.354396009888
GROUP_0129,2025-11,53.6994272571,watch,stable,-3.01775116789,-2.21803560011,55.738701955,46.3326613427,65.1447425673,0.640625333218,6,32.8054533431,COMP_0968,42.4644326722,COMP_0609,0.351423899787
GROUP_0129,2025-12,53.989690516,watch,stable,0.290263258868,-2.23703257506,53.2071419356,43.8011013233,62.6131825479,0.82343938572,6,29.4646403217,COMP_0968,43.8784650738,COMP_0904,0.356588228794
GROUP_0129,2026-01,57.3232916763,watch,stable,3.33360116035,0.606113251324,58.7214166226,49.3153760103,68.1274572349,0.82343938572,6,31.856358472,COMP_0968,44.4914435496,COMP_0457,0.346983961397
GROUP_0129,2026-02,56.3307877988,watch,stable,-0.992503877577,2.63136054164,57.361180326,47.9551397137,66.7672209383,0.823661142709,6,27.2588521146,COMP_0968,44.6538438029,COMP_0904,0.324761495692
GROUP_0129,2026-03,54.9106520159,watch,stable,-1.42013578287,0.9209614999,55.9410445431,46.5350039309,65.3470851554,0.823661142709,6,26.9551151359,COMP_0968,44.416539059,COMP_0904,0.323669165706
GROUP_0129,2026-04,57.6688875711,watch,stable,2.75823555517,0.345595894718,61.0810419904,51.6750013781,70.4870826027,0.823661142709,6,33.7070979263,COMP_0968,41.0115794937,COMP_0457,0.35789015051
GROUP_0129,2026-05,55.0961037152,watch,stable,-2.57278385582,-1.23468408353,55.6836167363,46.277576124,65.0896573485,0.823661142709,6,28.3403884586,COMP_0968,44.7247553382,COMP_0457,0.345538567074
GROUP_0129,2026-06,57.0274091527,watch,stable,1.93130543742,2.11675713676,56.7256089785,47.3195683662,66.1316495908,0.91506816896,6,26.3440660535,COMP_0968,48.3629073259,COMP_0457,0.367797492422
GROUP_0129,2026-07,54.333042551,watch,stable,-2.69436660163,-3.33584502004,52.6972725841,43.2912319718,62.1033131964,0.91506816896,6,25.356952203,COMP_0100,48.544787586,COMP_0457,0.386115373851
GROUP_0129,2026-08,55.0035258272,watch,stable,0.670483276159,-0.09257788806,54.2670737595,44.8610331472,63.6731143717,0.915179047455,6,25.4371393453,COMP_0100,49.2425545705,COMP_0457,0.35019680291
GROUP_0130,2024-09,61.6034674638,healthy,warmup,,,61.6034674638,52.1974268515,71.009508076,0.152334442186,3,12.3369742907,COMP_0782,52.2164817836,COMP_0535,
GROUP_0130,2024-10,62.2512147015,healthy,warmup,0.647747237732,,62.2512147015,52.8451740892,71.6572553138,0.152334442186,3,21.953285412,COMP_0782,45.4996619469,COMP_0535,
GROUP_0130,2024-11,61.2456699815,healthy,warmup,-1.00554472003,,60.3332864016,50.9272457893,69.7393270139,0.152334442186,3,15.9630961469,COMP_0782,49.101436826,COMP_0535,
GROUP_0130,2024-12,63.2698918274,healthy,stable,2.02422184598,1.66642436368,65.9851658721,56.5791252599,75.3912064844,0.152334442186,3,14.1186473097,COMP_0782,52.7329589532,COMP_0535,
GROUP_0130,2025-01,65.2658874928,healthy,stable,1.9959956654,3.01467279135,69.2524357176,59.8463951053,78.6584763299,0.152334442186,3,17.7708573031,COMP_0782,52.0882456782,COMP_0535,
GROUP_0130,2025-02,67.0703949724,healthy,stable,1.80450747952,5.8247249909,72.6466610311,63.2406204188,82.0527016434,0.266585273826,3,18.1056154146,COMP_0782,54.0185038622,COMP_0535,
GROUP_0130,2025-03,65.0724564981,healthy,stable,-1.99793847423,1.80256467069,70.1974002434,60.7913596311,79.6034408557,0.266585273826,3,18.1006364036,COMP_0889,51.3714348662,COMP_0535,
GROUP_0130,2025-04,64.3685098282,healthy,stable,-0.703946669931,-0.897377664637,67.5538064719,58.1477658596,76.9598470842,0.266585273826,3,16.9469076815,COMP_0782,52.1467213031,COMP_0535,
GROUP_0130,2025-05,64.620185113,healthy,stable,0.251675284775,-2.45020985938,64.1269360765,54.7208954642,73.5329766888,0.266585273826,3,19.983405838,COMP_0889,49.5139342561,COMP_0535,
GROUP_0130,2025-06,67.4477784822,healthy,stable,2.82759336925,2.3753219841,66.9545294457,57.5484888334,76.360570058,0.266585273826,3,22.6101347386,COMP_0889,50.6143973589,COMP_0535,
GROUP_0130,2025-07,67.0521458451,healthy,stable,-0.395632637083,2.68363601694,67.5333098202,58.1272692079,76.9393504325,0.266585273826,3,29.8087562555,COMP_0889,44.7521283963,COMP_0535,
GROUP_0130,2025-08,70.4839132791,healthy,stable,3.43176743395,5.86372816612,76.0035991957,66.5975585834,85.409639808,0.342752494919,3,29.7896161458,COMP_0889,48.0438225118,COMP_0535,
GROUP_0130,2025-09,68.9097159047,healthy,stable,-1.57419737438,1.46193742249,74.3788676642,64.9728270519,83.7849082765,0.319931142905,4,33.2097650694,COMP_0889,47.5400266934,COMP_0535,
GROUP_0130,2025-10,61.6284998784,healthy,stable,-7.28121602636,-5.42364596678,64.1137934966,54.7077528843,73.5198341089,0.275406508295,8,39.6980442869,COMP_0327,33.529700955,COMP_0535,0.243765530905
GROUP_0130,2025-11,64.4991425364,healthy,stable,2.87064265802,-5.98477074272,61.2440633177,51.8380227054,70.65010393,0.275406508295,8,46.0391953571,COMP_0327,32.7578695319,COMP_0535,0.243170323608
GROUP_0130,2025-12,63.957263892,healthy,stable,-0.541878644387,-4.95245201273,55.9288572826,46.5228166703,65.3348978949,0.275406508295,8,36.1888314459,COMP_0327,39.0787430033,COMP_0535,0.196537769584
GROUP_0130,2026-01,61.7077516026,healthy,stable,-2.24951228937,0.0792517242556,53.288583181,43.8825425687,62.6946237933,0.264215622145,9,38.3730732641,COMP_0327,38.5104752683,COMP_0535,0.222334495018
GROUP_0130,2026-02,62.0828108053,healthy,stable,0.375059202696,-2.41633173107,57.3029554343,47.896914822,66.7089960466,0.294339693159,9,47.366548825,COMP_0889,31.8573970018,COMP_0535,0.20708073703
GROUP_0130,2026-03,61.4197222404,healthy,stable,-0.663088564883,-2.53754165156,58.6561411541,49.2501005418,68.0621817663,0.33519114195,9,54.3069615805,COMP_0889,23.4775311347,COMP_0535,0.212316359812
GROUP_0130,2026-04,61.098007255,healthy,stable,-0.321714985383,-0.60974434757,57.6288492681,48.2228086558,67.0348898804,0.33519114195,9,56.184381385,COMP_0889,23.1336364503,COMP_0535,0.220195139098
GROUP_0130,2026-05,61.7812102657,healthy,stable,0.683203010635,-0.301600539631,60.1404638402,50.7344232279,69.5465044525,0.33519114195,9,55.4845669325,COMP_0889,24.1002848008,COMP_0535,0.276605663116
GROUP_0130,2026-06,61.4789160577,healthy,stable,-0.302294207956,0.0591938172959,60.9661951404,51.5601545281,70.3722357526,0.354219784893,9,57.3947213555,COMP_0889,23.5777761689,COMP_0033,0.255459935844
GROUP_0130,2026-07,63.3839670506,healthy,stable,1.90505099283,2.28595979551,64.3057615149,54.8997209027,73.7118021272,0.354219784893,9,62.954033881,COMP_0889,18.5629281494,COMP_0535,0.301877213271
GROUP_0130,2026-08,63.0809573965,healthy,stable,-0.303009654087,1.29974713079,65.2905275188,55.8844869065,74.6965681311,0.361762492658,9,65.0001350414,COMP_0889,20.3745248262,COMP_0033,0.262868702968
GROUP_0131,2025-02,94.0467979844,solid,warmup,,,94.0467979844,84.6407573721,100,0.312,1,0,COMP_0055,94.0467979844,COMP_0055,0
GROUP_0131,2025-03,93.1516619358,solid,warmup,-0.895136048646,,93.1516619358,83.7456213235,100,0.312,1,0,COMP_0055,93.1516619358,COMP_0055,0
GROUP_0131,2025-04,94.5742548042,solid,warmup,1.42259286841,,95.9192696946,86.5132290823,100,0.312,1,0,COMP_0055,94.5742548042,COMP_0055,0
GROUP_0131,2025-05,55.7357182539,watch,stable,-38.8385365503,-38.3110797306,20.8887035589,11.4826629466,30.2947441711,0.291916652054,8,40.4368906562,COMP_0854,48.59612735,COMP_0055,0.487317479431
GROUP_0131,2025-06,56.8805046388,watch,stable,1.14478638492,-36.271157297,2.3565089285,0,11.7625495408,0.291901282714,9,40.06823447,COMP_0402,48.6207049954,COMP_0055,0.486691843557
GROUP_0131,2025-07,55.8603865565,watch,stable,-1.02011808226,-38.7138682477,8.47336254084,0,17.8794031531,0.318647521099,9,45.1806165632,COMP_0854,48.1049367079,COMP_0055,0.488229374604
GROUP_0131,2025-08,57.4009362543,watch,stable,1.54054969779,1.66521800045,20.9351960592,11.5291554469,30.3412366715,0.318647521099,9,42.4324512563,COMP_0854,49.5272834687,COMP_0055,0.467975959182
GROUP_0131,2025-09,57.3608426683,watch,stable,-0.0400935860353,0.480338029492,57.6787468401,48.2727062278,67.0847874523,0.318647521099,9,37.4977014383,COMP_0854,50.6774587491,COMP_0055,0.483775655569
GROUP_0131,2025-10,57.4111967103,watch,stable,0.0503540420217,1.55081015378,58.7382973299,49.3322567176,68.1443379422,0.510805391399,9,37.0200738737,COMP_0854,50.965854423,COMP_0055,0.463472595716
GROUP_0131,2025-11,56.1059523166,watch,stable,-1.30524439367,-1.29498393768,56.3627579309,46.9567173187,65.7687985432,0.510827244749,9,37.2807363667,COMP_0402,50.8020796569,COMP_0055,0.491116883986
GROUP_0131,2025-12,55.7376332064,watch,stable,-0.36831911022,-1.62320946187,55.5331559176,46.1271153054,64.9391965299,0.510827244749,9,36.9365396773,COMP_0854,48.7336326026,COMP_0055,0.467083878256
GROUP_0131,2026-01,55.7445555116,watch,stable,0.00692230522983,-1.66664119866,53.6837893869,44.2777487746,63.0898299992,0.528658070339,9,46.1207910129,COMP_0854,46.0954390977,COMP_0055,0.478875214822
GROUP_0131,2026-02,56.3264001312,watch,stable,0.581844619582,0.220447814592,54.9432844929,45.5372438806,64.3493251052,0.528658070339,9,57.8133355375,COMP_0854,39.1100704378,COMP_0055,0.429890833786
GROUP_0131,2026-03,57.7455563393,watch,stable,1.41915620805,2.00792313286,58.0866031608,48.6805625485,67.4926437731,0.528658070339,9,54.0112262418,COMP_0854,43.0160034816,COMP_0055,0.40761836201
GROUP_0131,2026-04,58.4639754946,watch,stable,0.718419155284,2.71941998292,61.4313830544,52.0253424421,70.8374236667,0.656763317206,9,55.2418334921,COMP_0854,41.5720310316,COMP_0055,0.381386456974
GROUP_0131,2026-05,58.6083761691,watch,stable,0.144400674573,2.28197603791,62.0844625865,52.6784219742,71.4905031988,0.656777886106,9,54.4899444373,COMP_0854,42.6104053483,COMP_0055,0.411955798551
GROUP_0131,2026-06,60.7854505382,healthy,improving,2.17707436903,3.03989419889,65.8880026486,56.4819620363,75.2940432609,0.656777886106,9,53.2022457619,COMP_0854,43.9302312178,COMP_0055,0.384273749992
GROUP_0131,2026-07,61.7410867263,healthy,improving,0.955636188136,3.27711123174,67.1919039028,57.7858632905,76.5979445151,0.665693298901,9,52.6988015277,COMP_0854,44.6531306301,COMP_0055,0.370717991748
GROUP_0131,2026-08,62.2399234529,healthy,improving,0.498836726594,3.63154728376,67.1136680124,57.7076274001,76.5197086247,0.665693298901,9,55.3160404168,COMP_0854,42.0469626478,COMP_0055,0.345610457277
GROUP_0132,2024-09,70.0616718589,healthy,warmup,,,70.0616718589,60.6556312466,79.4677124712,0.247542779995,16,44.9501463797,COMP_1207,32.1865228107,COMP_0862,0.568418645085
GROUP_0132,2024-10,67.2925147227,healthy,warmup,-2.76915713613,,67.2925147227,57.8864741105,76.698555335,0.247528092756,17,53.4125138136,COMP_1207,35.5385250588,COMP_1015,0.583950126011
GROUP_0132,2024-11,68.6650339177,healthy,warmup,1.37251919492,,65.1036071676,55.6975665553,74.5096477799,0.247528092756,17,56.5220263808,COMP_1207,29.9208395741,COMP_1015,0.607108911526
GROUP_0132,2024-12,66.0222402977,healthy,stable,-2.64279361992,-4.03943156113,60.8080100957,51.4019694835,70.214050708,0.247528092756,17,54.6797863588,COMP_1207,31.9634943299,COMP_1015,0.631387549069
GROUP_0132,2025-01,68.9200828591,healthy,stable,2.89784256134,1.62756813634,66.5727199799,57.1666793676,75.9787605921,0.247433253149,18,49.1094497856,COMP_1207,35.6846338578,COMP_1015,0.620835133225
GROUP_0132,2025-02,64.6508959735,healthy,stable,-4.26918688564,-4.01413794421,61.1539679465,51.7479273342,70.5600085588,0.432587674948,18,50.4557852947,COMP_1207,32.6958656858,COMP_1015,0.594297628223
GROUP_0132,2025-03,62.5841798165,healthy,stable,-2.06671615694,-3.43806048123,57.7816782122,48.3756375999,67.1877188244,0.432633902787,18,42.823385496,COMP_0641,39.6445887586,COMP_1015,0.600133173332
GROUP_0132,2025-04,62.3253907072,healthy,stable,-0.258789109291,-6.59469215187,55.8589546326,46.4529140203,65.2649952449,0.432633902787,18,44.6735189452,COMP_0641,38.0758864714,COMP_1015,0.611204442793
GROUP_0132,2025-05,61.6436852742,healthy,stable,-0.681705433018,-3.00721069925,56.5314270855,47.1253864732,65.9374676978,0.432633902787,18,59.7338680878,COMP_0641,20.8729855339,COMP_1015,0.589146519187
GROUP_0132,2025-06,60.1325358853,healthy,stable,-1.51114938893,-2.45164393124,54.2024974564,44.7964568441,63.6085380687,0.433008193011,18,55.8369085642,COMP_0641,21.8374144356,COMP_1015,0.607552248159
GROUP_0132,2025-07,65.2353081305,healthy,stable,5.10277224525,2.9099174233,61.7586104221,52.3525698098,71.1646510344,0.433008193011,18,41.3792606428,COMP_1003,37.9296609049,COMP_1015,0.619878882252
GROUP_0132,2025-08,66.116988784,healthy,stable,0.881680653465,4.47330350979,69.7204539308,60.3144133185,79.1264945431,0.55644447421,18,40.2313326603,COMP_0641,37.9490461538,COMP_1015,0.613022616874
GROUP_0132,2025-09,65.6333074292,healthy,stable,-0.483681354839,5.50077154388,70.467594977,61.0615543647,79.8736355893,0.55647529277,18,42.1273261584,COMP_1003,32.7933147312,COMP_1015,0.667467397233
GROUP_0132,2025-10,62.9329309033,healthy,stable,-2.70037652583,-2.3023772272,66.5034345513,57.097393939,75.9094751636,0.55647529277,18,46.3225567981,COMP_1003,28.8533420261,COMP_1015,0.682192365376
GROUP_0132,2025-11,61.7577502202,healthy,stable,-1.17518068308,-4.35923856374,59.2909753106,49.8849346983,68.6970159229,0.55647529277,18,44.9460664962,COMP_1003,31.3006392716,COMP_1015,0.643792628343
GROUP_0132,2025-12,61.9563700459,healthy,stable,0.198619825627,-3.67693738328,57.5224837103,48.116443098,66.9285243226,0.556724819585,18,37.490422945,COMP_1003,35.6444480871,COMP_1015,0.615967051355
GROUP_0132,2026-01,61.4306426979,healthy,stable,-0.525727347954,-1.50228820541,56.1258538068,46.7198131945,65.5318944191,0.556724819585,18,46.581361507,COMP_1003,26.9495039431,COMP_1015,0.704373493176
GROUP_0132,2026-02,59.7860049196,watch,stable,-1.64463777829,-1.97174530062,54.4276073873,45.021566775,63.8336479996,0.618442960185,18,46.2864353676,COMP_1003,25.9414273524,COMP_1122,0.705602327277
GROUP_0132,2026-03,57.5213944887,watch,stable,-2.26461043088,-4.43497555713,52.1200409311,42.7140003188,61.5260815434,0.618458369465,18,43.8341904738,COMP_1003,28.8796632778,COMP_0573,0.660236206654
GROUP_0132,2026-04,57.3690368851,watch,stable,-0.15235760366,-4.06160581283,51.8346058132,42.4285652009,61.2406464254,0.618458369465,18,42.7330618243,COMP_1003,30.4575767952,COMP_0573,0.646743863287
GROUP_0132,2026-05,54.9578517886,watch,stable,-2.41118509644,-4.82815313098,47.8193631663,38.413322554,57.2254037786,0.618458369465,18,42.9533570005,COMP_1003,29.7800136126,COMP_0573,0.653455507626
GROUP_0132,2026-06,54.2390678074,watch,stable,-0.718783981249,-3.28232668135,46.9036614191,37.4976208068,56.3097020314,0.618583132873,18,44.006021133,COMP_1003,29.3456194606,COMP_1122,0.665787714795
GROUP_0132,2026-07,55.7271727924,watch,stable,1.48810498497,-1.64186409272,50.1472174341,40.7411768218,59.5532580464,0.618583132873,18,40.2195137374,COMP_1003,32.0497433406,COMP_1122,0.637122203328
GROUP_0132,2026-08,53.8438006248,watch,stable,-1.88337216754,-1.11405116383,50.1780023204,40.7719617082,59.5840429327,0.618583132873,18,43.3476978503,COMP_1003,31.4608231039,COMP_1122,0.643212679658
GROUP_0133,2026-01,80.9783245364,solid,warmup,,,80.9783245364,71.5722839241,90.3843651487,0.326204510533,2,24.7547185984,COMP_0083,63.3968914828,COMP_0757,0.271703744261
GROUP_0133,2026-02,84.0172439391,solid,warmup,3.03891940278,,84.0172439391,74.6112033269,93.4232845514,0.326204510533,2,24.5630156332,COMP_0083,66.571963225,COMP_0757,0.239145382248
GROUP_0133,2026-03,82.8385791046,solid,warmup,-1.17866483453,,87.5822282537,78.1761876414,96.9882688659,0.326204510533,2,19.8861583757,COMP_0083,68.7149217993,COMP_0757,0.22322063234
GROUP_0133,2026-04,84.6742432447,solid,stable,1.8356641401,3.69591870835,90.1875987213,80.781558109,99.5936393336,0.326204510533,2,18.9660511093,COMP_0083,71.2040696072,COMP_0757,0.203017387432
GROUP_0133,2026-05,85.5875715694,solid,stable,0.913328324642,1.5703276302,90.8977911274,81.4917505151,100,0.326204510533,2,21.5213413705,COMP_0083,70.3025655603,COMP_0757,0.156294805771
GROUP_0133,2026-06,75.7946310539,healthy,stable,-9.79294051546,-7.04394805072,78.4641880252,69.058147413,87.8702286375,0.570857893433,2,50.3989644288,COMP_0083,40,COMP_0757,0.137281952034
GROUP_0133,2026-07,76.2240813396,healthy,stable,0.429450285678,-8.45016190514,68.275055488,58.8690148757,77.6810961003,0.570857893433,2,51.0036319176,COMP_0083,40,COMP_0757,0.180073624246
GROUP_0133,2026-08,73.0874946285,healthy,stable,-3.13658671106,-12.5000769408,61.1127829423,51.70674233,70.5188235546,0.570857893433,2,46.5873069709,COMP_0083,40,COMP_0757,0.204811501002
GROUP_0134,2025-01,41.9015589376,watch,warmup,,,41.9015589376,32.4955183253,51.3075995498,0.331024257503,2,19.0496118905,COMP_0503,39.5781194542,COMP_0434,0.50075747584
GROUP_0134,2025-02,44.2365995757,watch,warmup,2.33504063817,,44.2365995757,34.8305589634,53.642640188,0.331024257503,2,15.7945224301,COMP_0503,42.310176232,COMP_0434,0.475194625517
GROUP_0134,2025-03,43.5992582,watch,warmup,-0.637341375696,,47.9283913193,38.522350707,57.3344319316,0.331024257503,2,15.2661646127,COMP_0503,41.7372775033,COMP_0434,0.499814231591
GROUP_0134,2025-04,44.1907868312,watch,stable,0.591528631159,2.28922789363,47.6450285502,38.2389879379,57.0510691625,0.331024257503,2,15.7479621798,COMP_0503,42.2700423394,COMP_0434,0.495382390239
GROUP_0134,2025-05,44.7893759595,watch,stable,0.598589128301,0.552776383764,47.83317838,38.4271377677,57.2392189923,0.331024257503,2,16.0450463076,COMP_0503,42.8323967666,COMP_0434,0.489673814866
GROUP_0134,2025-06,42.8134574971,watch,stable,-1.97591846242,-0.785800702957,43.7531773495,34.3471367372,53.1592179618,0.579292450631,2,11.7161805247,COMP_0503,41.3844605925,COMP_0434,0.504717036757
GROUP_0134,2025-07,41.2817251718,watch,stable,-1.53173232527,-2.90906165938,38.3268705608,28.9208299485,47.7329111731,0.579292450631,2,18.760927674,COMP_0503,38.9934958708,COMP_0434,0.514791171753
GROUP_0134,2025-08,44.3145097191,watch,stable,3.03278454728,-0.47486624041,43.5072371104,34.1011964981,52.9132777227,0.579292450631,2,9.86289329656,COMP_0503,43.1115542029,COMP_0434,0.484014025198
GROUP_0134,2025-09,43.6010667042,watch,stable,-0.713443014919,0.787609207088,42.7937940955,33.3877534832,52.1998347077,0.579292450631,2,12.5994869556,COMP_0503,42.0643348468,COMP_0434,0.487829110974
GROUP_0134,2025-10,46.0829745716,watch,stable,2.48190786748,4.80124939984,47.4219102237,38.0158696114,56.827950836,0.579292450631,2,12.4675755233,COMP_0503,44.5623316631,COMP_0434,0.468376826226
GROUP_0134,2025-11,44.7289056171,watch,stable,-1.35406895453,0.414395898029,48.5565887832,39.1505481709,57.9626293955,0.579292450631,2,17.1211449581,COMP_0503,42.6406770262,COMP_0434,0.483181082477
GROUP_0134,2025-12,42.51023946,watch,stable,-2.21866615711,-1.09082724416,43.763324034,34.3572834217,53.1693646463,0.744804579383,2,19.4941177857,COMP_0503,40.1325845652,COMP_0434,0.498021742194
GROUP_0134,2026-01,43.5871594599,watch,stable,1.07691999993,-2.49581511171,41.7327531449,32.3267125326,51.1387937571,0.744804579383,2,21.1742712825,COMP_0503,41.0045799191,COMP_0434,0.490744534339
GROUP_0134,2026-02,41.8207191952,watch,stable,-1.76644026468,-2.90818642186,38.9092664944,29.5032258821,48.3153071067,0.744804579383,2,12.7673636139,COMP_0503,40.2635117892,COMP_0434,0.512439735739
GROUP_0134,2026-03,42.0335745335,watch,stable,0.212855338215,-0.47666492654,37.9031864945,28.4971458822,47.3092271068,0.744804579383,2,3.9111161517,COMP_0503,41.5565442536,COMP_0434,0.514750255764
GROUP_0134,2026-04,42.8412741108,watch,stable,0.807699577383,-0.745885349083,41.0829974357,31.6769568234,50.489038048,0.744804579383,2,4.55132279194,COMP_0503,42.2861592278,COMP_0434,0.495997120002
GROUP_0134,2026-05,43.0243629377,watch,stable,0.183088826889,1.20364374249,43.548768885,34.1427282727,52.9548094973,0.744804579383,2,2.87008727269,COMP_0503,42.6743046726,COMP_0434,0.491117317166
GROUP_0134,2026-06,41.2251880777,watch,stable,-1.79917486005,-0.808386455779,40.4658859028,31.0598452905,49.8719265151,0.827560643758,2,5.96520689318,COMP_0503,40.4976248443,COMP_0434,0.492582663208
GROUP_0134,2026-07,40.468620068,watch,stable,-0.756568009726,-2.37265404289,39.0943630931,29.6883224808,48.5004037054,0.827560643758,2,8.35605479903,COMP_0503,39.4494503465,COMP_0434,0.494081429708
GROUP_0134,2026-08,39.1833548093,stress,stable,-1.28526525869,-3.84100812847,35.1498429364,25.7438023241,44.5558835486,0.827560643758,2,5.42594947924,COMP_0503,38.5215636228,COMP_0434,0.510859423528
GROUP_0135,2025-07,66.4315459404,healthy,warmup,,,66.4315459404,57.0255053281,75.8375865527,0.183111111111,1,0,COMP_1186,66.4315459404,COMP_1186,
GROUP_0135,2025-08,66.8878691334,healthy,warmup,0.456323193028,,66.8878691334,57.4818285211,76.2939097457,0.183111111111,1,0,COMP_1186,66.8878691334,COMP_1186,
GROUP_0135,2025-09,65.503682572,healthy,warmup,-1.3841865614,,63.1376309826,53.7315903703,72.5436715949,0.183111111111,1,0,COMP_1186,65.503682572,COMP_1186,
GROUP_0135,2025-10,65.3308049372,healthy,stable,-0.172877634741,-1.10074100312,63.2121492899,53.8061086776,72.6181899022,0.183111111111,1,0,COMP_1186,65.3308049372,COMP_1186,
GROUP_0135,2025-11,63.185460183,healthy,stable,-2.14534475422,-3.70240895036,59.1308236626,49.7247830504,68.5368642749,0.183111111111,1,0,COMP_1186,63.185460183,COMP_1186,
GROUP_0135,2025-12,64.2523339908,healthy,stable,1.06687380778,-1.25134858118,61.5022330774,52.0961924651,70.9082736897,0.320444444444,1,0,COMP_1186,64.2523339908,COMP_1186,
GROUP_0135,2026-01,63.2673788017,healthy,stable,-0.984955189089,-2.06342613553,59.7595543713,50.353513759,69.1655949836,0.320444444444,1,0,COMP_1186,63.2673788017,COMP_1186,
GROUP_0135,2026-02,62.5758904202,healthy,stable,-0.691488381502,-0.609569762815,59.5895424254,50.1835018131,68.9955830377,0.320444444444,1,0,COMP_1186,62.5758904202,COMP_1186,
GROUP_0135,2026-03,63.2903083256,healthy,stable,0.714417905341,-0.96202566525,61.2090017816,51.8029611693,70.6150423939,0.320444444444,1,0,COMP_1186,63.2903083256,COMP_1186,
GROUP_0135,2026-04,62.3985898117,healthy,stable,-0.89171851381,-0.868788989971,61.362321215,51.9562806027,70.7683618272,0.320444444444,1,0,COMP_1186,62.3985898117,COMP_1186,
GROUP_0135,2026-05,62.9601927461,healthy,stable,0.561602934373,0.384302325904,61.6422086765,52.2361680643,71.0482492888,0.320444444444,1,0,COMP_1186,62.9601927461,COMP_1186,
GROUP_0135,2026-06,64.9916289603,healthy,stable,2.03143621413,1.7013206347,65.6449429143,56.238902302,75.0509835266,0.412,1,0,COMP_1186,64.9916289603,COMP_1186,
GROUP_0135,2026-07,66.2286022437,healthy,stable,1.23697328342,3.83001243193,69.8721335609,60.4660929486,79.2781741732,0.412,1,0,COMP_1186,66.2286022437,COMP_1186,
GROUP_0135,2026-08,64.6275387014,healthy,stable,-1.60106354223,1.66734595533,67.4917136667,58.0856730545,76.897754279,0.412,1,0,COMP_1186,64.6275387014,COMP_1186,
GROUP_0136,2026-01,66.7525513233,healthy,warmup,,,66.7525513233,57.346510711,76.1585919355,0.324126813473,2,6.70584381198,COMP_0328,66.6462524057,COMP_0124,0.270128511111
GROUP_0136,2026-02,63.9162035502,healthy,warmup,-2.83634777308,,63.9162035502,54.5101629379,73.3222441625,0.324126813473,2,10.9579423224,COMP_0328,63.7425017105,COMP_0124,0.26010681411
GROUP_0136,2026-03,66.5715335444,healthy,warmup,2.65532999426,,66.1099382084,56.7038975962,75.5159788207,0.324126813473,2,7.31467525775,COMP_0328,66.4555836232,COMP_0124,0.273586854132
GROUP_0136,2026-04,63.640052076,healthy,stable,-2.93148146847,-3.11249924729,60.6423345862,51.2362939739,70.0483751984,0.324126813473,2,10.5384447939,COMP_0328,63.4729999785,COMP_0124,0.270748081081
GROUP_0136,2026-05,66.7002049038,healthy,stable,3.06015282782,2.78400135361,66.4360363934,57.0299957811,75.8420770057,0.324126813473,2,10.4599055798,COMP_0328,66.5343977852,COMP_0124,0.231155059888
GROUP_0136,2026-06,72.3349469872,healthy,stable,5.63474208344,5.76341344278,77.0677492884,67.6617086761,86.4737899006,0.567221923577,2,1.56789685189,COMP_0328,72.3100931817,COMP_0124,0.275324642826
GROUP_0136,2026-07,72.4453740277,healthy,stable,0.110427040517,8.80532195177,82.2431768805,72.8371362682,91.6492174928,0.567221923577,2,3.60383074187,COMP_0328,72.3882472414,COMP_0124,0.257983933168
GROUP_0136,2026-08,69.9714253577,healthy,stable,-2.47394867006,3.27122045389,77.4605719739,68.0545313616,86.8666125862,0.567221923577,2,13.733692083,COMP_0328,69.7537232097,COMP_0124,0.192124331866
GROUP_0137,2024-09,36.5238276507,stress,warmup,,,36.5238276507,27.1177870384,45.929868263,0.326247351142,2,31.171187691,COMP_0960,25.4211562368,COMP_0496,0.491308843869
GROUP_0137,2024-10,38.3048866485,stress,warmup,1.78105899773,,38.3048866485,28.8988460362,47.7109272608,0.326247351142,2,28.5333560644,COMP_0960,28.1417680705,COMP_0496,0.475620812769
GROUP_0137,2024-11,36.5944480428,stress,warmup,-1.71043860562,,36.7745300428,27.3684894305,46.180570655,0.326247351142,2,26.2092656356,COMP_0960,27.2591327755,COMP_0496,0.480147073307
GROUP_0137,2024-12,37.4250082761,stress,stable,0.83056023321,0.901180625328,38.2810528075,28.8750121953,47.6870934198,0.326247351142,2,28.6403162131,COMP_0960,27.2237922281,COMP_0496,0.480972295517
GROUP_0137,2025-01,35.3341281702,stress,stable,-2.09088010588,-2.97075847828,33.4538498265,24.0478092142,42.8598904388,0.326247351142,2,22.0172998214,COMP_0960,27.4919231261,COMP_0496,0.471066777987
GROUP_0137,2025-02,39.4086270246,stress,stable,4.07449885443,2.81417898177,40.8158960042,31.4098553919,50.2219366165,0.570932864499,2,24.6314055799,COMP_0960,30.6353199139,COMP_0496,0.449579443306
GROUP_0137,2025-03,42.4706426501,watch,stable,3.0620156255,5.04563437406,46.7197137718,37.3136731595,56.1257543841,0.525262768548,3,29.3375472508,COMP_0960,29.6027599773,COMP_1085,0.457219859898
GROUP_0137,2025-04,55.134380012,watch,stable,12.6637373619,19.8002518418,70.750659702,61.3446190897,80.1567003143,0.332164810687,4,29.1356367257,COMP_0960,30.5188843199,COMP_1085,0.452413270365
GROUP_0137,2025-05,53.1708111506,watch,stable,-1.96356886133,13.762184126,73.9507553083,64.544714696,83.3567959205,0.332164810687,4,29.7882513377,COMP_0960,33.7263045408,COMP_1085,0.440015025806
GROUP_0137,2025-06,51.9706346585,watch,stable,-1.2001764921,9.49999200842,70.1687465824,60.7627059701,79.5747871947,0.332164810687,4,25.4991862984,COMP_0960,38.1796617065,COMP_1085,0.425736963229
GROUP_0137,2025-07,47.1745086998,watch,stable,-4.79612595874,-7.95987131218,55.0957080085,45.6896673962,64.5017486208,0.332164810687,4,27.3824237578,COMP_0960,36.2180913679,COMP_1085,0.441638491887
GROUP_0137,2025-08,48.6908476892,watch,stable,1.51633898936,-4.47996346149,41.0749098046,31.6688691923,50.4809504169,0.348770798897,4,26.8055678004,COMP_0960,35.5676720633,COMP_1085,0.447427086473
GROUP_0137,2025-09,49.826677119,watch,stable,1.13582942988,-2.14395753951,42.2107392345,32.8046986222,51.6167798468,0.560645203637,4,28.738988204,COMP_0960,33.5832432005,COMP_1085,0.449395932847
GROUP_0137,2025-10,53.5713345943,watch,stable,3.74465747532,6.39682589455,53.9798685069,44.5738278946,63.3859091192,0.560645203637,4,24.7009884893,COMP_0960,38.374546269,COMP_1085,0.434402244868
GROUP_0137,2025-11,55.8356169352,watch,stable,2.26428234083,7.14476924602,63.5689457809,54.1629051686,72.9749863932,0.560645203637,4,22.5255955742,COMP_0960,39.1618421563,COMP_1085,0.426977124453
GROUP_0137,2025-12,60.4382764871,healthy,stable,4.60265955196,10.6115993681,72.8835180954,63.4774774831,82.2895587077,0.560645203637,4,21.3260900674,COMP_0960,41.2308567454,COMP_1085,0.40580766796
GROUP_0137,2026-01,53.6177601299,watch,stable,-6.82051635719,0.0464255355991,65.7638678482,56.3578272359,75.1699084605,0.560645203637,4,26.9305792566,COMP_0960,35.703867663,COMP_1085,0.435642452328
GROUP_0137,2026-02,55.4568742144,watch,stable,1.83911408441,-0.378742720816,61.1996752516,51.7936346393,70.6057158639,0.569598609616,4,28.1030900433,COMP_0960,39.7907853841,COMP_0496,0.408041674989
GROUP_0137,2026-03,54.0143250982,watch,stable,-1.44254911615,-6.42395138893,54.0932485087,44.6872078964,63.499289121,0.710848212777,4,22.993844967,COMP_0960,42.7733815716,COMP_0496,0.397999811405
GROUP_0137,2026-04,55.0073644003,watch,stable,0.993039302123,1.38960427038,53.8611143746,44.4550737623,63.2671549868,0.710848212777,4,24.3038703662,COMP_0960,41.2201477675,COMP_1085,0.409202572146
GROUP_0137,2026-05,54.6398278904,watch,stable,-0.367536509945,-0.817046323974,53.2508491396,43.8448085273,62.6568897519,0.710848212777,4,21.04234317,COMP_0960,43.8270442295,COMP_0496,0.393112334691
GROUP_0137,2026-06,55.7713367117,watch,stable,1.13150882133,1.75701161351,57.3663688318,47.9603282195,66.7724094441,0.710848212777,4,22.7988986934,COMP_0960,45.4978189122,COMP_0496,0.384969461442
GROUP_0137,2026-07,55.0086583294,watch,stable,-0.762678382279,0.001293929109,55.4095980136,46.0035574013,64.8156386259,0.710848212777,4,23.4831680935,COMP_0960,42.6712481267,COMP_0496,0.399111805496
GROUP_0137,2026-08,54.0689495554,watch,stable,-0.93970877406,-0.570878335006,54.1246665017,44.7186258894,63.530707114,0.712149036526,4,18.7735047523,COMP_0960,48.9826567881,COMP_0496,0.360463762473
GROUP_0138,2026-02,73.3571181076,healthy,warmup,,,73.3571181076,63.9510774953,82.7631587199,0.271109477295,18,44.9007220883,COMP_0468,38.3288101712,COMP_0324,0.537986822525
GROUP_0138,2026-03,73.09685509,healthy,warmup,-0.260263017554,,73.09685509,63.6908144777,82.5028957023,0.271109477295,18,48.9199146311,COMP_0468,38.3820225262,COMP_0324,0.539989893246
GROUP_0138,2026-04,72.4466452188,healthy,warmup,-0.65020987122,,70.1249393524,60.7188987402,79.5309799647,0.271109477295,18,44.3051861801,COMP_0468,39.4274354076,COMP_0324,0.535990369944
GROUP_0138,2026-05,78.9749591668,healthy,stable,6.528313948,5.61784105923,83.0864533724,73.6804127601,92.4924939847,0.271109477295,18,42.2577833632,COMP_0718,41.129838208,COMP_0324,0.51339276641
GROUP_0138,2026-06,77.2945302053,healthy,stable,-1.68042896154,4.19767511525,83.3726542655,73.9666136532,92.7786948778,0.271109477295,18,46.9069651095,COMP_0468,36.0639272616,COMP_0490,0.564260379984
GROUP_0138,2026-07,74.7309489941,healthy,stable,-2.56358121121,2.28430377526,76.8144187217,67.4083781094,86.220459334,0.474441585266,18,41.3689046526,COMP_0468,39.8924769676,COMP_0490,0.518790705347
GROUP_0138,2026-08,75.5980450159,healthy,stable,0.867096021818,-3.37691415093,78.1492587403,68.743218128,87.5552993525,0.474441585266,18,44.1095621851,COMP_0468,37.816572358,COMP_0490,0.537815467926
GROUP_0139,2024-09,60.9022365959,healthy,warmup,,,60.9022365959,51.4961959836,70.3082772082,0.4,3,21.7825433963,COMP_0686,57.0204398574,COMP_0065,0.242221502869
GROUP_0139,2024-10,57.456247257,watch,warmup,-3.44598933889,,57.456247257,48.0502066447,66.8622878693,0.4,4,48.6546763954,COMP_1191,33.6072202966,COMP_0065,0.358904267312
GROUP_0139,2024-11,55.5424918893,watch,warmup,-1.91375536769,,41.8751428875,32.4691022753,51.2811834998,0.4,4,52.1000863244,COMP_1191,25.3294102119,COMP_0065,0.422397528458
GROUP_0139,2024-12,55.6572115041,watch,stable,0.114719614836,-5.24502509174,46.3188639886,36.9128233763,55.7249046008,0.4,4,49.4894909741,COMP_1191,29.0182231496,COMP_0065,0.392619854949
GROUP_0139,2025-01,56.3192593775,watch,stable,0.662047873388,-1.13698787946,51.1038408159,41.6978002037,60.5098814282,0.4,4,46.5129315356,COMP_1191,30.6726196052,COMP_0065,0.384773061277
GROUP_0139,2025-02,55.0212491628,watch,stable,-1.29801021475,-0.521242726521,50.433707993,41.0276673807,59.8397486053,0.628093783446,4,48.2590928791,COMP_1191,27.5476784523,COMP_0065,0.394821692932
GROUP_0139,2025-03,54.219394421,watch,stable,-0.80185474178,-1.43781708314,51.7751053797,42.3690647674,61.181145992,0.7,4,46.5717418024,COMP_1191,28.8742321535,COMP_0065,0.380485838519
GROUP_0139,2025-04,56.0137249538,watch,stable,1.79433053284,-0.305534423684,55.4943164336,46.0882758213,64.9003570459,0.7,4,44.2416907787,COMP_1191,30.0657147474,COMP_0065,0.37195762852
GROUP_0139,2025-05,55.5337530031,watch,stable,-0.479971950733,0.512503840328,55.0143444828,45.6083038706,64.4203850951,0.7,4,44.5464429668,COMP_1191,30.5122974473,COMP_0065,0.362710874603
GROUP_0139,2025-06,54.5570784876,watch,stable,-0.976674515475,0.337684066633,53.5555578603,44.149517248,62.9615984725,0.7,4,52.4022608998,COMP_1191,25.0860368891,COMP_0065,0.413091546181
GROUP_0139,2025-07,57.4616980461,watch,stable,2.90461955844,1.44797309223,59.9232523029,50.5172116906,69.3292929152,0.7,4,43.0564670753,COMP_1191,31.8488159937,COMP_0065,0.354552256794
GROUP_0139,2025-08,57.8744442351,watch,stable,0.412746188995,2.34069123196,61.2260586194,51.8200180072,70.6320992317,0.852062522298,4,40.9665955602,COMP_1191,32.9943160298,COMP_0065,0.346224592409
GROUP_0139,2025-09,56.9734937589,watch,stable,-0.900950476169,2.41641527127,59.0784993228,49.6724587105,68.4845399351,0.896545959274,5,41.3274426045,COMP_1191,31.5409757259,COMP_0065,0.353911977882
GROUP_0139,2025-10,56.8278952339,watch,stable,-0.145598525041,-0.633802812215,58.6635646975,49.2575240852,68.0696053098,0.896545959274,5,42.1843438513,COMP_1191,31.2876880359,COMP_1117,0.367831667207
GROUP_0139,2025-11,58.6755597842,watch,stable,1.84766455031,0.8011155491,60.780565348,51.3745247358,70.1866059603,0.896545959274,5,41.9276323231,COMP_1191,30.4625184747,COMP_0065,0.365267660327
GROUP_0139,2025-12,58.8117012505,watch,stable,0.136141466347,1.83820749162,60.173597684,50.7675570717,69.5796382963,0.896545959274,5,39.9203106683,COMP_1191,30.5132074064,COMP_1117,0.372287791458
GROUP_0139,2026-01,56.2807781655,watch,stable,-2.53092308504,-0.54711706838,55.5382256878,46.1321850755,64.9442663001,0.896545959274,5,38.8803063278,COMP_1191,30.9190398025,COMP_1117,0.372683519963
GROUP_0139,2026-02,54.3525546362,watch,stable,-1.9282235293,-4.32300514799,53.4224556199,44.0164150076,62.8284962322,0.973121329905,5,44.1420908315,COMP_1191,29.8016309824,COMP_1117,0.378086662591
GROUP_0139,2026-03,52.9268551029,watch,stable,-1.4256995333,-5.88484614763,45.6557874831,36.2497468708,55.0618280954,0.996964630877,5,40.6561170252,COMP_1191,28.7977909393,COMP_1117,0.387292766787
GROUP_0139,2026-04,55.0383891551,watch,stable,2.11153405218,-1.24238901041,47.7673215353,38.361280923,57.1733621475,0.996964630877,5,44.2349401108,COMP_1191,29.9003430532,COMP_1117,0.381898845049
GROUP_0139,2026-05,56.6475726384,watch,stable,1.60918348334,2.29501800223,54.4401614541,45.0341208418,63.8462020663,0.996964630877,5,46.7027001974,COMP_1191,33.3255520673,COMP_1117,0.35055717778
GROUP_0139,2026-06,54.7453981307,watch,stable,-1.90217450772,1.8185430278,55.2130610837,45.8070204714,64.619101696,0.996964630877,5,48.9878711171,COMP_1191,32.2661610195,COMP_1117,0.367350753048
GROUP_0139,2026-07,53.5956694052,watch,stable,-1.14972872547,-1.44271974985,54.0965448607,44.6905042484,63.502585473,0.996964630877,5,49.5568777712,COMP_1191,31.2619910434,COMP_1117,0.371191353139
GROUP_0139,2026-08,55.9187189013,watch,stable,2.32304949606,-0.72885373713,57.0411393277,47.6350987154,66.44717994,0.997592638282,5,53.7899498817,COMP_1191,28.6173399116,COMP_1117,0.39179107755
GROUP_0140,2024-09,66.963714378,healthy,warmup,,,66.963714378,57.5576737657,76.3697549903,0.203111111111,1,0,COMP_0785,66.963714378,COMP_0785,
GROUP_0140,2024-10,68.183436108,healthy,warmup,1.21972173002,,68.183436108,58.7773954957,77.5894767203,0.203111111111,1,0,COMP_0785,68.183436108,COMP_0785,
GROUP_0140,2024-11,66.9000874725,healthy,warmup,-1.28334863551,,66.7378388635,57.3317982512,76.1438794758,0.203111111111,1,0,COMP_0785,66.9000874725,COMP_0785,
GROUP_0140,2024-12,66.9274523042,healthy,stable,0.0273648316839,-0.0362620738045,66.815505237,57.4094646247,76.2215458493,0.203111111111,1,0,COMP_0785,66.9274523042,COMP_0785,
GROUP_0140,2025-01,66.0739221758,healthy,stable,-0.853530128416,-2.10951393224,64.4533188935,55.0472782813,73.8593595058,0.203111111111,1,0,COMP_0785,66.0739221758,COMP_0785,
GROUP_0140,2025-02,68.0168394766,healthy,stable,1.9429173008,1.11675200407,67.8545908676,58.4485502553,77.2606314799,0.355444444444,1,0,COMP_0785,68.0168394766,COMP_0785,
GROUP_0140,2025-03,70.7303552905,healthy,stable,2.71351581389,3.80290298628,72.6288336974,63.2227930851,82.0348743097,0.355444444444,1,0,COMP_0785,70.7303552905,COMP_0785,
GROUP_0140,2025-04,71.2639919994,healthy,stable,0.533636708915,5.19006982361,76.1475834673,66.741542855,85.5536240796,0.355444444444,1,0,COMP_0785,71.2639919994,COMP_0785,
GROUP_0140,2025-05,72.725804417,healthy,stable,1.46181241757,4.70896494038,80.1810477466,70.7750071343,89.5870883589,0.355444444444,1,0,COMP_0785,72.725804417,COMP_0785,
GROUP_0140,2025-06,68.0306234688,healthy,stable,-4.69518094815,-2.69973182167,75.4858667984,66.0798261861,84.8919074107,0.355444444444,1,0,COMP_0785,68.0306234688,COMP_0785,
GROUP_0140,2025-07,68.2390133108,healthy,stable,0.208389841955,-3.02497868863,68.4656306216,59.0595900093,77.8716712339,0.355444444444,1,0,COMP_0785,68.2390133108,COMP_0785,
GROUP_0140,2025-08,76.5095857847,healthy,stable,8.27057247397,3.78378136778,79.2311330002,69.8250923879,88.6371736125,0.457,1,0,COMP_0785,76.5095857847,COMP_0785,
GROUP_0140,2025-09,71.6467385319,healthy,stable,-4.86284725285,3.61611506308,72.7095267259,63.3034861136,82.1155673382,0.457,1,0,COMP_0785,71.6467385319,COMP_0785,
GROUP_0140,2025-10,72.1790614727,healthy,stable,0.532322940841,3.94004816196,74.893908471,65.4878678587,84.2999490833,0.457,1,0,COMP_0785,72.1790614727,COMP_0785,
GROUP_0140,2025-11,73.1351564936,healthy,stable,0.95609502083,-3.37442929118,78.3417801788,68.9357395665,87.7478207911,0.457,1,0,COMP_0785,73.1351564936,COMP_0785,
GROUP_0140,2025-12,74.2060958262,healthy,stable,1.07093933262,2.55935729429,79.0821804324,69.6761398201,88.4882210447,0.457,1,0,COMP_0785,74.2060958262,COMP_0785,
GROUP_0140,2026-01,73.8797928949,healthy,stable,-0.326302931255,1.7007314222,76.5946398932,67.1885992809,86.0006805055,0.457,1,0,COMP_0785,73.8797928949,COMP_0785,
GROUP_0140,2026-02,76.7095909768,healthy,stable,2.82979808185,3.57443448322,81.585675583,72.1796349707,90.9917161953,0.507777777778,1,0,COMP_0785,76.7095909768,COMP_0785,
GROUP_0140,2026-03,75.3656205018,healthy,stable,-1.34397047498,1.15952467562,79.1544808993,69.748440287,88.5605215116,0.507777777778,1,0,COMP_0785,75.3656205018,COMP_0785,
GROUP_0140,2026-04,79.5427074474,healthy,stable,4.1770869456,5.66291455248,85.6192460689,76.2132054566,95.0252866812,0.507777777778,1,0,COMP_0785,79.5427074474,COMP_0785,
GROUP_0140,2026-05,79.0624407787,healthy,improving,-0.480266668704,2.35284980192,85.4463534127,76.0403128004,94.852394025,0.507777777778,1,0,COMP_0785,79.0624407787,COMP_0785,
GROUP_0140,2026-06,78.461995687,healthy,improving,-0.600445091699,3.0963751852,83.1358425349,73.7298019226,92.5418831472,0.507777777778,1,0,COMP_0785,78.461995687,COMP_0785,
GROUP_0140,2026-07,83.9687632844,solid,improving,5.50676759743,4.42605583702,91.1932102845,81.7871696722,100,0.507777777778,1,0,COMP_0785,83.9687632844,COMP_0785,
GROUP_0140,2026-08,86.6360665,solid,improving,2.66730321555,7.57362572128,97.6050735478,88.1990329355,100,0.507777777778,1,0,COMP_0785,86.6360665,COMP_0785,
GROUP_0141,2024-09,66.9484587188,healthy,warmup,,,66.9484587188,57.5424181065,76.3544993311,0.377069149087,8,31.3153285217,COMP_1079,48.0569281273,COMP_0875,0.482397059101
GROUP_0141,2024-10,67.024378871,healthy,warmup,0.0759201522235,,67.024378871,57.6183382587,76.4304194833,0.377069149087,8,38.0707904129,COMP_1045,41.9167747407,COMP_0875,0.474019698556
GROUP_0141,2024-11,64.8680005082,healthy,warmup,-2.1563783628,,59.5628320712,50.156791459,68.9688726835,0.377069149087,8,29.9075291718,COMP_1045,45.3672277413,COMP_1156,0.505781647937
GROUP_0141,2024-12,67.1106611411,healthy,stable,2.24266063291,0.162202422333,67.3585430945,57.9525024822,76.7645837068,0.377069149087,8,36.6608275332,COMP_1045,46.1303809905,COMP_0875,0.480426963136
GROUP_0141,2025-01,67.7290911637,healthy,stable,0.618430022616,0.704712292725,68.4203407356,59.0143001233,77.8263813478,0.377069149087,8,34.7759209279,COMP_1079,46.4307097967,COMP_0875,0.491209673205
GROUP_0141,2025-02,68.8212452854,healthy,stable,1.09215412172,3.95324477725,70.7314875835,61.3254469712,80.1375281957,0.659871010902,8,38.6047600969,COMP_1079,43.5739843875,COMP_0875,0.510072311294
GROUP_0141,2025-03,67.6959335022,healthy,stable,-1.12531178329,0.585272361046,69.9869381806,60.5808975683,79.3929787929,0.659871010902,8,38.4253573894,COMP_1079,42.0243847194,COMP_0875,0.523239727861
GROUP_0141,2025-04,70.0197836215,healthy,stable,2.32385011935,2.29069245778,73.9139607997,64.5079201874,83.320001412,0.659871010902,8,39.7867790085,COMP_1045,45.8337006057,COMP_0875,0.478282167128
GROUP_0141,2025-05,69.3247508536,healthy,stable,-0.695032767861,0.503505568192,72.3810236106,62.9749829983,81.7870642229,0.659871010902,8,41.0515156941,COMP_1079,45.2360781488,COMP_0875,0.492249934053
GROUP_0141,2025-06,71.0522123726,healthy,stable,1.72746151897,3.35627887045,74.1084851295,64.7024445173,83.5145257418,0.659871010902,8,47.4981951967,COMP_1079,44.0792885499,COMP_0875,0.499332751755
GROUP_0141,2025-07,72.211538312,healthy,stable,1.15932593944,2.19175469055,75.937521286,66.5314806737,85.3435618983,0.659871010902,8,48.3224338567,COMP_1045,44.8097598569,COMP_0875,0.477504290525
GROUP_0141,2025-08,72.7942683064,healthy,stable,0.582729994375,3.46951745278,77.9945698068,68.5885291945,87.4006104191,0.848405585446,8,49.3197076551,COMP_1045,44.0409439561,COMP_0875,0.488596507751
GROUP_0141,2025-09,71.0283969603,healthy,stable,-1.76587134614,-0.0238154123285,74.0003199316,64.5942793193,83.4063605439,0.848405585446,8,39.1383132583,COMP_1045,48.9352033248,COMP_0875,0.447397188462
GROUP_0141,2025-10,74.3195276303,healthy,stable,3.29113067006,2.10798931829,78.4853545839,69.0793139717,87.8913951962,0.848405585446,8,42.3823886197,COMP_1045,48.9125858873,COMP_0875,0.365160850649
GROUP_0141,2025-11,73.0290641165,healthy,stable,-1.29046351384,0.234795810067,76.0009870878,66.5949464755,85.4070277001,0.848405585446,8,44.824667656,COMP_1045,44.2175293594,COMP_0875,0.336546312257
GROUP_0141,2025-12,74.7722259217,healthy,stable,1.74316180525,3.74382896146,77.3841272836,67.9780866713,86.7901678959,0.848405585446,8,43.5238020536,COMP_1045,48.3915611812,COMP_0875,0.356417726759
GROUP_0141,2026-01,75.4513731458,healthy,stable,0.679147224049,1.13184551546,78.9150239884,69.5089833762,88.3210646007,0.848405585446,8,42.1009958357,COMP_1045,50.4698886423,COMP_0875,0.389710685048
GROUP_0141,2026-02,76.2722277464,healthy,stable,0.820854600646,3.24316362995,81.3739289948,71.9678883825,90.7799696071,0.942672872718,8,44.2940751073,COMP_1045,48.3624729112,COMP_0875,0.376219864992
GROUP_0141,2026-03,71.6672741968,healthy,stable,-4.60495354969,-3.10495172499,73.591411573,64.1853709607,82.9974521853,0.942672872718,8,48.1507107502,COMP_1223,44.1748429969,COMP_0875,0.303974392764
GROUP_0141,2026-04,73.2868485855,healthy,stable,1.61957438872,-2.16452456032,73.5497887438,64.1437481316,82.9558293561,0.942672872718,8,41.3541306131,COMP_1045,49.1684509311,COMP_0875,0.349434323323
GROUP_0141,2026-05,72.5923869326,healthy,stable,-0.694461652911,-3.67984081387,69.0506325027,59.6445918904,78.456673115,0.942672872718,8,45.4188715348,COMP_1045,46.6217407507,COMP_0875,0.385654941603
GROUP_0141,2026-06,59.8622460232,watch,stable,-12.7301409093,-11.8050281735,52.2495291628,42.8434885505,61.6555697751,0.942672872718,8,42.8351355961,COMP_1045,46.9423467331,COMP_0985,0.394052762058
GROUP_0141,2026-07,59.469297319,watch,stable,-0.392948704204,-13.8175512664,42.3303082831,32.9242676708,51.7363488954,0.942672872718,8,42.583016636,COMP_1223,47.4631009834,COMP_0985,0.349963393933
GROUP_0141,2026-08,59.4696485867,watch,deteriorating,0.000351267687947,-13.1227383458,43.9172280676,34.5111874554,53.3232686799,0.942672872718,8,39.3494573799,COMP_1045,46.2169758157,COMP_0985,0.344060880494
GROUP_0142,2024-09,47.1104609659,watch,warmup,,,47.1104609659,37.7044203536,56.5165015782,0.371368808866,20,49.7612458378,COMP_0136,37.5285953132,COMP_0892,0.451813017089
GROUP_0142,2024-10,49.1132461071,watch,warmup,2.00278514123,,49.1132461071,39.7072054948,58.5192867194,0.371368808866,20,46.6264282135,COMP_0052,38.0651637465,COMP_0892,0.438975548418
GROUP_0142,2024-11,48.5385906249,watch,warmup,-0.574655482242,,52.1803212553,42.774280643,61.5863618676,0.371368808866,20,52.4526007799,COMP_1234,36.4407762847,COMP_0892,0.450955122041
GROUP_0142,2024-12,48.495271536,watch,stable,-0.0433190888399,1.38481057015,49.5618968441,40.1558562318,58.9679374564,0.371648289603,21,49.0182464264,COMP_1234,36.5944495645,COMP_0892,0.434844394001
GROUP_0142,2025-01,47.667445753,watch,stable,-0.827825783077,-1.44580035416,46.7690644983,37.363023886,56.1751051106,0.369659430879,22,50.781011549,COMP_1234,34.7436408564,COMP_0892,0.465455810082
GROUP_0142,2025-02,47.2837143079,watch,stable,-0.383731445029,-1.25487631695,45.3266839383,35.920643326,54.7327245506,0.633995796629,22,53.9474627095,COMP_0967,34.3988648172,COMP_0892,0.471228669946
GROUP_0142,2025-03,47.9403555936,watch,stable,0.656641285654,-0.554915942453,45.9833252239,36.5772846116,55.3893658362,0.633995796629,22,54.2163976587,COMP_0967,32.9139188333,COMP_0892,0.451867573201
GROUP_0142,2025-04,48.1625509896,watch,stable,0.222195396066,0.49510523669,47.738332293,38.3322916807,57.1443729053,0.633995796629,22,54.2690668107,COMP_0052,31.3916926558,COMP_0892,0.461157890908
GROUP_0142,2025-05,47.3725419456,watch,stable,-0.790009044067,0.0888276376522,46.9483232489,37.5422826366,56.3543638612,0.643047108716,22,57.4556189102,COMP_0052,27.2552140779,COMP_0892,0.48160215591
GROUP_0142,2025-06,47.8510388826,watch,stable,0.478496937058,-0.0893167109433,48.0383038749,38.6322632626,57.4443444872,0.646904004039,22,59.3802095429,COMP_0052,28.6766036374,COMP_0892,0.461591120337
GROUP_0142,2025-07,48.6115362712,watch,stable,0.760497388581,0.448985281572,49.4672916352,40.0612510229,58.8733322475,0.646904004039,22,62.2616168745,COMP_0052,27.632829307,COMP_0892,0.451540901948
GROUP_0142,2025-08,47.1048387957,watch,stable,-1.50669747549,-0.267703149849,46.649743441,37.2437028287,56.0557840533,0.823128247872,22,53.0986271894,COMP_0052,32.2671723291,COMP_0892,0.482942543141
GROUP_0142,2025-09,46.1208699769,watch,stable,-0.98396881884,-1.73016890575,44.5249882168,35.1189476045,53.9310288291,0.823128247872,22,59.9398522123,COMP_0136,23.3538285464,COMP_1082,0.562859713692
GROUP_0142,2025-10,46.7108818688,watch,stable,0.59001189195,-1.90065440238,45.2571816762,35.851141064,54.6632222885,0.823128247872,22,67.6410575595,COMP_0136,20.6804693516,COMP_0892,0.582684407208
GROUP_0142,2025-11,46.1964772869,watch,stable,-0.514404581949,-0.90836150884,44.2936670653,34.887626453,53.6997076776,0.82916245593,22,66.8310729041,COMP_0136,21.842409928,COMP_0892,0.558237058646
GROUP_0142,2025-12,46.3052644522,watch,stable,0.108787165326,0.184394475327,44.7610498872,35.3550092749,54.1670904995,0.831733719479,22,56.1058107856,COMP_0136,26.9309553417,COMP_1082,0.49301911746
GROUP_0142,2026-01,45.3285135096,watch,stable,-0.976750942631,-1.38236835925,44.2941890972,34.8881484849,53.7002297095,0.831733719479,22,61.3783112366,COMP_0136,25.1901010253,COMP_0892,0.521711846526
GROUP_0142,2026-02,45.7306558242,watch,stable,0.402142314579,-0.465821462725,44.7204013284,35.3143607161,54.1264419406,0.919845841395,22,64.480620883,COMP_0136,21.795897173,COMP_0892,0.553526296004
GROUP_0142,2026-03,47.2461856595,watch,stable,1.5155298353,0.940921207252,46.4542891728,37.0482485605,55.8603297851,0.919845841395,22,62.9481191556,COMP_0136,23.4365689023,COMP_0892,0.52976414552
GROUP_0142,2026-04,47.8264088159,watch,stable,0.580223156438,2.49789530632,49.4889389755,40.0828983632,58.8949795878,0.919845841395,22,64.6927460081,COMP_0136,21.258624418,COMP_0892,0.557890189429
GROUP_0142,2026-05,48.1424085604,watch,stable,0.315999744471,2.41175273621,50.4277769577,41.0217363454,59.83381757,0.922862945424,22,64.2438515665,COMP_0136,22.321800254,COMP_0892,0.542882065812
GROUP_0142,2026-06,47.4875326631,watch,stable,-0.654875897293,0.241347003616,49.7729010604,40.3668604481,59.1789416727,0.924148577199,22,60.6437735266,COMP_0136,22.7280434276,COMP_0892,0.553113484578
GROUP_0142,2026-07,46.6234423664,watch,stable,-0.864090296725,-1.20296644955,47.5340846394,38.1280440271,56.9401252517,0.924148577199,22,64.9721876355,COMP_0136,22.811436663,COMP_0892,0.547556730672
GROUP_0142,2026-08,45.7746476961,watch,stable,-0.848794670286,-2.3677608643,43.7296047318,34.3235641196,53.1356453441,0.924148577199,22,65.3814062542,COMP_0136,21.534735405,COMP_0892,0.55953397784
GROUP_0143,2024-09,47.4292846328,watch,warmup,,,47.4292846328,38.0232440205,56.8353252451,0.261879341933,4,25.5042038889,COMP_1001,38.4701525897,COMP_0155,0.495578276783
GROUP_0143,2024-10,45.9747602695,watch,warmup,-1.45452436324,,45.9747602695,36.5687196573,55.3808008818,0.261879341933,4,26.4838487746,COMP_1001,37.3418877836,COMP_1224,0.507962475007
GROUP_0143,2024-11,48.8788893464,watch,warmup,2.90412907685,,52.5753813661,43.1693407538,61.9814219784,0.261879341933,4,26.073214759,COMP_1001,36.6962158654,COMP_1224,0.510384294292
GROUP_0143,2024-12,47.7994324212,watch,stable,-1.0794569252,0.370147788412,49.9623040512,40.5562634389,59.3683446635,0.261879341933,4,25.0874281313,COMP_1001,36.7206940091,COMP_1224,0.509024701028
GROUP_0143,2025-01,48.2262972798,watch,stable,0.426864858643,2.25153701029,49.8228982319,40.4168576196,59.2289388442,0.261879341933,4,31.1325469927,COMP_1001,35.4440258018,COMP_0155,0.513134776356
GROUP_0143,2025-02,48.0862972332,watch,stable,-0.140000046635,-0.792592113194,48.8178025038,39.4117618915,58.2238431161,0.458288848382,4,23.3797775855,COMP_1001,40.4403460317,COMP_0155,0.477509679443
GROUP_0143,2025-03,48.1685083695,watch,stable,0.0822111363235,0.369075948332,48.7959374817,39.3898968694,58.201978094,0.458288848382,4,22.6140024077,COMP_1001,38.2358246237,COMP_0155,0.491640507944
GROUP_0143,2025-04,47.4378785305,watch,stable,-0.730629839019,-0.788418749331,46.532142785,37.1261021727,55.9381833973,0.458288848382,4,25.367450874,COMP_1001,38.5229603786,COMP_1224,0.486232260586
GROUP_0143,2025-05,48.920365441,watch,stable,1.48248691054,0.834068207844,49.5477945532,40.1417539409,58.9538351655,0.458288848382,4,24.2848089744,COMP_1001,41.0240737144,COMP_1224,0.469776464815
GROUP_0143,2025-06,48.7242755222,watch,stable,-0.196089918853,0.555767152667,49.2322133294,39.8261727171,58.6382539417,0.458288848382,4,22.5569624338,COMP_1001,41.7100049529,COMP_0155,0.461130832609
GROUP_0143,2025-07,51.1682944319,watch,stable,2.44401890976,3.73041590144,53.0855299643,43.679489352,62.4915705766,0.424852988882,6,34.9114944258,COMP_1001,40.2198840998,COMP_0375,0.478665077686
GROUP_0143,2025-08,49.144316787,watch,stable,-2.0239776449,0.223951346006,51.0615523194,41.6555117071,60.4675929317,0.536310714721,6,36.453776204,COMP_1001,37.3652879001,COMP_0375,0.499744191384
GROUP_0143,2025-09,48.9206701541,watch,stable,-0.223646632976,0.196394631883,49.9917753795,40.5857347672,59.3978159917,0.536310714721,6,38.8783324766,COMP_1001,37.05096776,COMP_0375,0.504051799117
GROUP_0143,2025-10,52.6019353128,watch,stable,3.68126515872,1.43364088085,53.6730405382,44.2669999259,63.0790811505,0.536310714721,6,27.4091743872,COMP_1001,44.5951946548,COMP_0375,0.442789385903
GROUP_0143,2025-11,53.3956460284,watch,stable,0.793710715556,4.2513292413,57.4435706777,48.0375300654,66.84961129,0.536310714721,6,34.3676584418,COMP_1001,41.9326214823,COMP_0375,0.463558587745
GROUP_0143,2025-12,59.8160999067,watch,stable,6.42045387834,10.8954297526,68.6330271473,59.2269865351,78.0390677596,0.386635649137,10,40.0922627211,COMP_1001,36.1063521546,COMP_0375,0.512411466148
GROUP_0143,2026-01,61.7952410278,healthy,stable,1.97914112112,9.19330571502,75.4017645054,65.9957238931,84.8078051176,0.386635649137,10,37.3408277986,COMP_1001,37.7050911272,COMP_0375,0.489219565908
GROUP_0143,2026-02,58.9870990849,watch,stable,-2.80814194293,5.59145305653,70.3982875643,60.992246952,79.8043281766,0.413783146001,10,41.9730294423,COMP_1001,37.2942165079,COMP_0155,0.490810778147
GROUP_0143,2026-03,61.2413957093,healthy,stable,2.25429662446,1.42529580266,70.7468659055,61.3408252932,80.1529065177,0.413783146001,10,44.3042866007,COMP_1001,37.29868578,COMP_0155,0.492615391002
GROUP_0143,2026-04,59.8793246423,watch,stable,-1.36207106709,-1.91591638556,62.3023275068,52.8962868945,71.7083681191,0.413783146001,10,41.4930581226,COMP_1001,40.8010101963,COMP_0155,0.47251763996
GROUP_0143,2026-05,59.2581401583,watch,stable,-0.62118448394,0.271041073429,57.8458345962,48.4397939839,67.2518752085,0.498295735631,10,48.226987,COMP_0443,34.9110522739,COMP_0155,0.509419340496
GROUP_0143,2026-06,57.1183987853,watch,stable,-2.13974137305,-4.12299692409,53.8613409298,44.4553003175,63.2673815421,0.506759942637,10,42.3815584808,COMP_1001,36.6273951064,COMP_0155,0.513342956275
GROUP_0143,2026-07,53.0869405543,watch,stable,-4.03145823091,-6.79238408791,46.1403781122,36.7343374999,55.5464187244,0.506759942637,10,40.5500534017,COMP_1001,39.2795771911,COMP_0155,0.484330517465
GROUP_0143,2026-08,54.5496107031,watch,stable,1.46267014876,-4.7085294552,47.5405159322,38.1344753199,56.9465565444,0.506759942637,10,40.1616880777,COMP_1001,35.9856184714,COMP_0155,0.523977886665
GROUP_0144,2025-12,60.0788046224,healthy,warmup,,,60.0788046224,50.6727640101,69.4848452347,0.322358520948,3,24.738261887,COMP_1217,37.8924554037,COMP_0300,0.363595448788
GROUP_0144,2026-01,58.9854441327,watch,warmup,-1.09336048973,,58.9854441327,49.5794035204,68.391484745,0.322358520948,3,20.5805353728,COMP_1217,40.6558036821,COMP_0300,0.391312250253
GROUP_0144,2026-02,60.0507067902,healthy,warmup,1.06526265754,,59.9790573181,50.5730167058,69.3850979304,0.322358520948,3,29.6092399135,COMP_1217,33.76335804,COMP_0300,0.402870482725
GROUP_0144,2026-03,59.7744830883,watch,stable,-0.276223701939,-0.304321534127,59.4799850482,50.0739444359,68.8860256605,0.322358520948,3,27.4487644057,COMP_1217,35.4756333546,COMP_0300,0.397003442377
GROUP_0144,2026-04,60.9251469219,healthy,stable,1.15066383364,1.93970278924,62.4707148062,53.0646741939,71.8767554185,0.322358520948,3,30.7459282121,COMP_1217,33.72268103,COMP_0300,0.391247828733
GROUP_0144,2026-05,60.8853876109,healthy,stable,-0.0397593109581,0.834680820738,62.3043450062,52.8983043939,71.7103856185,0.564127411659,3,30.1135954581,COMP_1217,34.2759387618,COMP_0300,0.388559168083
GROUP_0144,2026-06,57.7375721144,watch,stable,-3.14781549653,-2.03691097385,59.1565295097,49.7504888974,68.562570122,0.564127411659,3,31.3217006612,COMP_1217,29.612684148,COMP_0372,0.328524438758
GROUP_0144,2026-07,56.0504142227,watch,stable,-1.68715789172,-4.87473269921,52.5876655671,43.1816249549,61.9937061794,0.564127411659,3,24.7592765323,COMP_1217,34.0793199262,COMP_0372,0.362964160762
GROUP_0144,2026-08,57.3289445952,watch,stable,1.27853037252,-3.55644301573,52.7437866287,43.3377460164,62.149827241,0.564127411659,3,28.1445451348,COMP_1217,31.8341794373,COMP_0300,0.382965419596
GROUP_0145,2025-05,70.235932724,healthy,warmup,,,70.235932724,60.8298921117,79.6419733363,0.223288888889,1,0,COMP_0385,70.235932724,COMP_0385,
GROUP_0145,2025-06,68.5914796346,healthy,warmup,-1.64445308939,,68.5914796346,59.1854390224,77.9975202469,0.223288888889,1,0,COMP_0385,68.5914796346,COMP_0385,
GROUP_0145,2025-07,71.2966027302,healthy,warmup,2.70512309555,,74.0013112459,64.5952706336,83.4073518582,0.223288888889,1,0,COMP_0385,71.2966027302,COMP_0385,
GROUP_0145,2025-08,68.851484432,healthy,stable,-2.44511829819,-1.38444829203,68.0062095004,58.6001688881,77.4122501127,0.223288888889,1,0,COMP_0385,68.851484432,COMP_0385,
GROUP_0145,2025-09,63.7007236853,healthy,stable,-5.15076074667,-4.89075594931,55.3773853662,45.971344754,64.7834259785,0.223288888889,1,0,COMP_0385,63.7007236853,COMP_0385,
GROUP_0145,2025-10,62.9068286504,healthy,stable,-0.793895034962,-8.38977407982,54.5925435365,45.1865029243,63.9985841488,0.390755555556,1,0,COMP_0385,62.9068286504,COMP_0385,
GROUP_0145,2025-11,69.1866579385,healthy,stable,6.27982928816,0.335173506523,65.1377932602,55.7317526479,74.5438338725,0.390755555556,1,0,COMP_0385,69.1866579385,COMP_0385,
GROUP_0145,2025-12,66.1226523655,healthy,stable,-3.06400557306,2.42192868014,62.0737876872,52.6677470749,71.4798282995,0.390755555556,1,0,COMP_0385,66.1226523655,COMP_0385,
GROUP_0145,2026-01,63.6986866087,healthy,stable,-2.42396575679,0.791857958312,60.2194257239,50.8133851116,69.6254663361,0.390755555556,1,0,COMP_0385,63.6986866087,COMP_0385,
GROUP_0145,2026-02,59.4976252237,watch,stable,-4.20106138501,-9.68903271485,55.2104647928,45.8044241805,64.6165054051,0.390755555556,1,0,COMP_0385,59.4976252237,COMP_0385,
GROUP_0145,2026-03,59.1039711112,watch,stable,-0.393654112493,-7.01868125429,47.1722129789,37.7661723666,56.5782535912,0.390755555556,1,0,COMP_0385,59.1039711112,COMP_0385,
GROUP_0145,2026-04,61.7797776821,healthy,stable,2.67580657093,-1.91890892657,49.8480195498,40.4419789375,59.2540601621,0.5024,1,0,COMP_0385,61.7797776821,COMP_0385,
GROUP_0145,2026-05,65.1346642106,healthy,stable,3.35488652851,5.63703898695,63.1270282369,53.7209876246,72.5330688492,0.5024,1,0,COMP_0385,65.1346642106,COMP_0385,
GROUP_0145,2026-06,60.5203257744,healthy,stable,-4.61433843625,1.41635466319,61.8242689765,52.4182283642,71.2303095888,0.5024,1,0,COMP_0385,60.5203257744,COMP_0385,
GROUP_0145,2026-07,58.3762186488,watch,stable,-2.14410712554,-3.40355903327,57.4483342594,48.0422936471,66.8543748716,0.5024,1,0,COMP_0385,58.3762186488,COMP_0385,
GROUP_0145,2026-08,50,watch,stable,-8.37621864884,-15.1346642106,40.7139494666,31.3079088543,50.1199900789,0.5024,1,0,COMP_0385,50,COMP_0385,
GROUP_0146,2024-09,76.9686693243,healthy,warmup,,,76.9686693243,67.562628712,86.3747099366,0.377235084981,5,24.2955671353,COMP_0076,62.4209426224,COMP_1039,0.244838857634
GROUP_0146,2024-10,75.0705465486,healthy,warmup,-1.89812277574,,75.0705465486,65.6645059363,84.4765871609,0.377235084981,5,24.3342291341,COMP_0076,64.7698384205,COMP_0710,0.269138380367
GROUP_0146,2024-11,73.9896552792,healthy,warmup,-1.08089126933,,66.3931694643,56.987128852,75.7992100766,0.377235084981,5,23.9038541131,COMP_0076,63.137748877,COMP_0710,0.281971327608
GROUP_0146,2024-12,74.054554799,healthy,stable,0.064899519789,-2.91411452528,68.8212847158,59.4152441035,78.227325328,0.377235084981,5,25.7970036235,COMP_0076,64.7089268264,COMP_0710,0.27197469083
GROUP_0146,2025-01,77.7441819703,healthy,stable,3.68962717125,2.67363542171,76.6142862651,67.2082456528,86.0203268774,0.377235084981,5,22.5511365972,COMP_0076,64.5871082349,COMP_0710,0.235613721588
GROUP_0146,2025-02,73.9157565065,healthy,stable,-3.82842546383,-0.0738987727884,72.4433992028,63.0373585905,81.849439815,0.660161398717,5,18.6056722332,COMP_0076,68.8147744832,COMP_0710,0.277779458235
GROUP_0146,2025-03,72.4040641295,healthy,stable,-1.51169237691,-1.65049066949,70.3824354137,60.9763948014,79.788476026,0.660161398717,5,18.3282757759,COMP_0076,64.7746226627,COMP_0143,0.292260345487
GROUP_0146,2025-04,72.6374145507,healthy,stable,0.233350421105,-5.10676741964,70.830560734,61.4245201217,80.2366013463,0.647304640295,6,18.290375282,COMP_0076,66.2717128097,COMP_0710,0.286213178001
GROUP_0146,2025-05,75.4580204211,healthy,stable,2.82060587045,1.54226391464,73.6511666044,64.2451259921,83.0572072167,0.647304640295,6,17.5984282534,COMP_0076,66.006495124,COMP_0710,0.244435629504
GROUP_0146,2025-06,77.1396403564,healthy,stable,1.68161993529,4.73557622684,78.329727504,68.9236868917,87.7357681163,0.647304640295,6,15.6742026465,COMP_0157,67.33609632,COMP_0143,0.213397382584
GROUP_0146,2025-07,77.1690258706,healthy,stable,0.0293855142144,4.53161131995,81.5320897668,72.1260491546,90.9381303791,0.647304640295,6,15.2729828645,COMP_0157,67.694726533,COMP_0143,0.226639216449
GROUP_0146,2025-08,75.470276213,healthy,stable,-1.69874965761,0.0122557918905,79.8333401092,70.4272994969,89.2393807215,0.830652270566,6,12.8095583138,COMP_0157,66.5062700429,COMP_0143,0.259980715828
GROUP_0146,2025-09,75.0478670519,healthy,stable,-0.422409161117,-2.09177330452,75.1977331744,65.7916925621,84.6037737867,0.834843221325,6,14.7525947783,COMP_0157,67.3642917705,COMP_0710,0.259267944656
GROUP_0146,2025-10,75.6067883085,healthy,stable,0.558921256656,-1.56223756207,75.0838427628,65.6778021505,84.4898833751,0.834843221325,6,12.6280181601,COMP_0157,69.096778331,COMP_0710,0.243282671809
GROUP_0146,2025-11,76.108083919,healthy,stable,0.50129561043,0.637807705969,74.7553829306,65.3493423183,84.1614235429,0.834843221325,6,13.8136199816,COMP_0076,67.5868413993,COMP_0710,0.236492209395
GROUP_0146,2025-12,74.5041286818,healthy,stable,-1.60395523713,-0.543738370045,73.1514276935,63.7453870812,82.5574683058,0.834843221325,6,17.3094549507,COMP_0076,63.453142684,COMP_0143,0.2618834592
GROUP_0146,2026-01,74.6604176756,healthy,stable,0.156288993764,-0.946370632937,73.8343619674,64.4283213552,83.2404025797,0.834843221325,6,21.2977607384,COMP_0076,61.2054666835,COMP_0143,0.269662329885
GROUP_0146,2026-02,73.8681604707,healthy,stable,-0.792257204906,-2.23992344827,72.2593303947,62.8532897824,81.665371007,0.926517036461,6,22.3402584253,COMP_0076,61.7203286148,COMP_0143,0.274803280852
GROUP_0146,2026-03,74.5467702862,healthy,stable,0.678609815545,0.0426416044034,72.9250513478,63.5190107355,82.3310919601,0.929311003634,6,15.2533920059,COMP_0076,67.8898050465,COMP_0143,0.272997650705
GROUP_0146,2026-04,67.1764975981,healthy,stable,-7.37027268811,-7.48392007747,63.3686277361,53.9625871238,72.7746683483,0.929311003634,6,44.8793594932,COMP_1039,40,COMP_0143,0.288456529822
GROUP_0146,2026-05,69.5522880102,healthy,stable,2.37579041204,-4.31587246053,64.5014105251,55.0953699128,73.9074511373,0.929311003634,6,40.7935902955,COMP_1039,40,COMP_0143,0.267770245721
GROUP_0146,2026-06,63.2934662974,healthy,stable,-6.25882171273,-11.2533039888,51.6991758917,42.2931352794,61.105216504,0.929311003634,6,24.2775799742,COMP_0491,60,COMP_0143,0.266941785541
GROUP_0146,2026-07,62.6644773322,healthy,deteriorating,-0.628988965272,-4.51202026596,49.9285475282,40.5225069159,59.3345881405,0.929311003634,6,21.9043126081,COMP_0076,59.1372182525,COMP_0143,0.287071208906
GROUP_0146,2026-08,62.9729530738,healthy,deteriorating,0.308475741679,-6.57933493632,51.7880836821,42.3820430698,61.1941242944,0.929311003634,6,22.338303502,COMP_0491,60,COMP_0143,0.247656722146
GROUP_0147,2026-01,48.2100445842,watch,warmup,,,48.2100445842,38.8040039719,57.6160851965,0.394631834295,3,45.2927290444,COMP_0878,29.7210080672,COMP_0001,0.473777734883
GROUP_0147,2026-02,47.6055139585,watch,warmup,-0.604530625727,,47.6055139585,38.1994733462,57.0115545708,0.394631834295,3,43.7602211359,COMP_0878,30.957836732,COMP_0001,0.47895528494
GROUP_0147,2026-03,44.2733939879,watch,warmup,-3.33211997058,,34.2349349673,24.828894355,43.6409755796,0.394631834295,3,50.4481293882,COMP_0878,26.7590330616,COMP_0001,0.506994085249
GROUP_0147,2026-04,47.3982319278,watch,stable,3.12483793995,-0.811812656364,45.1666380743,35.760597462,54.5726786866,0.394631834295,3,44.5335578714,COMP_0878,30.4129966627,COMP_0001,0.460316140052
GROUP_0147,2026-05,49.9911109003,watch,stable,2.59287897248,2.38559694184,50.8622560878,41.4562154755,60.2682967001,0.394631834295,3,43.6457948661,COMP_0878,32.4660713231,COMP_0001,0.449862119249
GROUP_0147,2026-06,48.8108911788,watch,stable,-1.18021972153,4.53749719089,50.3477471347,40.9417065224,59.753787747,0.690605710016,3,41.9378520087,COMP_0878,30.5934045267,COMP_0001,0.472199264341
GROUP_0147,2026-07,51.4067227407,watch,stable,2.59583156187,4.00849081282,55.4622375418,46.0561969295,64.8682781541,0.690605710016,3,42.3319186723,COMP_0878,31.8851567087,COMP_0001,0.448275963304
GROUP_0147,2026-08,54.7903368228,watch,stable,3.38361408213,4.79922592247,64.2152705638,54.8092299516,73.6213111761,0.690605710016,3,44.9178694786,COMP_0878,31.9266061578,COMP_0001,0.421183635273
GROUP_0148,2025-01,63.5269774209,healthy,warmup,,,63.5269774209,54.1209368087,72.9330180332,0.391365415719,2,20.654644154,COMP_1035,54.6097641344,COMP_1124,0.410422853982
GROUP_0148,2025-02,63.0945987663,healthy,warmup,-0.432378654653,,63.0945987663,53.688558154,72.5006393786,0.386311239227,3,33.1186632952,COMP_1174,46.5899462465,COMP_1124,0.424725881623
GROUP_0148,2025-03,61.9786347549,healthy,warmup,-1.11596401144,,58.0303609563,48.624320344,67.4364015686,0.386311239227,3,31.8764202778,COMP_1174,48.2276574525,COMP_1124,0.447262292349
GROUP_0148,2025-04,62.4296413898,healthy,stable,0.45100663499,-1.0973360311,60.394340194,50.9882995818,69.8003808063,0.386311239227,3,34.4993433228,COMP_1174,43.5687557129,COMP_1124,0.413863460281
GROUP_0148,2025-05,61.3439114512,healthy,stable,-1.08572993863,-1.75068731508,58.8496413261,49.4436007139,68.2556819384,0.386311239227,3,28.6119045758,COMP_1174,45.7727293325,COMP_1124,0.413058526955
GROUP_0148,2025-06,60.1553379802,healthy,stable,-1.18857347101,-1.82329677465,57.0557334633,47.649692851,66.4617740756,0.654845626557,3,32.4762113679,COMP_1174,44.6252180329,COMP_1124,0.433832603647
GROUP_0148,2025-07,60.1651721672,healthy,deteriorating,0.00983418703422,-2.26446922261,57.1593869931,47.7533463808,66.5654276054,0.676044668648,3,32.8626571131,COMP_1174,43.9888389006,COMP_1124,0.445821363033
GROUP_0148,2025-08,60.3963652085,healthy,deteriorating,0.231193041243,-0.947546242736,58.0842004093,48.678159797,67.4902410216,0.676044668648,3,29.8275383253,COMP_1174,46.7361216864,COMP_1124,0.447165407628
GROUP_0148,2025-09,59.3436832592,watch,stable,-1.05268194923,-0.811654720955,56.751256128,47.3452155157,66.1572967403,0.676044668648,3,34.0848167441,COMP_1174,40.8849757825,COMP_1124,0.429383451566
GROUP_0148,2025-10,60.9248486293,healthy,stable,1.58116537004,0.759676462056,60.4974045509,51.0913639386,69.9034451632,0.676044668648,3,31.7467876107,COMP_1174,44.2404551809,COMP_1124,0.425694532202
GROUP_0148,2025-11,58.3352986842,watch,stable,-2.58954994511,-2.0610665243,56.9554856586,47.5494450463,66.3615262708,0.676044668648,3,28.2887936172,COMP_1174,45.7775659043,COMP_1124,0.452565094719
GROUP_0148,2025-12,61.5199582152,healthy,stable,3.18465953102,2.17627495595,62.8114082007,53.4053675884,72.217448813,0.855067593534,3,31.0917871745,COMP_1174,45.3437617429,COMP_1124,0.410282434885
GROUP_0148,2026-01,60.5396404613,healthy,stable,-0.980317753899,-0.385208167991,61.8872731844,52.4812325721,71.2933137967,0.869200288261,3,34.9667972081,COMP_1174,41.5119459656,COMP_1124,0.420753802811
GROUP_0148,2026-02,60.9277920708,healthy,stable,0.388151609463,2.59249338658,62.4526375034,53.0465968911,71.8586781157,0.869200288261,3,29.0444223842,COMP_1174,43.5824610636,COMP_1124,0.391456479195
GROUP_0148,2026-03,60.6696240918,healthy,stable,-0.258167978937,-0.850334123373,60.6733769797,51.2673363674,70.079417592,0.869200288261,3,39.5200957939,COMP_1174,37.762210247,COMP_1124,0.419034563125
GROUP_0148,2026-04,63.4933327822,healthy,stable,2.82370869033,2.95369232085,66.4695976769,57.0635570646,75.8756382892,0.869200288261,3,48.7188311014,COMP_1174,36.1878938147,COMP_1124,0.413639599612
GROUP_0148,2026-05,67.61438437,healthy,stable,4.12105158784,6.68659229923,72.6356613154,63.2296207032,82.0417019277,0.869200288261,3,57.6313303466,COMP_1174,35.5985814701,COMP_1124,0.408183143616
GROUP_0148,2026-06,66.3215336524,healthy,stable,-1.29285071759,5.65190956057,73.198554169,63.7925135567,82.6045947813,0.958711750705,3,60.6858687009,COMP_1174,33.7156890706,COMP_1124,0.43123337539
GROUP_0148,2026-07,65.6558890206,healthy,stable,-0.665644631753,2.16255623849,72.1980178347,62.7919772224,81.604058447,0.965778098068,3,57.6413705057,COMP_1174,36.8063562747,COMP_1124,0.441196012283
GROUP_0148,2026-08,66.9223436169,healthy,stable,1.2664545963,-0.69204075305,73.2798314012,63.8737907889,82.6858720135,0.965778098068,3,59.0311279647,COMP_1174,36.3852148526,COMP_1124,0.422831536449
GROUP_0149,2025-11,37.3400503591,stress,warmup,,,37.3400503591,27.9340097468,46.7460909714,0.304,1,0,COMP_0469,37.3400503591,COMP_0469,0.331851248353
GROUP_0149,2025-12,79.4445310159,healthy,warmup,42.1044806568,,79.4445310159,70.0384904036,88.8505716282,0.327687105063,13,52.5484443176,COMP_0469,38.8055422042,COMP_1284,0.456037504253
GROUP_0149,2026-01,78.7098888575,healthy,warmup,-0.73464215848,,100,100,100,0.327687105063,13,53.4157711649,COMP_0469,37.3325347661,COMP_1284,0.458054938558
GROUP_0149,2026-02,80.9610037777,solid,stable,2.25111492023,43.6209534185,100,100,100,0.327687105063,13,55.9718598453,COMP_0469,35.2725578003,COMP_1284,0.482357512804
GROUP_0149,2026-03,79.6249335639,healthy,stable,-1.3360702138,0.180402547957,87.2987793817,77.8927387694,96.704819994,0.327687105063,13,55.3878711144,COMP_0469,37.4416974312,COMP_1284,0.460121800527
GROUP_0149,2026-04,78.085805096,healthy,stable,-1.53912846794,-0.6240837615,80.4191690974,71.0131284851,89.8252097097,0.332436644172,13,52.9589393523,COMP_0332,40,COMP_1284,0.454926195111
GROUP_0149,2026-05,79.2190449372,healthy,stable,1.13323984127,-1.74195884046,78.1840289392,68.7779883269,87.5900695515,0.573452433861,13,56.1273688967,COMP_0469,39.0809297882,COMP_1284,0.444244524498
GROUP_0149,2026-06,79.6820150997,healthy,stable,0.462970162466,0.0570815357994,79.7790537105,70.3730130983,89.1850943228,0.573452433861,13,55.0520842488,COMP_0093,39.405430745,COMP_1284,0.420713205902
GROUP_0149,2026-07,80.9867516397,solid,stable,1.30473653997,2.90094654371,81.0837902505,71.6777496382,90.4898308628,0.573452433861,13,53.4074219772,COMP_1285,39.5765070256,COMP_1126,0.441356631001
GROUP_0149,2026-08,82.2995900007,solid,stable,1.31283836102,3.08054506346,86.8072420919,77.4012014796,96.2132827042,0.573452433861,13,60.8326225726,COMP_1285,35.1089437287,COMP_1126,0.416629211451
GROUP_0150,2024-09,86.1181336061,solid,warmup,,,86.1181336061,76.7120929938,95.5241742184,0.192167316969,10,46.3737683053,COMP_0916,40.1051135645,COMP_0233,0.442090636903
GROUP_0150,2024-10,89.5243565862,solid,warmup,3.40622298009,,89.5243565862,80.1183159739,98.9303971985,0.192167316969,10,49.6518161458,COMP_0916,40.2686080457,COMP_0233,0.448793785798
GROUP_0150,2024-11,84.695153116,solid,warmup,-4.8292034702,,81.0665528662,71.6605122539,90.4725934785,0.192167316969,10,49.3548326291,COMP_0916,35.6749728792,COMP_0233,0.44404421619
GROUP_0150,2024-12,86.9877975339,solid,stable,2.29264441793,0.869663927828,85.9127117477,76.5066711354,95.31875236,0.192167316969,10,49.4828252661,COMP_0916,37.8572168557,COMP_0233,0.458091824564
GROUP_0150,2025-01,83.1715560183,solid,stable,-3.81624151567,-6.35280056794,79.3505265064,69.9444858941,88.7565671187,0.192385930044,11,44.4592735496,COMP_0916,39.0456587213,COMP_0233,0.442018807646
GROUP_0150,2025-02,86.4469100389,solid,stable,3.27535402064,1.7517569229,82.8183097891,73.4122691769,92.2243504014,0.336359816417,11,46.8617722208,COMP_0916,39.9545037851,COMP_0233,0.443978434933
GROUP_0150,2025-03,86.1143858739,solid,stable,-0.332524165048,-0.873411660078,84.4185126321,75.0124720198,93.8245532444,0.336359816417,11,48.9607924677,COMP_0916,37.509121253,COMP_0233,0.423752146029
GROUP_0150,2025-04,86.7683170096,solid,stable,0.653931135743,3.59676099134,88.5778387759,79.1717981636,97.9838793882,0.33624876987,12,50.4358880498,COMP_0916,36.7117621541,COMP_0233,0.433482647395
GROUP_0150,2025-05,84.1929288958,solid,stable,-2.57538811383,-2.25398114314,82.8136657834,73.4076251712,92.2197063957,0.33624876987,12,41.5164990541,COMP_0916,42.9953467159,COMP_0233,0.456036598012
GROUP_0150,2025-06,83.6567181361,solid,stable,-0.536210759619,-2.45766773771,81.9608448944,72.5548042821,91.3668855067,0.336564029879,12,40.1750914128,COMP_0916,43.7941762528,COMP_0233,0.459582626772
GROUP_0150,2025-07,79.5921023114,healthy,stable,-4.06461582474,-7.17621469819,74.6923870173,65.286346405,84.0984276296,0.336564029879,12,45.714022668,COMP_1155,34.147027276,COMP_0233,0.484569957845
GROUP_0150,2025-08,83.6219929964,solid,stable,4.02989068497,-0.570935899389,79.4439578423,70.03791723,88.8499984546,0.432455020999,12,49.0521799534,COMP_1155,34.9125101075,COMP_0233,0.472580214588
GROUP_0150,2025-09,77.3089978439,healthy,stable,-6.31299515244,-6.34772029222,68.5319857528,59.1259451406,77.9380263651,0.432612486702,12,41.5064586976,COMP_1155,36.0442996482,COMP_0233,0.464947701729
GROUP_0150,2025-10,78.183355208,healthy,stable,0.874357364069,-1.40874710341,72.0535900465,62.6475494342,81.4596306588,0.432276431983,13,43.4358032242,COMP_1155,35.0004170008,COMP_0233,0.468870568892
GROUP_0150,2025-11,75.6729071687,healthy,stable,-2.51044803925,-7.94908582763,68.6943694354,59.2883288231,78.1004100476,0.432276431983,13,38.4521715722,COMP_1155,37.4334519827,COMP_0233,0.462571412512
GROUP_0150,2025-12,75.3090795746,healthy,stable,-0.363827594174,-1.99991826936,70.3121057677,60.9060651554,79.71814638,0.432486346237,13,38.3877125605,COMP_0916,37.1039154856,COMP_0233,0.459005600364
GROUP_0150,2026-01,79.832917973,healthy,stable,4.52383839845,1.64956276502,75.9680614492,66.5620208369,85.3741020615,0.432486346237,13,48.074727419,COMP_0916,32.0276749729,COMP_0233,0.468174350592
GROUP_0150,2026-02,78.7610357768,healthy,stable,-1.07188219622,3.08812860805,80.2421144683,70.836073856,89.6481550806,0.480372738452,13,50.9409015406,COMP_0916,28.0621456593,COMP_0233,0.463011729433
GROUP_0150,2026-03,78.2391167657,healthy,stable,-0.521919011137,2.93003719109,78.9756594909,69.5696188786,88.3817001032,0.480625512516,13,48.2286123316,COMP_0916,30.2510493917,COMP_0233,0.490972556934
GROUP_0150,2026-04,75.7976335216,healthy,stable,-2.44148324402,-4.03528445137,75.9248544016,66.5188137893,85.3308950139,0.480625512516,13,47.5762095588,COMP_0916,28.9830022583,COMP_0859,0.473293932725
GROUP_0150,2026-05,72.7414368815,healthy,stable,-3.05619664019,-6.01959889534,67.2748376807,57.8687970685,76.680878293,0.480625512516,13,52.7669814994,COMP_0916,30.0278654848,COMP_0859,0.450963902002
GROUP_0150,2026-06,74.952057188,healthy,stable,2.21062030652,-3.28705957769,69.3640559059,59.9580152936,78.7700965182,0.480730469643,13,56.8128290713,COMP_0916,27.9960742591,COMP_0859,0.465612707759
GROUP_0150,2026-07,74.1673258538,healthy,stable,-0.784731334186,-1.63030766786,69.310878153,59.9048375408,78.7169187653,0.480730469643,13,65.5204402545,COMP_0916,26.5209845091,COMP_0859,0.466396137786
GROUP_0150,2026-08,73.7333325871,healthy,stable,-0.433993266683,0.991895705651,70.6255848549,61.2195442426,80.0316254672,0.480730469643,13,68.5470432886,COMP_0916,26.2236690932,COMP_0859,0.481005786505
GROUP_0151,2025-12,51.4520135568,watch,warmup,,,51.4520135568,42.0459729446,60.8580541691,0.183111111111,1,0,COMP_1259,51.4520135568,COMP_1259,
GROUP_0151,2026-01,51.5312622729,watch,warmup,0.0792487160278,,51.5312622729,42.1252216606,60.9373028852,0.183111111111,1,0,COMP_1259,51.5312622729,COMP_1259,
GROUP_0151,2026-02,49.8823489201,watch,warmup,-1.64891335277,,45.8797040964,36.4736634841,55.2857447087,0.183111111111,1,0,COMP_1259,49.8823489201,COMP_1259,
GROUP_0151,2026-03,46.0572672033,watch,stable,-3.82508171676,-5.3947463535,37.2670037533,27.860963141,46.6730443656,0.183111111111,1,0,COMP_1259,46.0572672033,COMP_1259,
GROUP_0151,2026-04,45.9015233989,watch,stable,-0.155743804462,-5.62973887399,37.1112599489,27.7052193366,46.5173005611,0.183111111111,1,0,COMP_1259,45.9015233989,COMP_1259,
GROUP_0151,2026-05,47.174626324,watch,stable,1.27310292508,-2.70772259615,41.6199154891,32.2138748768,51.0259561014,0.320444444444,1,0,COMP_1259,47.174626324,COMP_1259,
GROUP_0151,2026-06,49.0044045508,watch,stable,1.82977822687,2.94713734748,46.4270096743,37.020969062,55.8330502866,0.320444444444,1,0,COMP_1259,49.0044045508,COMP_1259,
GROUP_0151,2026-07,42.7746466976,watch,stable,-6.22975785321,-3.12687670126,38.5893055528,29.1832649405,47.9953461651,0.320444444444,1,0,COMP_1259,42.7746466976,COMP_1259,
GROUP_0151,2026-08,36.9755452247,stress,stable,-5.79910147287,-10.1990810992,31.6598548326,22.2538142203,41.0658954449,0.320444444444,1,0,COMP_1259,36.9755452247,COMP_1259,
GROUP_0152,2026-02,41.3457142892,watch,warmup,,,41.3457142892,31.939673677,50.7517549015,0.183111111111,4,50.5043682013,COMP_1056,28.2239300633,COMP_0933,
GROUP_0152,2026-03,41.9552610953,watch,warmup,0.609546806051,,41.9552610953,32.549220483,51.3613017076,0.183111111111,4,48.4219749719,COMP_1056,29.3745135282,COMP_0933,
GROUP_0152,2026-04,39.9594125035,stress,warmup,-1.99584859176,,36.42434295,27.0183023377,45.8303835622,0.183111111111,4,47.8152796787,COMP_1056,27.5362933756,COMP_0933,
GROUP_0152,2026-05,44.3477218771,watch,stable,4.38830937362,3.00200758791,48.4537726823,39.04773207,57.8598132946,0.183111111111,4,45.4071681059,COMP_1056,32.5502658666,COMP_0933,
GROUP_0152,2026-06,41.6006979673,watch,stable,-2.74702390989,-0.354563128033,43.3175944174,33.9115538051,52.7236350297,0.183111111111,4,46.7559438907,COMP_1056,29.4528099951,COMP_0933,
GROUP_0152,2026-07,45.0104915502,watch,stable,3.40979358293,5.05107904666,48.7485643563,39.3425237441,58.1546049686,0.320444444444,4,36.3348086735,COMP_1056,35.5701691329,COMP_0933,
GROUP_0152,2026-08,45.3960716963,watch,stable,0.385580146077,1.04834981911,49.2914905263,39.885449914,58.6975311385,0.320444444444,4,41.5763482175,COMP_1056,34.5939195332,COMP_0933,
GROUP_0153,2024-09,47.4428900077,watch,warmup,,,47.4428900077,38.0368493954,56.84893062,0.335288899787,5,35.5791820693,COMP_0649,41.7241741903,COMP_0089,0.405162443728
GROUP_0153,2024-10,46.3369724689,watch,warmup,-1.10591753882,,46.3369724689,36.9309318566,55.7430130811,0.335288899787,5,34.9594118355,COMP_0649,39.752010991,COMP_0089,0.403637088499
GROUP_0153,2024-11,47.3964710953,watch,warmup,1.05949862641,,47.2781028686,37.8720622563,56.6841434809,0.335288899787,5,33.4793525521,COMP_0649,42.2865858442,COMP_0089,0.432335998993
GROUP_0153,2024-12,46.3596424255,watch,stable,-1.03682866977,-1.08324758218,45.3796978673,35.973657255,54.7857384796,0.335288899787,5,30.5843279573,COMP_0649,40.2917583921,COMP_0089,0.404605756294
GROUP_0153,2025-01,48.0116950462,watch,stable,1.65205262067,1.67472257731,48.4032124529,38.9971718406,57.8092530652,0.335288899787,5,29.525483028,COMP_0649,42.2572666959,COMP_0207,0.403893372647
GROUP_0153,2025-02,47.9474284917,watch,stable,-0.0642665544388,0.550957396461,48.6726549158,39.2666143035,58.0786955281,0.586755574627,5,26.5681381999,COMP_0829,43.7144663476,COMP_0089,0.429674607154
GROUP_0153,2025-03,49.1322971764,watch,stable,1.18486868464,2.77265475087,51.9793255578,42.5732849455,61.3853661701,0.586755574627,5,28.5952079749,COMP_0829,44.6207139754,COMP_0089,0.424754593847
GROUP_0153,2025-04,48.0442545834,watch,stable,-1.08804259296,0.0325595372333,49.6130756582,40.2070350459,59.0191162705,0.586755574627,5,28.2980093801,COMP_0649,43.4817925518,COMP_0089,0.447172980171
GROUP_0153,2025-05,48.2364533883,watch,stable,0.192198804923,0.289024896595,49.2166672934,39.8106266811,58.6227079057,0.586755574627,5,32.9304965832,COMP_0649,42.1061495594,COMP_0089,0.438047709609
GROUP_0153,2025-06,48.9948902524,watch,stable,0.758436864116,-0.137406923925,49.4862325766,40.0801919644,58.8922731889,0.586755574627,5,36.0201116752,COMP_0649,41.7819377602,COMP_0089,0.449195001559
GROUP_0153,2025-07,49.0153108859,watch,stable,0.020420633432,0.971056302471,49.995524791,40.5894841787,59.4015654033,0.586755574627,5,33.461911404,COMP_0649,42.3124315024,COMP_0089,0.460749009951
GROUP_0153,2025-08,48.9825799326,watch,stable,-0.032730953229,0.74612654432,49.0867251631,39.6806845509,58.4927657754,0.75440002452,5,32.0360411214,COMP_0649,40.6350622563,COMP_0089,0.486457667221
GROUP_0153,2025-09,48.6104349177,watch,stable,-0.372145014975,-0.384455334772,49.1879388586,39.7818982463,58.5939794709,0.75440002452,5,35.0373009867,COMP_0649,39.9445849226,COMP_0089,0.49204328153
GROUP_0153,2025-10,48.8837757457,watch,stable,0.273340828009,-0.131535140196,48.8523844302,39.4463438179,58.2584250425,0.75440002452,5,31.9992188961,COMP_0649,41.3617410215,COMP_0089,0.473004517212
GROUP_0153,2025-11,49.448825119,watch,stable,0.565049373292,0.466245186326,49.4174338035,40.0113931912,58.8234744158,0.75440002452,5,30.1833821262,COMP_0649,42.0893084406,COMP_0089,0.469458625355
GROUP_0153,2025-12,54.6445720243,watch,stable,5.19574690533,6.03413710663,56.0386102471,46.6325696348,65.4446508594,0.721386761092,6,50.4457182476,COMP_0649,43.8775530336,COMP_0498,0.521223124494
GROUP_0153,2026-01,55.106434047,watch,stable,0.461862022665,6.22265830128,61.3527652436,51.9467246313,70.7588058558,0.721386761092,6,50.5247717244,COMP_0649,44.5245153674,COMP_0498,0.499517241133
GROUP_0153,2026-02,55.7168589773,watch,stable,0.610424930296,6.26803385829,63.9992578671,54.5932172548,73.4052984794,0.797817840174,6,46.6684041058,COMP_0649,45.3268587257,COMP_0498,0.497027646969
GROUP_0153,2026-03,56.5510901846,watch,stable,0.834231207334,1.90651816029,64.3717509123,54.9657103,73.7777915246,0.797817840174,6,49.5687047429,COMP_0649,44.6647774357,COMP_0498,0.497402937701
GROUP_0153,2026-04,54.5469228403,watch,stable,-2.0041673443,-0.559511206673,57.7880037128,48.3819631005,67.1940443251,0.797817840174,6,53.5866694253,COMP_0089,40,COMP_0498,0.52082698421
GROUP_0153,2026-05,52.4028687473,watch,stable,-2.14405409303,-3.31399023,51.4516996959,42.0456590836,60.8577403082,0.822948127195,6,55.2019595626,COMP_0089,40,COMP_0498,0.503070677084
GROUP_0153,2026-06,53.4433038433,watch,stable,1.04043509609,-3.10778634124,50.5445210476,41.1384804353,59.9505616599,0.822948127195,6,54.2390308265,COMP_0089,40,COMP_0498,0.499822976887
GROUP_0153,2026-07,54.0161346187,watch,stable,0.572830775373,-0.530788221569,51.117351823,41.7113112107,60.5233924353,0.822948127195,6,48.7988413942,COMP_0089,40,COMP_0498,0.558847444985
GROUP_0153,2026-08,53.2223361001,watch,stable,-0.793798518646,0.819467352815,50.4081076579,41.0020670456,59.8141482702,0.822948127195,6,43.5979633337,COMP_0649,40.4028616957,COMP_0498,0.572020091311
GROUP_0154,2024-09,60.90785648,healthy,warmup,,,60.90785648,51.5018158677,70.3138970923,0.255288282533,3,17.2025996845,COMP_0624,60.1060071836,COMP_0678,0.270457117912
GROUP_0154,2024-10,64.6712461218,healthy,warmup,3.76338964179,,64.6712461218,55.2652055095,74.0772867341,0.255288282533,3,15.6182577165,COMP_0624,63.4791273782,COMP_0678,0.249797658085
GROUP_0154,2024-11,63.6506770172,healthy,warmup,-1.02056910459,,70.6448693871,61.2388287748,80.0509099994,0.255288282533,3,16.2057742438,COMP_0624,61.5789039912,COMP_0678,0.262732791984
GROUP_0154,2024-12,63.4301552717,healthy,stable,-0.220521745485,2.52229879171,65.0117787937,55.6057381814,74.417819406,0.255288282533,3,17.032259636,COMP_0624,60.4451254809,COMP_0678,0.257075879108
GROUP_0154,2025-01,61.7477822126,healthy,stable,-1.68237305919,-2.92346390927,59.6030609277,50.1970203154,69.00910154,0.255288282533,3,21.8640245607,COMP_0624,58.6087392051,COMP_0678,0.263183329579
GROUP_0154,2025-02,62.6161956315,healthy,stable,0.868413418947,-1.03448138573,60.8575772758,51.4515366635,70.2636178881,0.446754494433,3,17.0831106383,COMP_0624,60.7517290459,COMP_0678,0.262758181485
GROUP_0154,2025-03,64.0679613596,healthy,stable,1.45176572805,0.637806087812,62.3093430038,52.9033023915,71.7153836161,0.446754494433,3,15.5839275203,COMP_0624,63.5434234286,COMP_0678,0.263537421425
GROUP_0154,2025-04,62.5349518796,healthy,stable,-1.53300947993,0.787169667069,61.4102909776,52.0042503654,70.8163315899,0.446754494433,3,12.9928358454,COMP_0624,62.2907171433,COMP_0678,0.278647870637
GROUP_0154,2025-05,64.3177428192,healthy,stable,1.78279093954,1.70154718766,65.4020131684,55.9959725562,74.8080537807,0.446754494433,3,14.8483244838,COMP_0624,62.7969198534,COMP_0678,0.268382696858
GROUP_0154,2025-06,63.3960779834,healthy,stable,-0.921664835752,-0.671883376142,65.0773396697,55.6712990574,74.483380282,0.446754494433,3,22.4827892208,COMP_0624,59.6838322801,COMP_0678,0.257911310203
GROUP_0154,2025-07,60.3923817299,healthy,stable,-3.00369625347,-2.14257014968,59.2501799905,49.8441393782,68.6562206028,0.446754494433,3,18.3970940107,COMP_0624,58.2614998743,COMP_0678,0.291414245987
GROUP_0154,2025-08,61.2464315685,healthy,stable,0.854049838569,-3.07131125066,57.604062314,48.1980217018,67.0101029263,0.508284607413,4,20.720333612,COMP_0962,53.6193792893,COMP_0678,0.249048302223
GROUP_0154,2025-09,63.5943798842,healthy,stable,2.34794831565,0.198301900745,62.672092142,53.2660515297,72.0781327543,0.508284607413,4,27.4005653013,COMP_0962,49.5566445104,COMP_0678,0.219749441203
GROUP_0154,2025-10,61.8299544031,healthy,stable,-1.76442548107,1.43757267315,59.8331468382,50.4271062259,69.2391874505,0.508284607413,4,30.1955088536,COMP_0962,47.6022334343,COMP_0678,0.26640810126
GROUP_0154,2025-11,60.9442048641,healthy,stable,-0.885749538987,-0.302226704411,60.4304194666,51.0243788543,69.8364600789,0.508284607413,4,27.2462261628,COMP_0962,49.2081235503,COMP_0678,0.271432923712
GROUP_0154,2025-12,60.2044951172,healthy,stable,-0.739709746886,-3.38988476695,59.6907097197,50.2846691074,69.096750332,0.508284607413,4,27.0357378024,COMP_0962,49.823447338,COMP_0678,0.267954283961
GROUP_0154,2026-01,56.390643773,watch,stable,-3.8138513442,-5.43931063008,51.4377402216,42.0316996093,60.8437808339,0.531489180302,4,24.4070459095,COMP_0962,53.1643728151,COMP_0678,0.313602074841
GROUP_0154,2026-02,55.9030402624,watch,stable,-0.487603510586,-5.04116460167,48.0578738483,38.651833236,57.4639144605,0.58452753329,4,22.9605705302,COMP_0164,53.6189140648,COMP_0678,0.320515046306
GROUP_0154,2026-03,56.4796977623,watch,stable,0.576657499897,-3.72479735489,50.7874512076,41.3814105953,60.1934918198,0.58452753329,4,26.1138584797,COMP_0164,50.8839011948,COMP_0678,0.339522793968
GROUP_0154,2026-04,56.682144163,watch,stable,0.202446400719,0.29150039003,52.334842248,42.9288016357,61.7408828602,0.58452753329,4,29.8116021672,COMP_0164,48.9727779686,COMP_0678,0.350045891273
GROUP_0154,2026-05,59.9118297273,watch,stable,3.22968556422,4.00878946484,60.4073803903,51.001339778,69.8134210026,0.58452753329,4,27.8066993357,COMP_0164,52.4587254478,COMP_0678,0.325991682939
GROUP_0154,2026-06,58.1291235759,watch,stable,-1.7827061514,1.64942581354,60.9331474589,51.5271068466,70.3391880712,0.58452753329,4,29.2514595978,COMP_0164,50.5902074593,COMP_0678,0.343948450791
GROUP_0154,2026-07,60.0127515638,healthy,stable,1.8836279879,3.33060740072,63.7025490664,54.2965084542,73.1085896787,0.599997248549,4,35.3182072057,COMP_0164,46.6262868064,COMP_0678,0.36154321348
GROUP_0154,2026-08,64.2636074609,healthy,stable,4.25085589716,4.35177773366,71.6616296081,62.2555889959,81.0676702204,0.599997248549,4,27.1146630673,COMP_0164,50.5700862823,COMP_0678,0.343940091896
GROUP_0155,2024-09,58.0029661929,watch,warmup,,,58.0029661929,48.5969255806,67.4090068052,0.32609157682,9,67.2919941474,COMP_1069,25.9346563586,COMP_1138,0.452312142281
GROUP_0155,2024-10,58.0321446278,watch,warmup,0.0291784349238,,58.0321446278,48.6261040155,67.4381852401,0.326056601835,10,58.9225527065,COMP_1069,31.9371454903,COMP_1138,0.45878277703
GROUP_0155,2024-11,58.6242879145,watch,warmup,0.592143286744,,60.2086583048,50.8026176925,69.6146989171,0.326056601835,10,60.5443824507,COMP_1069,32.5386724713,COMP_1138,0.451127296148
GROUP_0155,2024-12,56.7398996676,watch,stable,-1.88438824695,-1.26306652528,55.7406981301,46.3346575179,65.1467387424,0.326056601835,10,58.5967555894,COMP_1069,31.7895751448,COMP_1138,0.421102593796
GROUP_0155,2025-01,60.1552546871,healthy,stable,3.41535501951,2.12311005931,62.3195237973,52.913483185,71.7255644096,0.326056601835,10,56.5495371027,COMP_1069,33.8175822866,COMP_1138,0.441465976613
GROUP_0155,2025-02,60.2937260188,healthy,stable,0.138471331681,1.66943810424,63.0378938489,53.6318532366,72.4439344612,0.570253064587,10,53.4843086298,COMP_1069,33.3963158508,COMP_1138,0.428684184553
GROUP_0155,2025-03,59.5869192522,watch,stable,-0.706806766556,2.84701958464,62.4249640294,53.0189234171,71.8310046417,0.569986764904,11,61.4963261895,COMP_1069,31.3906538568,COMP_1138,0.419903189156
GROUP_0155,2025-04,57.3425255079,watch,stable,-2.24439374436,-2.81272917924,58.0487292994,48.6426886871,67.4547699117,0.569986764904,11,67.0521360126,COMP_1069,28.7436761654,COMP_1138,0.452716351166
GROUP_0155,2025-05,58.9634248384,watch,stable,1.62089933057,-1.33030118035,57.5141694795,48.1081288672,66.9202100918,0.569986764904,11,76.8035060461,COMP_1069,20.2472614887,COMP_1138,0.442265722643
GROUP_0155,2025-06,60.6984017595,healthy,stable,1.73497692106,1.11148250726,59.2491464005,49.8431057883,68.6551870128,0.569986764904,11,70.4061849119,COMP_1069,26.2228317729,COMP_1138,0.442079129714
GROUP_0155,2025-07,60.5706435946,healthy,stable,-0.12775816491,3.22811808671,61.086605164,51.6805645517,70.4926457763,0.569986764904,11,67.2527302546,COMP_1069,27.9162841388,COMP_1138,0.43460457312
GROUP_0155,2025-08,59.9470963088,watch,stable,-0.623547285723,0.983671470426,61.6193378086,52.2132971963,71.0253784209,0.732932130965,11,71.959222762,COMP_1069,25.0303870889,COMP_1138,0.426876707728
GROUP_0155,2025-09,61.2726435157,healthy,stable,1.32554720683,0.574241756195,64.5934712869,55.1874306746,73.9995118992,0.733162262063,11,63.7554338217,COMP_1069,29.7091445811,COMP_1138,0.473430494084
GROUP_0155,2025-10,59.0348478833,watch,stable,-2.23779563238,-1.53579571128,59.1076993891,49.7016587768,68.5137400013,0.733162262063,11,61.6169562016,COMP_1069,32.3840118128,COMP_1138,0.466797608908
GROUP_0155,2025-11,59.1580179492,watch,stable,0.123170065948,-0.789078359606,57.3569202514,47.9508796392,66.7629608637,0.733162262063,11,62.4186426983,COMP_1069,29.1828337553,COMP_1138,0.428830802964
GROUP_0155,2025-12,59.4772194308,watch,stable,0.319201481513,-1.79542408492,58.1357862194,48.7297456071,67.5418268317,0.733162262063,11,66.3470223901,COMP_1069,26.130128077,COMP_1138,0.447273581973
GROUP_0155,2026-01,59.1632257948,watch,stable,-0.313993635934,0.128377911527,58.3636778705,48.9576372582,67.7697184828,0.733162262063,11,65.0426205827,COMP_1069,28.064021147,COMP_1138,0.413284508169
GROUP_0155,2026-02,58.6912161116,watch,stable,-0.47200968319,-0.466801837611,57.0898485684,47.6838079561,66.4958891807,0.814721673951,11,57.4255272529,COMP_1069,30.7156850664,COMP_1138,0.463878227525
GROUP_0155,2026-03,58.1094742564,watch,stable,-0.581741855178,-1.3677451743,57.1655931571,47.7595525448,66.5716337694,0.814836739499,11,55.3447528153,COMP_1069,33.1275138525,COMP_1138,0.410467552619
GROUP_0155,2026-04,57.472246936,watch,stable,-0.637227320424,-1.69097885879,55.1470801397,45.7410395274,64.553120752,0.814836739499,11,54.2781406032,COMP_1069,32.1093390851,COMP_1138,0.39656759308
GROUP_0155,2026-05,59.4713905278,watch,stable,1.99914359175,0.780174416149,57.1462237315,47.7401831192,66.5522643438,0.814836739499,11,49.079754485,COMP_1069,34.5144420148,COMP_0267,0.407098164043
GROUP_0155,2026-06,60.025483876,healthy,stable,0.554093348216,1.91600961954,60.9049871188,51.4989465065,70.3110277311,0.814836739499,11,48.8469892188,COMP_1069,36.9568020972,COMP_0267,0.539998358221
GROUP_0155,2026-07,57.8925434764,watch,stable,-2.13294039961,0.420296540356,58.607047595,49.2010069827,68.0130882073,0.814836739499,11,47.7545171369,COMP_1069,35.4416149359,COMP_0267,0.59463935708
GROUP_0155,2026-08,55.8339285742,watch,stable,-2.05861490222,-3.63746195362,53.7450726628,44.3390320505,63.1511132751,0.815010197215,11,51.1010829508,COMP_0811,35.6148826443,COMP_1138,0.547859830401
GROUP_0156,2024-12,59.1727175887,watch,warmup,,,59.1727175887,49.7666769764,68.578758201,0.363111111111,1,0,COMP_0269,59.1727175887,COMP_0269,
GROUP_0156,2025-01,56.9073241755,watch,warmup,-2.26539341315,,56.9073241755,47.5012835632,66.3133647878,0.363111111111,1,0,COMP_0269,56.9073241755,COMP_0269,
GROUP_0156,2025-02,55.0211520818,watch,warmup,-1.88617209375,,44.4346600392,35.0286194269,53.8407006514,0.363111111111,1,0,COMP_0269,55.0211520818,COMP_0269,
GROUP_0156,2025-03,57.9085154953,watch,stable,2.88736341357,-1.26420209333,52.0242048769,42.6181642646,61.4302454892,0.363111111111,1,0,COMP_0269,57.9085154953,COMP_0269,
GROUP_0156,2025-04,61.9952326105,healthy,stable,4.08671711521,5.08790843503,65.0711048698,55.6650642575,74.477145482,0.363111111111,1,0,COMP_0269,61.9952326105,COMP_0269,
GROUP_0156,2025-05,57.0094066235,watch,stable,-4.98582598704,1.98825454174,57.1395617447,47.7335211324,66.545602357,0.635444444444,1,0,COMP_0269,57.0094066235,COMP_0269,
GROUP_0156,2025-06,60.8995759313,healthy,stable,3.89016930784,2.99106043601,64.9716727223,55.56563211,74.3777133346,0.635444444444,1,0,COMP_0269,60.8995759313,COMP_0269,
GROUP_0156,2025-07,50,watch,stable,-10.8995759313,-11.9952326105,47.7072723768,38.3012317645,57.1133129891,0.635444444444,1,0,COMP_0269,50,COMP_0269,
GROUP_0156,2025-08,50,watch,stable,0,-7.0094066235,39.9166427434,30.5106021312,49.3226833557,0.635444444444,1,0,COMP_0269,50,COMP_0269,
GROUP_0156,2025-09,50,watch,stable,0,-10.8995759313,37.7648627372,28.358822125,47.1709033495,0.635444444444,1,0,COMP_0269,50,COMP_0269,
GROUP_0156,2025-10,58.4253941196,watch,stable,8.42539411964,8.42539411964,58.4253941196,49.0193535074,67.8314347319,0.635444444444,1,0,COMP_0269,58.4253941196,COMP_0269,
GROUP_0156,2025-11,58.4067926718,watch,stable,-0.0186014477976,8.40679267184,58.4067926718,49.0007520596,67.8128332841,0.817,1,0,COMP_0269,58.4067926718,COMP_0269,
GROUP_0156,2025-12,57.9950929958,watch,stable,-0.411699676022,7.99509299582,68.1888365655,58.7827959532,77.5948771778,0.817,1,0,COMP_0269,57.9950929958,COMP_0269,
GROUP_0156,2026-01,61.0666780866,healthy,stable,3.07158509079,2.64128396697,72.3546897349,62.9486491227,81.7607303472,0.817,1,0,COMP_0269,61.0666780866,COMP_0269,
GROUP_0156,2026-02,61.6945958819,healthy,stable,0.627917795329,3.28780321009,68.4773036896,59.0712630773,77.8833443019,0.817,1,0,COMP_0269,61.6945958819,COMP_0269,
GROUP_0156,2026-03,60.9593849249,healthy,improving,-0.73521095703,2.96429192909,64.2139400476,54.8078994353,73.6199806598,0.817,1,0,COMP_0269,60.9593849249,COMP_0269,
GROUP_0156,2026-04,57.8045909368,watch,improving,-3.15479398806,-3.26208714976,57.5617008117,48.1556601994,66.9677414239,0.817,1,0,COMP_0269,57.8045909368,COMP_0269,
GROUP_0156,2026-05,47.6680984237,watch,stable,-10.1364925131,-14.0264974582,42.1225502692,32.7165096569,51.5285908814,0.907777777778,1,0,COMP_0269,47.6680984237,COMP_0269,
GROUP_0156,2026-06,60.0680640681,healthy,stable,12.3999656444,-0.8913208568,56.3184881873,46.912447575,65.7245287995,0.907777777778,1,0,COMP_0269,60.0680640681,COMP_0269,
GROUP_0156,2026-07,54.5803504842,watch,stable,-5.48771358388,-3.22424045262,47.3238201786,37.9177795663,56.7298607908,0.907777777778,1,0,COMP_0269,54.5803504842,COMP_0269,
GROUP_0156,2026-08,48.9386185866,watch,stable,-5.6417318976,1.27052016289,37.6345038401,28.2284632278,47.0405444524,0.907777777778,1,0,COMP_0269,48.9386185866,COMP_0269,
GROUP_0157,2024-09,62.5475965309,healthy,warmup,,,62.5475965309,53.1415559186,71.9536371432,0.323111111111,1,0,COMP_1236,62.5475965309,COMP_1236,
GROUP_0157,2024-10,66.0132502772,healthy,warmup,3.46565374629,,66.0132502772,56.6072096649,75.4192908894,0.323111111111,1,0,COMP_1236,66.0132502772,COMP_1236,
GROUP_0157,2024-11,62.7898985783,healthy,warmup,-3.2233516989,,63.4077687991,54.0017281868,72.8138094114,0.323111111111,1,0,COMP_1236,62.7898985783,COMP_1236,
GROUP_0157,2024-12,63.21823351,healthy,stable,0.428334931771,0.670636979162,64.0972100527,54.6911694405,73.503250665,0.323111111111,1,0,COMP_1236,63.21823351,COMP_1236,
GROUP_0157,2025-01,62.3439063844,healthy,stable,-0.874327125593,-3.66934389272,61.645413869,52.2393732567,71.0514544813,0.323111111111,1,0,COMP_1236,62.3439063844,COMP_1236,
GROUP_0157,2025-02,62.5147289421,healthy,stable,0.170822557653,-0.275169636169,62.0469405606,52.6408999483,71.4529811729,0.565444444444,1,0,COMP_1236,62.5147289421,COMP_1236,
GROUP_0157,2025-03,64.6783579117,healthy,stable,2.16362896965,1.46012440171,63.5410778175,54.1350372052,72.9471184298,0.565444444444,1,0,COMP_1236,64.6783579117,COMP_1236,
GROUP_0157,2025-04,62.3884888618,healthy,stable,-2.2898690499,0.0445824773988,62.0665766572,52.6605360449,71.4726172695,0.565444444444,1,0,COMP_1236,62.3884888618,COMP_1236,
GROUP_0157,2025-05,63.0900946011,healthy,stable,0.701605739216,0.575365658962,63.1658848126,53.7598442003,72.5719254249,0.565444444444,1,0,COMP_1236,63.0900946011,COMP_1236,
GROUP_0157,2025-06,64.4633905679,healthy,stable,1.37329596681,-0.214967343877,65.4415121881,56.0354715758,74.8475528004,0.565444444444,1,0,COMP_1236,64.4633905679,COMP_1236,
GROUP_0157,2025-07,66.0393566939,healthy,stable,1.57596612599,3.65086783202,69.6175459639,60.2115053516,79.0235865761,0.565444444444,1,0,COMP_1236,66.0393566939,COMP_1236,
GROUP_0157,2025-08,68.1010034295,healthy,stable,2.06164673566,5.01090882846,74.3074787439,64.9014381317,83.7135193562,0.727,1,0,COMP_1236,68.1010034295,COMP_1236,
GROUP_0157,2025-09,66.595117868,healthy,stable,-1.50588556156,2.1317273001,72.8015931824,63.3955525701,82.2076337947,0.727,1,0,COMP_1236,66.595117868,COMP_1236,
GROUP_0157,2025-10,65.9086436153,healthy,stable,-0.686474252624,-0.13071307852,69.5325800255,60.1265394132,78.9386206378,0.727,1,0,COMP_1236,65.9086436153,COMP_1236,
GROUP_0157,2025-11,65.5974105026,healthy,stable,-0.311233112753,-2.50359292694,65.3751982691,55.9691576568,74.7812388814,0.727,1,0,COMP_1236,65.5974105026,COMP_1236,
GROUP_0157,2025-12,65.7863522534,healthy,stable,0.188941750796,-0.808765614582,64.4114507086,55.0054100963,73.8174913209,0.727,1,0,COMP_1236,65.7863522534,COMP_1236,
GROUP_0157,2026-01,62.290640011,healthy,stable,-3.49571224238,-3.61800360434,58.0345320352,48.6284914229,67.4405726475,0.727,1,0,COMP_1236,62.290640011,COMP_1236,
GROUP_0157,2026-02,61.2501689137,healthy,deteriorating,-1.04047109725,-4.34724158884,55.7983209804,46.3922803682,65.2043615927,0.807777777778,1,0,COMP_1236,61.2501689137,COMP_1236,
GROUP_0157,2026-03,65.420371805,healthy,deteriorating,4.17020289127,-0.365980448363,63.83308293,54.4270423177,73.2391235423,0.807777777778,1,0,COMP_1236,65.420371805,COMP_1236,
GROUP_0157,2026-04,66.6882160927,healthy,stable,1.26784428765,4.39757608167,67.6518190217,58.2457784094,77.057859634,0.807777777778,1,0,COMP_1236,66.6882160927,COMP_1236,
GROUP_0157,2026-05,65.4953975428,healthy,stable,-1.19281854983,4.24522862909,66.6452739379,57.2392333256,76.0513145502,0.807777777778,1,0,COMP_1236,65.4953975428,COMP_1236,
GROUP_0157,2026-06,57.4692565054,watch,stable,-8.02614103742,-7.9511152996,57.6605721369,48.2545315246,67.0666127491,0.807777777778,1,0,COMP_1236,57.4692565054,COMP_1236,
GROUP_0157,2026-07,45.837116546,watch,stable,-11.6321399594,-20.8510995467,32.3202205367,22.9141799244,41.726261149,0.807777777778,1,0,COMP_1236,45.837116546,COMP_1236,
GROUP_0157,2026-08,45.2277225738,watch,stable,-0.609393972176,-20.267674969,20.2590721185,10.8530315062,29.6651127308,0.807777777778,1,0,COMP_1236,45.2277225738,COMP_1236,
GROUP_0158,2024-09,64.4971452873,healthy,warmup,,,64.4971452873,55.0911046751,73.9031858996,0.262574430933,21,49.4463749076,COMP_0451,34.7820716917,COMP_0816,0.450224443522
GROUP_0158,2024-10,65.3469922948,healthy,warmup,0.849847007479,,65.3469922948,55.9409516825,74.7530329071,0.262574430933,21,53.496826743,COMP_0451,32.0727666847,COMP_0310,0.445626741161
GROUP_0158,2024-11,66.2184511781,healthy,warmup,0.87145888329,,70.6077811996,61.2017405873,80.0138218119,0.262574430933,21,49.5337773915,COMP_0451,34.4384720135,COMP_0816,0.432246383629
GROUP_0158,2024-12,67.1240419192,healthy,stable,0.905590741046,2.62689663182,71.5791242086,62.1730835963,80.9851648209,0.262574430933,21,50.8334936732,COMP_0451,35.033542894,COMP_0310,0.448720203101
GROUP_0158,2025-01,67.4783137358,healthy,stable,0.354271816639,2.13132144098,71.8400886156,62.4340480033,81.2461292279,0.262574430933,21,50.4175991837,COMP_0451,33.6763111729,COMP_0816,0.44305353041
GROUP_0158,2025-02,65.6288845361,healthy,stable,-1.84942919974,-0.589566642053,69.2521309857,59.8460903734,78.658171598,0.459505254134,21,54.4535492536,COMP_0451,29.065249035,COMP_0816,0.430707175915
GROUP_0158,2025-03,66.0942399124,healthy,stable,0.465355376306,-1.02980200679,66.8564324823,57.45039187,76.2624730946,0.459505254134,21,50.0837237849,COMP_0451,36.4443752063,COMP_0310,0.450912830163
GROUP_0158,2025-04,66.9968442272,healthy,stable,0.902604314857,-0.481469508575,66.8384748634,57.4324342511,76.2445154757,0.459505254134,21,48.1808603634,COMP_0451,37.6462716788,COMP_0310,0.428121137781
GROUP_0158,2025-05,67.6659404325,healthy,stable,0.669096205239,2.0370558964,68.218676916,58.8126363037,77.6247175283,0.459505254134,21,46.5823676681,COMP_0451,36.4974836257,COMP_0816,0.452220314694
GROUP_0158,2025-06,66.6801947034,healthy,stable,-0.985745729052,0.585954791044,67.6763178482,58.2702772359,77.0823584605,0.459505254134,21,46.460409857,COMP_0451,38.4554653022,COMP_0816,0.458208389829
GROUP_0158,2025-07,68.0804520655,healthy,stable,1.4002573621,1.08360783828,70.5810509455,61.1750103333,79.9870915578,0.459505254134,21,46.9150507456,COMP_0451,37.7177569242,COMP_0310,0.445910037323
GROUP_0158,2025-08,66.1410945718,healthy,stable,-1.93935749367,-1.52484586063,67.1372177166,57.7311771043,76.5432583289,0.5907924696,21,45.6871177283,COMP_0451,40.9281563719,COMP_0816,0.562303907805
GROUP_0158,2025-09,65.5155727137,healthy,stable,-0.625521858168,-1.16462198974,64.0046757698,54.5986351576,73.4107163821,0.5907924696,21,44.585235279,COMP_0451,41.2306624052,COMP_0310,0.594176213862
GROUP_0158,2025-10,65.602748846,healthy,stable,0.0871761323317,-2.47770321951,63.4982934278,54.0922528155,72.9043340401,0.5907924696,21,43.4202070803,COMP_0451,41.3553096195,COMP_0816,0.538882934792
GROUP_0158,2025-11,65.2607302389,healthy,stable,-0.342018607142,-0.880364332979,63.7641108728,54.3580702605,73.1701514851,0.5907924696,21,43.6751507751,COMP_0820,41.9327528055,COMP_0816,0.525790480118
GROUP_0158,2025-12,65.4809580982,healthy,stable,0.220227859315,-0.0346146154955,63.9843387321,54.5782981198,73.3903793444,0.5907924696,21,40.4781686399,COMP_1213,43.9289601629,COMP_0310,0.545846005987
GROUP_0158,2026-01,64.7562142801,healthy,stable,-0.724743818068,-0.846534565895,63.4696985853,54.063657973,72.8757391976,0.5907924696,21,44.4464162801,COMP_0451,41.0564300152,COMP_0816,0.560218701512
GROUP_0158,2026-02,64.0925565952,healthy,stable,-0.663657684922,-1.16817364368,62.6534478332,53.2474072209,72.0594884454,0.656436077334,21,49.1126667518,COMP_0451,37.8584217586,COMP_0816,0.56425365744
GROUP_0158,2026-03,65.1882984065,healthy,stable,1.09574181127,-0.29265969172,63.9017827116,54.4957420993,73.3078233239,0.656436077334,21,56.4557133081,COMP_0451,31.5508295428,COMP_0310,0.544181535799
GROUP_0158,2026-04,65.9150699485,healthy,stable,0.726771542052,1.1588556684,66.4685625577,57.0625219454,75.87460317,0.656436077334,21,57.4717169353,COMP_0451,27.6523968878,COMP_0816,0.571185739347
GROUP_0158,2026-05,67.9924845479,healthy,stable,2.07741459937,3.8999279527,70.5542415266,61.1482009143,79.9602821389,0.656436077334,21,59.0986877326,COMP_0451,30.1548023236,COMP_0885,0.553353967485
GROUP_0158,2026-06,68.5472138827,healthy,stable,0.554729334806,3.35891547623,73.1946229337,63.7885823214,82.6006635459,0.656436077334,21,60.04424223,COMP_0451,35.4194434134,COMP_0885,0.556444764275
GROUP_0158,2026-07,68.4626761265,healthy,stable,-0.0845377562334,2.54760617795,73.1100851774,63.7040445651,82.5161257897,0.656436077334,21,58.8791785243,COMP_0451,37.8873165807,COMP_0885,0.554121602292
GROUP_0158,2026-08,67.3479560036,healthy,stable,-1.1147201228,-0.644528544233,70.1770756112,60.7710349989,79.5831162234,0.656436077334,21,62.8461815382,COMP_0451,34.5238603372,COMP_0885,0.551702420076
GROUP_0159,2024-09,50.7700822331,watch,warmup,,,50.7700822331,41.3640416208,60.1761228454,0.267605839109,11,57.3515427705,COMP_0582,27.9372704857,COMP_0824,0.601025491212
GROUP_0159,2024-10,52.3865514153,watch,warmup,1.6164691822,,52.3865514153,42.980510803,61.7925920276,0.267605839109,11,58.6485609906,COMP_0582,29.8092697097,COMP_0824,0.605860089193
GROUP_0159,2024-11,54.6871888776,watch,warmup,2.30063746233,,64.6758108212,55.2697702089,74.0818514335,0.267605839109,11,55.6071362826,COMP_0582,31.1178320938,COMP_0824,0.594761333382
GROUP_0159,2024-12,54.8828956095,watch,stable,0.195706731853,4.11281337638,62.500783394,53.0947427817,71.9068240063,0.265923128573,12,53.174592518,COMP_0582,30.9111697108,COMP_0824,0.558123512126
GROUP_0159,2025-01,52.5715151554,watch,stable,-2.31138045406,0.184963740124,56.902767491,47.4967268787,66.3088081033,0.265923128573,12,58.0089151349,COMP_0582,26.5258525809,COMP_0824,0.571154655126
GROUP_0159,2025-02,53.6543915883,watch,stable,1.0828764329,-1.03279728931,55.9512185643,46.545177952,65.3572591766,0.45755023988,12,57.7959328323,COMP_0582,32.8684001598,COMP_0824,0.603224500359
GROUP_0159,2025-03,55.7887521457,watch,stable,2.13436055741,0.905856536252,57.3287082574,47.9226676451,66.7347488696,0.45755023988,12,55.3598480435,COMP_0582,33.8833451444,COMP_0824,0.570532590661
GROUP_0159,2025-04,54.9705352137,watch,stable,-0.818216931995,2.39902005832,55.9686395462,46.5625989339,65.3746801585,0.45755023988,12,56.0774576251,COMP_0582,33.0806751979,COMP_0824,0.587104587088
GROUP_0159,2025-05,57.9958562416,watch,stable,3.02532102789,4.34146465331,62.0741903408,52.6681497285,71.4802309531,0.465365475003,12,52.1965478758,COMP_0582,39.0072060709,COMP_0824,0.583145604929
GROUP_0159,2025-06,54.9033907326,watch,stable,-3.09246550908,-0.88536141318,58.9817248317,49.5756842194,68.387765444,0.465365475003,12,52.5064143764,COMP_0582,34.0414043052,COMP_0824,0.537296072367
GROUP_0159,2025-07,53.0663146335,watch,stable,-1.83707609904,-1.90422058023,52.4664761396,43.0604355273,61.8725167519,0.465027107934,13,53.6584891838,COMP_0582,36.4071747434,COMP_0824,0.534516631725
GROUP_0159,2025-08,52.3505983618,watch,stable,-0.715716271757,-5.64525787987,48.8436815021,39.4376408898,58.2497221144,0.592620899496,13,48.6332930831,COMP_0582,38.689702391,COMP_0824,0.500119249376
GROUP_0159,2025-09,52.1493886554,watch,stable,-0.201209706393,-2.75400207719,48.4992356694,39.0931950571,57.9052762817,0.592620899496,13,54.9877620295,COMP_0582,34.7753354655,COMP_0824,0.495564699299
GROUP_0159,2025-10,53.5967833288,watch,stable,1.44739467344,0.530468695295,49.1097289577,39.7036883454,58.51576957,0.592620899496,13,51.4594676193,COMP_0582,34.5387169588,COMP_0824,0.544219426678
GROUP_0159,2025-11,55.3477079202,watch,stable,1.75092459136,2.99710955841,55.8009114515,46.3948708392,65.2069520638,0.597824628105,13,48.5374476112,COMP_0092,39.2708626574,COMP_0824,0.531792589792
GROUP_0159,2025-12,52.6439089009,watch,stable,-2.70379901925,0.494520245554,53.4845933184,44.0785527061,62.8906339306,0.598001468608,13,45.1827039944,COMP_0582,36.8210823188,COMP_1189,0.49519840712
GROUP_0159,2026-01,54.7784234651,watch,stable,2.13451456419,1.1816401363,57.2548050705,47.8487644582,66.6608456828,0.598001468608,13,43.3272091777,COMP_0582,40.5805278699,COMP_0824,0.505662035053
GROUP_0159,2026-02,56.3678832093,watch,stable,1.58945974415,1.02017528909,59.9010355568,50.4949949445,69.3070761691,0.661798364389,13,44.1119516861,COMP_0092,42.204384416,COMP_0824,0.499848892917
GROUP_0159,2026-03,58.4655748138,watch,stable,2.09769160456,5.8216659129,63.4317421285,54.0257015162,72.8377827408,0.661798364389,13,47.8059531882,COMP_0582,37.916966587,COMP_0824,0.495253057283
GROUP_0159,2026-04,58.8448997697,watch,stable,0.379324955899,4.06647630461,65.7579094875,56.3518688753,75.1639500998,0.661798364389,13,52.2037932512,COMP_0582,38.5652841271,COMP_0824,0.501905198992
GROUP_0159,2026-05,60.3303533544,healthy,stable,1.48545358472,3.96247014518,68.170526697,58.7644860847,77.5765673093,0.664400228693,13,52.2139432681,COMP_0092,38.0529561371,COMP_0824,0.494057166672
GROUP_0159,2026-06,58.3353874168,watch,stable,-1.99496593767,-0.130187397047,64.6517796459,55.2457390336,74.0578202582,0.664518122362,13,49.1745763061,COMP_0092,38.6465604079,COMP_0824,0.495513850801
GROUP_0159,2026-07,60.0674067682,healthy,stable,1.73201935146,1.22250699851,62.5759746328,53.1699340205,71.9820152451,0.664518122362,13,50.2332942844,COMP_0092,36.533359754,COMP_0824,0.479522291827
GROUP_0159,2026-08,60.1722901237,healthy,stable,0.104883355441,-0.158063230768,61.9131397397,52.5070991274,71.319180352,0.664518122362,13,52.3157076361,COMP_0092,34.5373860042,COMP_0824,0.510711876565
GROUP_0160,2024-09,77.3250042564,healthy,warmup,,,77.3250042564,67.9189636441,86.7310448687,0.32158894872,2,16.5949750616,COMP_0812,64.7181119821,COMP_0796,0.439561767339
GROUP_0160,2024-10,74.9941096497,healthy,warmup,-2.33089460673,,74.9941096497,65.5880690374,84.400150262,0.321586446142,3,47.326508934,COMP_1226,30.369068468,COMP_0796,0.430880197096
GROUP_0160,2024-11,73.880524018,healthy,warmup,-1.11358563168,,65.0970994101,55.6910587978,74.5031400223,0.321586446142,3,49.0053346309,COMP_1226,26.8046816461,COMP_0796,0.4085964892
GROUP_0160,2024-12,76.5113174987,healthy,stable,2.63079348066,-0.81368675775,72.9800403938,63.5739997815,82.3860810061,0.321586446142,3,50.5829273259,COMP_1226,29.1664853896,COMP_0796,0.418582877798
GROUP_0160,2025-01,78.1668854758,healthy,stable,1.6555679771,3.17277582608,80.6380247606,71.2319841483,90.0440653728,0.321586446142,3,52.147494488,COMP_1226,30.053828952,COMP_0796,0.428240188405
GROUP_0160,2025-02,77.0026848755,healthy,stable,-1.16420060024,3.12216085752,78.2556716865,68.8496310742,87.6617122988,0.562745491467,3,50.3086527658,COMP_1226,30.3932699541,COMP_0796,0.430744154397
GROUP_0160,2025-03,75.7084629094,healthy,stable,-1.29422196615,-0.802854589284,78.0390849959,68.6330443836,87.4451256082,0.562776280749,3,47.8653982345,COMP_1226,30.3836059108,COMP_0796,0.410905077407
GROUP_0160,2025-04,74.4804667633,healthy,stable,-1.2279961461,-3.68641871248,73.1156139615,63.7095733492,82.5216545738,0.562776280749,3,42.9771526309,COMP_1226,34.1917181589,COMP_0796,0.439063879493
GROUP_0160,2025-05,77.9663899698,healthy,stable,3.48592320652,0.963705094276,76.601537168,67.1954965557,86.0075777803,0.562776280749,3,49.9081476523,COMP_1226,31.4695133794,COMP_0796,0.421667291109
GROUP_0160,2025-06,76.6448568803,healthy,stable,-1.32153308953,0.936393970892,75.0923877129,65.6863471006,84.4984283252,0.562776280749,3,47.3571184989,COMP_1226,32.6685885419,COMP_0796,0.436338601738
GROUP_0160,2025-07,76.7565608518,healthy,stable,0.111703971553,2.27609408854,77.3262511067,67.9202104945,86.732291719,0.562776280749,3,43.723776841,COMP_1226,36.4585884795,COMP_0796,0.417087956297
GROUP_0160,2025-08,73.5827545623,healthy,stable,-3.1738062895,-4.38363540747,72.4381715061,63.0321308938,81.8442121184,0.723548977632,3,38.8336253887,COMP_1226,37.0079946406,COMP_0796,0.409820690505
GROUP_0160,2025-09,74.0494826283,healthy,stable,0.466728065982,-2.59537425196,70.9644183775,61.5583777652,80.3704589898,0.72356950382,3,40.504130206,COMP_1226,36.0681371578,COMP_0796,0.413192736281
GROUP_0160,2025-10,76.8881424237,healthy,stable,2.83865979542,0.131581571908,73.8030781729,64.3970375606,83.2091187852,0.72356950382,3,42.5325864044,COMP_1226,37.0416813678,COMP_0796,0.398736012396
GROUP_0160,2025-11,74.9714237578,healthy,stable,-1.91671866596,1.38866919545,75.19511243,65.7890718177,84.6011530423,0.72356950382,3,39.1707086333,COMP_1226,38.4263733976,COMP_0796,0.426881403052
GROUP_0160,2025-12,76.3763525764,healthy,stable,1.40492881858,2.32686994805,78.7273024565,69.3212618442,88.1333430688,0.72356950382,3,41.8080150249,COMP_1226,38.0352285356,COMP_0796,0.437721616015
GROUP_0160,2026-01,71.3118744831,healthy,stable,-5.06447809326,-5.57626794063,73.6628243632,64.256783751,83.0688649755,0.72356950382,3,34.2247209661,COMP_1226,39.8426238006,COMP_0796,0.451360134088
GROUP_0160,2026-02,76.4757631352,healthy,stable,5.16388865206,1.50433937739,76.7292600601,67.3232194478,86.1353006724,0.803955852261,3,36.8028301595,COMP_1226,42.6146490766,COMP_0796,0.395841802966
GROUP_0160,2026-03,77.1113841493,healthy,stable,0.635621014146,0.735031572954,77.3648810743,67.958840462,86.7709216866,0.803966115355,3,28.2765833348,COMP_1226,52.0014086754,COMP_0796,0.404179437265
GROUP_0160,2026-04,76.7408390876,healthy,stable,-0.370545061742,5.42896460447,78.545642724,69.1396021117,87.9516833363,0.803966115355,3,19.3115088576,COMP_1226,59.527564551,COMP_0796,0.376480925118
GROUP_0160,2026-05,73.9957188598,healthy,stable,-2.74512022775,-2.48004427535,74.4604391616,65.0543985493,83.8664797739,0.803966115355,3,20.8497179403,COMP_1226,55.2621378329,COMP_0796,0.40545738666
GROUP_0160,2026-06,75.150100738,healthy,stable,1.15438187817,-1.96128341133,75.8260444166,66.4200038043,85.2320850289,0.803966115355,3,18.5187919366,COMP_1226,59.0974463612,COMP_0796,0.40964119028
GROUP_0160,2026-07,74.1999837403,healthy,stable,-0.950116997649,-2.54085534723,70.8658019411,61.4597613288,80.2718425534,0.803966115355,3,20.7657020931,COMP_1226,56.0983599809,COMP_0796,0.436651179627
GROUP_0160,2026-08,74.6121959116,healthy,stable,0.412212171273,0.616477051793,71.8981758623,62.49213525,81.3042164745,0.803966115355,3,16.8457767281,COMP_1226,60.191622725,COMP_0796,0.433197373069
GROUP_0161,2024-09,57.6010203072,watch,warmup,,,57.6010203072,48.1949796949,67.0070609195,0.215458677783,2,18.5626385395,COMP_0886,50.5761100738,COMP_0329,0.231710965699
GROUP_0161,2024-10,59.1208161209,watch,warmup,1.51979581373,,59.1208161209,49.7147755086,68.5268567332,0.215458677783,2,25.0554892415,COMP_0886,49.6387286257,COMP_0329,0.168237780405
GROUP_0161,2024-11,57.8634231577,watch,warmup,-1.25739296318,,58.5325504266,49.1265098143,67.9385910389,0.215458677783,2,25.2123276155,COMP_0886,48.3219811965,COMP_0329,0.19429114701
GROUP_0161,2024-12,59.5941418734,watch,stable,1.73071871571,1.99312156626,61.8917855392,52.4857449269,71.2978261515,0.215458677783,2,20.7927423361,COMP_0886,51.7252633137,COMP_0329,0.210894249577
GROUP_0161,2025-01,58.6465001436,watch,stable,-0.947641729844,-0.47431597732,59.9164838738,50.5104432615,69.3225244861,0.215458677783,2,20.5089876352,COMP_0886,50.8850067111,COMP_0329,0.211895859684
GROUP_0161,2025-02,58.5587105641,watch,stable,-0.0877895795073,0.695287406357,59.5355546261,50.1295140138,68.9415952384,0.377052686121,2,19.9981274368,COMP_0886,50.9905488623,COMP_0329,0.214156096795
GROUP_0161,2025-03,55.3825697593,watch,stable,-3.17614080482,-4.21157211417,52.7422199204,43.3361793081,62.1482605327,0.377052686121,2,19.4902928304,COMP_0886,48.0065947725,COMP_0329,0.252233189549
GROUP_0161,2025-04,58.8385726545,watch,stable,3.45600289524,0.192072510907,58.390845799,48.9848051867,67.7968864113,0.377052686121,2,19.3279672909,COMP_0886,51.524028716,COMP_0329,0.205009520769
GROUP_0161,2025-05,56.5457399075,watch,stable,-2.29283274695,-2.01297065654,53.8672706066,44.4612299943,63.2733112189,0.377052686121,2,21.6641649271,COMP_0886,48.3470771167,COMP_0329,0.222818786631
GROUP_0161,2025-06,60.1266845961,healthy,stable,3.58094468852,4.7441148368,60.8403329266,51.4342923143,70.2463735389,0.377052686121,2,13.0261340188,COMP_0886,55.1970286113,COMP_0329,0.241987188946
GROUP_0161,2025-07,59.1648147206,watch,stable,-0.961869875496,0.326242066072,61.1639816113,51.7579409991,70.5700222236,0.377052686121,2,20.8164983204,COMP_0886,51.2869458625,COMP_0329,0.184604780461
GROUP_0161,2025-08,58.2616120994,watch,stable,-0.903202621197,1.71587219183,61.1982352863,51.792194674,70.6042758986,0.484782025012,2,17.1911385085,COMP_0886,51.7557371628,COMP_0329,0.230011696014
GROUP_0161,2025-09,56.3177854072,watch,stable,-1.94382669215,-3.80889918885,53.746582415,44.3405418027,63.1526230273,0.484782025012,2,14.2908234043,COMP_0886,50.9095159221,COMP_0329,0.282118462308
GROUP_0161,2025-10,57.4107839896,watch,stable,1.09299858243,-1.75403073092,54.4289317471,45.0228911348,63.8349723594,0.484782025012,2,18.9308976166,COMP_0886,50.2465084956,COMP_0329,0.231186987994
GROUP_0161,2025-11,54.7175350116,watch,stable,-2.69324897804,-3.54407708776,49.8119986466,40.4059580343,59.2180392589,0.484782025012,2,21.5408386322,COMP_0886,46.5655442577,COMP_0329,0.241724346483
GROUP_0161,2025-12,52.9437328115,watch,stable,-1.77380220012,-3.37405259573,46.9188017623,37.51276115,56.3248423746,0.484782025012,2,30.0188324356,COMP_0886,41.5833002566,COMP_0329,0.201063026748
GROUP_0161,2026-01,50.4429668427,watch,stable,-2.50076596876,-6.96781714692,42.4679486809,33.0619080687,51.8739892932,0.484782025012,2,28.1148273933,COMP_0886,39.8030926544,COMP_0329,0.254898402504
GROUP_0161,2026-02,52.1011849125,watch,stable,1.6582180698,-2.61635009908,45.3314460892,35.9254054769,54.7374867015,0.538646694458,2,32.3243086251,COMP_0886,39.8682598376,COMP_0329,0.202846711552
GROUP_0161,2026-03,51.7696304793,watch,stable,-0.331554433264,-1.17410233223,46.0156538987,36.6096132864,55.4216945109,0.538646694458,2,29.1339772631,COMP_0886,40.7440656288,COMP_0329,0.228338663941
GROUP_0161,2026-04,49.3883210599,watch,stable,-2.38130941933,-1.0546457828,44.9405258915,35.5344852792,54.3465665038,0.538646694458,2,26.1684217127,COMP_0886,39.4850514849,COMP_0329,0.269187888757
GROUP_0161,2026-05,51.4020492583,watch,deteriorating,2.01372819835,-0.699135654247,49.7111216486,40.3050810363,59.1171622609,0.538646694458,2,27.4929372338,COMP_0886,40.9975253698,COMP_0329,0.234401861972
GROUP_0161,2026-06,51.3758712866,watch,deteriorating,-0.0261779716969,-0.393759192679,50.706480659,41.3004400467,60.1125212713,0.538646694458,2,28.6590402377,COMP_0886,40.5300432749,COMP_0329,0.235908428491
GROUP_0161,2026-07,49.4977309593,watch,stable,-1.87814032724,0.109409899413,48.3092003471,38.9031597348,57.7152409594,0.538646694458,2,27.1203229054,COMP_0886,39.2342205481,COMP_0329,0.268848347678
GROUP_0161,2026-08,48.3327434905,watch,stable,-1.1649874688,-3.06930576774,45.4360716026,36.0300309903,54.8421122149,0.538646694458,2,29.2415075077,COMP_0886,37.266484516,COMP_0329,0.250205201792
GROUP_0162,2024-09,70.0779544014,healthy,warmup,,,70.0779544014,60.6719137891,79.4839950137,0.307788306967,8,24.4249516549,COMP_0423,48.1935507454,COMP_0440,0.383213206633
GROUP_0162,2024-10,71.4167271078,healthy,warmup,1.33877270639,,71.4167271078,62.0106864955,80.8227677201,0.307788306967,8,24.0601534113,COMP_0471,50.1436214504,COMP_0440,0.380187983611
GROUP_0162,2024-11,71.5295723381,healthy,warmup,0.112845230241,,75.2311980765,65.8251574642,84.6372386888,0.307788306967,8,27.2204312025,COMP_0471,50.9704669995,COMP_0042,0.366416212447
GROUP_0162,2024-12,70.7632943778,healthy,stable,-0.766277960233,0.685339976399,71.6335886949,62.2275480826,81.0396293072,0.307788306967,8,24.4406597822,COMP_0423,51.7237538605,COMP_0042,0.353559957825
GROUP_0162,2025-01,69.8859296082,healthy,stable,-0.877364769659,-1.53079749965,68.9303870717,59.5243464594,78.336427684,0.307788306967,8,27.5275059919,COMP_0278,49.4641661814,COMP_0042,0.379250642585
GROUP_0162,2025-02,69.7781798065,healthy,stable,-0.10774980171,-1.7513925316,68.111926345,58.7058857327,77.5179669573,0.538629537193,8,27.4200972075,COMP_0278,48.8176953654,COMP_0042,0.378954426063
GROUP_0162,2025-03,69.5585079231,healthy,stable,-0.21967188332,-1.20478645469,67.4693601139,58.0633195016,76.8754007262,0.538629537193,8,21.2630787362,COMP_0278,50.6703515972,COMP_0042,0.374338484641
GROUP_0162,2025-04,63.6463359777,healthy,stable,-5.9121719454,-6.23959363043,59.7383183805,50.3322777683,69.1443589928,0.538629537193,8,21.5526462788,COMP_0278,52.7111060135,COMP_0042,0.357230276011
GROUP_0162,2025-05,58.4122304324,watch,stable,-5.23410554536,-11.3659493741,47.8049212606,38.3988806484,57.2109618729,0.538629537193,8,23.4900673697,COMP_0423,50.2192861679,COMP_0042,0.367842960057
GROUP_0162,2025-06,56.1931691703,watch,stable,-2.21906126203,-13.3653387528,40.5569674071,31.1509267948,49.9630080194,0.538629537193,8,25.5914708036,COMP_0042,40,COMP_0694,0.405148161986
GROUP_0162,2025-07,56.5512964604,watch,stable,0.358127290018,-7.09503951737,39.9671018453,30.561061233,49.3731424576,0.538629537193,8,30.8279102499,COMP_0042,40,COMP_0945,0.448578021931
GROUP_0162,2025-08,58.3531598736,watch,stable,1.80186341321,-0.0590705588059,46.923704863,37.5176642507,56.3297454753,0.692523690677,8,35.6209750237,COMP_0578,38.1286515461,COMP_0945,0.455981832757
GROUP_0162,2025-09,60.1992087729,healthy,stable,1.84604889933,4.00603960255,60.0987888229,50.6927482106,69.5048294352,0.692523690677,8,41.7364705993,COMP_0578,34.6934924417,COMP_0042,0.480287216278
GROUP_0162,2025-10,58.8614254616,watch,stable,-1.33778331128,2.31012900125,61.1398228458,51.7337822335,70.5458634581,0.692523690677,8,37.0501424129,COMP_0423,38.0398097377,COMP_0042,0.425271411508
GROUP_0162,2025-11,60.3117529345,healthy,stable,1.45032747288,1.95859306093,64.5127083739,55.1066677616,73.9187489862,0.692523690677,8,36.5957604004,COMP_0423,37.503593802,COMP_0042,0.428104446855
GROUP_0162,2025-12,60.7139013193,healthy,stable,0.402148384788,0.514692546392,64.6411206214,55.2350800091,74.0471612337,0.692523690677,8,42.5627845826,COMP_0578,37.3840766693,COMP_0945,0.464700791487
GROUP_0162,2026-01,61.4678874764,healthy,stable,0.753986157134,2.60646201481,64.4778328197,55.0717922074,73.883873432,0.692523690677,8,40.1716240015,COMP_0578,37.9166764184,COMP_0945,0.466686606767
GROUP_0162,2026-02,58.1798393238,watch,stable,-3.28804815259,-2.13191361067,59.0548166527,49.6487760404,68.460857265,0.769470767418,8,38.5528013617,COMP_0578,34.1576874188,COMP_0945,0.467011116619
GROUP_0162,2026-03,62.1800264773,healthy,stable,4.00018715346,1.46612515801,64.6724392459,55.2663986336,74.0784798582,0.769470767418,8,38.9563640316,COMP_0578,35.042925193,COMP_0945,0.458629614374
GROUP_0162,2026-04,56.6564299043,watch,stable,-5.52359657302,-4.81145757215,53.0321767661,43.6261361539,62.4382173784,0.769470767418,8,37.498346635,COMP_0578,37.7243149192,COMP_0042,0.441587215295
GROUP_0162,2026-05,59.7119648291,watch,stable,3.05553492484,1.53212550528,57.4731634538,48.0671228415,66.8792040661,0.769470767418,8,35.975608699,COMP_0423,36.7868221251,COMP_0945,0.443401110279
GROUP_0162,2026-06,63.5752401145,healthy,stable,3.86327528538,1.3952136372,65.7247398053,56.318699193,75.1307804176,0.769470767418,8,35.3226486378,COMP_0423,36.7635635929,COMP_0042,0.460117487801
GROUP_0162,2026-07,59.1628079778,watch,stable,-4.4124321367,2.50637807352,61.534671161,52.1286305487,70.9407117733,0.769470767418,8,38.0401460045,COMP_0578,34.745428973,COMP_0945,0.483314075478
GROUP_0162,2026-08,57.2105947469,watch,stable,-1.95221323093,-2.50137008224,53.36364116,43.9576005477,62.7696817723,0.769470767418,8,39.4737048966,COMP_0578,37.7736081813,COMP_0945,0.453709552775
GROUP_0163,2024-09,66.8245023123,healthy,warmup,,,66.8245023123,57.4184617,76.2305429246,0.363809586616,3,39.2945024524,COMP_1006,46.0397429695,COMP_0051,0.487025512019
GROUP_0163,2024-10,64.0103897325,healthy,warmup,-2.81411257979,,64.0103897325,54.6043491203,73.4164303448,0.363809586616,3,40.9374818299,COMP_1006,41.9153284304,COMP_0051,0.522993151719
GROUP_0163,2024-11,66.8748824832,healthy,warmup,2.86449275066,,67.0033519189,57.5973113066,76.4093925312,0.363809586616,3,40.6049504811,COMP_1006,45.474158905,COMP_0051,0.4974769845
GROUP_0163,2024-12,65.8643390867,healthy,stable,-1.01054339655,-0.960163225677,65.1124350627,55.7063944504,74.518475675,0.363809586616,3,41.7032158398,COMP_1006,43.4851472442,COMP_0051,0.509566941478
GROUP_0163,2025-01,65.7688995563,healthy,stable,-0.0954395303268,1.75850982379,64.852581997,55.4465413848,74.2586226093,0.363809586616,3,37.9862882645,COMP_1006,45.4513993094,COMP_0051,0.490198024702
GROUP_0163,2025-02,64.4974253984,healthy,stable,-1.27147415791,-2.37745708478,62.8651479148,53.4591073025,72.2711885271,0.636666776577,3,44.4254282177,COMP_1006,40.5239760683,COMP_0051,0.528311391878
GROUP_0163,2025-03,62.5211758366,healthy,stable,-1.97624956185,-3.34316325008,59.0355459316,49.6295053193,68.4415865439,0.636666776577,3,38.3597983617,COMP_1006,41.4762914765,COMP_0051,0.525989113329
GROUP_0163,2025-04,66.766220532,healthy,stable,4.24504469539,0.997320975629,63.280590627,53.8745500147,72.6866312393,0.636666776577,3,37.9197157346,COMP_1006,46.5678706241,COMP_0051,0.493938598708
GROUP_0163,2025-05,62.7993612397,healthy,stable,-3.96685929224,-1.69806415871,59.6730838358,50.2670432235,69.0791244481,0.636666776577,3,37.5956365121,COMP_1006,42.4267797479,COMP_0051,0.525084575874
GROUP_0163,2025-06,61.2061052441,healthy,stable,-1.59325599561,-1.31507059247,57.0096720473,47.6036314351,66.4157126596,0.636666776577,3,35.9959970865,COMP_1006,42.0195624695,COMP_0051,0.524324261779
GROUP_0163,2025-07,59.3729409035,watch,stable,-1.8331643406,-7.39327962846,54.1459667187,44.7399261064,63.552007331,0.636666776577,3,30.5920098662,COMP_1006,42.9167339316,COMP_0051,0.503988668352
GROUP_0163,2025-08,61.6045494869,healthy,stable,2.23160858337,-1.19481175284,57.5905499472,48.1845093349,66.9965905595,0.818571569885,3,32.7875203869,COMP_1006,43.9107793977,COMP_0051,0.498370476083
GROUP_0163,2025-09,62.7568139732,healthy,stable,1.15226448628,1.55070872905,58.6672192832,49.2611786709,68.0732598955,0.818571569885,3,31.2439913567,COMP_1006,46.0179505,COMP_0051,0.488044714916
GROUP_0163,2025-10,62.2046373159,healthy,stable,-0.552176657277,2.83169641237,63.2206701349,53.8146295227,72.6267107472,0.818571569885,3,31.4373889899,COMP_1006,45.2621174401,COMP_0051,0.497160114711
GROUP_0163,2025-11,61.3823907344,healthy,stable,-0.822246581432,-0.222158752433,62.655519126,53.2494785137,72.0615597382,0.818571569885,3,32.0151268413,COMP_1006,44.179436413,COMP_0051,0.497790636153
GROUP_0163,2025-12,61.0172130809,healthy,stable,-0.365177653517,-1.73960089223,60.6395432018,51.2335025895,70.0455838141,0.818571569885,3,31.5295561476,COMP_1006,43.6787261544,COMP_0051,0.507027170888
GROUP_0163,2026-01,59.7604747987,watch,stable,-1.25673828225,-2.4441625172,56.8031532819,47.3971126696,66.2091938942,0.818571569885,3,30.2025739836,COMP_1006,43.3717206516,COMP_0051,0.501064356812
GROUP_0163,2026-02,57.4582850004,watch,deteriorating,-2.3021897983,-3.92410573406,53.3032087211,43.8971681089,62.7092493334,0.909523966539,3,26.8805377315,COMP_1006,42.7961019664,COMP_0051,0.498794690892
GROUP_0163,2026-03,57.4977217718,watch,deteriorating,0.0394367714467,-3.5194913091,52.5447688445,43.1387282322,61.9508094568,0.909523966539,3,25.5576315296,COMP_1006,43.770072283,COMP_0051,0.490298112073
GROUP_0163,2026-04,57.9901910316,watch,deteriorating,0.492469259732,-1.77028376712,53.8543053954,44.4482647831,63.2603460076,0.909523966539,3,29.5496800322,COMP_1006,41.7718550368,COMP_0051,0.499225119347
GROUP_0163,2026-05,57.9912945569,watch,deteriorating,0.00110352538041,0.533009556559,54.9818121528,45.5757715406,64.3878527651,0.909523966539,3,28.9899893119,COMP_1006,42.193372937,COMP_0051,0.497695712582
GROUP_0163,2026-06,59.4281425216,watch,stable,1.43684796462,1.93042074973,60.3342587677,50.9282181554,69.74029938,0.909523966539,3,24.0900295739,COMP_1006,46.0329785342,COMP_0051,0.481576273175
GROUP_0163,2026-07,58.0412885329,watch,stable,-1.3868539887,0.0510975012918,58.947404779,49.5413641667,68.3534453913,0.909523966539,3,25.0856797672,COMP_1006,44.2651200652,COMP_0051,0.49572350653
GROUP_0163,2026-08,56.2458925727,watch,stable,-1.79539596011,-1.7454019842,56.3327583249,46.9267177126,65.7387989372,0.909523966539,3,21.061266354,COMP_1006,44.7873992884,COMP_0051,0.493848842993
GROUP_0164,2025-11,90.9924174845,solid,warmup,,,90.9924174845,81.5863768722,100,0.295111111111,1,0,COMP_0370,90.9924174845,COMP_0370,
GROUP_0164,2025-12,81.3795972303,solid,warmup,-9.61282025417,,81.3795972303,71.973556618,90.7856378426,0.295111111111,2,23.2041583079,COMP_1071,67.4136596466,COMP_0370,
GROUP_0164,2026-01,81.764357858,solid,warmup,0.384760627697,,58.2328058105,48.8267651982,67.6388464228,0.295111111111,2,17.4325341719,COMP_1071,71.2722003343,COMP_0370,
GROUP_0164,2026-02,79.4347744515,healthy,stable,-2.32958340649,-11.557643033,63.6703401869,54.2642995747,73.0763807992,0.295111111111,2,15.2072456221,COMP_1071,70.2819562212,COMP_0370,
GROUP_0164,2026-03,79.3112523217,healthy,stable,-0.123522129794,-2.06834490859,70.2431050764,60.8370644641,79.6491456887,0.295111111111,2,17.5004851497,COMP_1071,68.7781969942,COMP_0370,
GROUP_0164,2026-04,77.8662963879,healthy,stable,-1.44495593381,-3.8980614701,71.2395918888,61.8335512765,80.645632501,0.42832548922,2,16.2598054268,COMP_1071,68.0799716826,COMP_0370,
GROUP_0164,2026-05,78.255567153,healthy,stable,0.389270765095,-1.17920729851,74.2559480908,64.8499074785,83.6619887031,0.516444444444,2,15.5922028086,COMP_1071,68.8710538978,COMP_0370,
GROUP_0164,2026-06,78.4915783869,healthy,stable,0.236011233863,-0.81967393485,75.7995812067,66.3935405944,85.2056218189,0.516444444444,2,17.6025342578,COMP_1071,67.8971025391,COMP_0370,
GROUP_0164,2026-07,76.293312963,healthy,stable,-2.19826542391,-1.57298342495,73.6192411406,64.2132005283,83.0252817529,0.516444444444,2,8.80578683103,COMP_1071,70.9933547561,COMP_0370,
GROUP_0164,2026-08,73.1073036085,healthy,stable,-3.1860093545,-5.14826354454,68.1035554239,58.6975148116,77.5095960362,0.516444444444,2,6.10229269788,COMP_1071,69.4345033368,COMP_0370,
GROUP_0165,2024-12,61.6938157268,healthy,warmup,,,61.6938157268,52.2877751146,71.0998563391,0.2304,1,0,COMP_0517,61.6938157268,COMP_0517,0.365410237305
GROUP_0165,2025-01,61.1573339548,healthy,warmup,-0.536481772092,,61.1573339548,51.7512933425,70.563374567,0.230392357504,2,7.30166029678,COMP_0062,53.8610393224,COMP_0517,0.371812336013
GROUP_0165,2025-02,65.4718357047,healthy,warmup,4.31450174997,,75.1057866483,65.699746036,84.5118272606,0.230392357504,2,10.6557472326,COMP_0062,54.8239189055,COMP_0517,0.320313050448
GROUP_0165,2025-03,63.1550537082,healthy,stable,-2.31678199651,1.46123798137,66.944198678,57.5381580658,76.3502392903,0.230392357504,2,9.10833170966,COMP_0062,54.0534153052,COMP_0517,0.355948829425
GROUP_0165,2025-04,66.8162001844,healthy,stable,3.66114647617,5.65886622963,72.6288129617,63.2227723494,82.034853574,0.230392357504,2,14.5155146407,COMP_0062,52.3113523478,COMP_0517,0.336173541255
GROUP_0165,2025-05,69.4640827089,healthy,stable,2.64788252448,3.99224700414,77.3897550305,67.9837144182,86.7957956428,0.403065374492,2,17.0958503286,COMP_0062,52.380795358,COMP_0517,0.339915548684
GROUP_0165,2025-06,70.2859593018,healthy,stable,0.821876592946,7.1309055936,79.5971571558,70.1911165435,89.0031977681,0.403186625632,2,16.1341331706,COMP_0062,54.163682386,COMP_0517,0.325421139146
GROUP_0165,2025-07,72.3949195939,healthy,improving,2.10896029211,5.57871940954,81.2428053434,71.8367647311,90.6488459557,0.403186625632,2,18.0694110019,COMP_0062,54.3387869962,COMP_0517,0.315063602188
GROUP_0165,2025-08,68.805444186,healthy,improving,-3.58947540794,-0.658638522885,77.6533299354,68.2472893231,87.0593705477,0.403186625632,2,13.3859021937,COMP_0062,55.4293786947,COMP_0517,0.319241701368
GROUP_0165,2025-09,74.2257467387,healthy,stable,5.42030255271,3.93978743688,80.9233853814,71.5173447691,90.3294259937,0.403186625632,2,19.226112941,COMP_0062,55.0137622105,COMP_0517,0.313325115101
GROUP_0165,2025-10,66.3054252841,healthy,stable,-7.92032145455,-6.08949430977,65.1857397952,55.779699183,74.5917804075,0.352643077011,4,29.2921582831,COMP_1121,40.5161192049,COMP_0517,0.320799445396
GROUP_0165,2025-11,67.5902139124,healthy,stable,1.2847886283,-1.21523027354,63.8149003671,54.4088597548,73.2209409794,0.443278292194,4,31.3986798467,COMP_1121,41.1039369206,COMP_0517,0.306988809162
GROUP_0165,2025-12,68.2330942421,healthy,stable,0.642880329704,-5.99265249654,63.9880323833,54.5819917711,73.3940729956,0.443341936319,4,30.3789858531,COMP_1121,42.9330759847,COMP_0517,0.347265454766
GROUP_0165,2026-01,68.3700119824,healthy,stable,0.136917740288,2.06458669829,67.9258711348,58.5198305225,77.3319117471,0.443341936319,4,27.1166774218,COMP_1121,45.9820027697,COMP_0517,0.354423929262
GROUP_0165,2026-02,71.5003469002,healthy,stable,3.1303349178,3.91013298779,74.7790365817,65.3729959694,84.185077194,0.443341936319,4,31.7872040894,COMP_1121,45.2701496601,COMP_0517,0.342308388821
GROUP_0165,2026-03,69.9059236359,healthy,stable,-1.59442326432,1.67282939376,73.5784319547,64.1723913424,82.984472567,0.469739738394,4,28.300389074,COMP_1121,46.3052763599,COMP_0517,0.337810791837
GROUP_0165,2026-04,69.3965369437,healthy,stable,-0.509386692187,1.02652496129,71.3850220222,61.9789814099,80.7910626345,0.469739738394,4,28.148360893,COMP_1121,46.2079267108,COMP_0517,0.327928105661
GROUP_0165,2026-05,72.7314029077,healthy,stable,3.33486596397,1.23105600747,75.5752128771,66.1691722648,84.9812534894,0.515057345985,4,32.4909587712,COMP_0062,45.4039162328,COMP_0517,0.333360247892
GROUP_0165,2026-06,72.116757238,healthy,stable,-0.614645669695,2.21083360209,75.8751743616,66.4691337493,85.2812149738,0.515089168048,4,32.9463365514,COMP_0062,44.6581159084,COMP_0517,0.338678075009
GROUP_0165,2026-07,72.6108679102,healthy,stable,0.494110672221,3.2143309665,74.7036631229,65.2976225106,84.1097037352,0.515089168048,4,33.2086119382,COMP_1121,45.1499780248,COMP_0517,0.338420888124
GROUP_0165,2026-08,73.888024797,healthy,stable,1.27715688675,1.15662188928,77.9497679813,68.543727369,87.3558085935,0.515089168048,4,35.5470762059,COMP_1121,45.095397691,COMP_0517,0.33021719743
GROUP_0166,2026-02,60.848005047,healthy,warmup,,,60.848005047,51.4419644348,70.2540456593,0.312888888889,1,0,COMP_0956,60.848005047,COMP_0956,
GROUP_0166,2026-03,59.502225192,watch,warmup,-1.34577985501,,59.502225192,50.0961845797,68.9082658043,0.312888888889,1,0,COMP_0956,59.502225192,COMP_0956,
GROUP_0166,2026-04,64.4207967129,healthy,warmup,4.9185715209,,73.5314154609,64.1253748487,82.9374560732,0.312888888889,1,0,COMP_0956,64.4207967129,COMP_0956,
GROUP_0166,2026-05,63.3510659641,healthy,stable,-1.06973074885,2.50306091704,70.0339771176,60.6279365053,79.4400177299,0.312888888889,1,0,COMP_0956,63.3510659641,COMP_0956,
GROUP_0166,2026-06,64.2110708468,healthy,stable,0.860004882666,4.70884565472,68.5480377449,59.1419971326,77.9540783571,0.312888888889,1,0,COMP_0956,64.2110708468,COMP_0956,
GROUP_0166,2026-07,66.1394429435,healthy,stable,1.92837209675,1.71864623056,71.5367095979,62.1306689856,80.9427502102,0.547555555556,1,0,COMP_0956,66.1394429435,COMP_0956,
GROUP_0166,2026-08,64.9176162229,healthy,stable,-1.2218267206,1.56655025881,69.3036411245,59.8976005122,78.7096817368,0.547555555556,1,0,COMP_0956,64.9176162229,COMP_0956,
GROUP_0167,2025-01,57.3480206074,watch,warmup,,,57.3480206074,47.9419799952,66.7540612197,0.323111111111,1,0,COMP_0343,57.3480206074,COMP_0343,
GROUP_0167,2025-02,57.2341438518,watch,warmup,-0.113876755634,,57.2341438518,47.8281032395,66.6401844641,0.323111111111,1,0,COMP_0343,57.2341438518,COMP_0343,
GROUP_0167,2025-03,59.9125887885,watch,warmup,2.67844493665,,66.4522376501,57.0461970378,75.8582782623,0.323111111111,1,0,COMP_0343,59.9125887885,COMP_0343,
GROUP_0167,2025-04,61.0060248155,healthy,stable,1.09343602701,3.65800420803,67.3851528231,57.9791122108,76.7911934354,0.323111111111,1,0,COMP_0343,61.0060248155,COMP_0343,
GROUP_0167,2025-05,59.1066849344,watch,stable,-1.89933988111,1.87254108255,63.4866067234,54.0805661111,72.8926473357,0.323111111111,1,0,COMP_0343,59.1066849344,COMP_0343,
GROUP_0167,2025-06,60.8934785195,healthy,stable,1.78679358511,0.980889731003,64.5098455897,55.1038049774,73.915886202,0.565444444444,1,0,COMP_0343,60.8934785195,COMP_0343,
GROUP_0167,2025-07,59.9628928839,watch,stable,-0.930585635593,-1.0431319316,62.1462231551,52.7401825428,71.5522637674,0.565444444444,1,0,COMP_0343,59.9628928839,COMP_0343,
GROUP_0167,2025-08,56.5823850132,watch,stable,-3.38050787062,-2.52429992111,54.5273301853,45.121289573,63.9333707976,0.565444444444,1,0,COMP_0343,56.5823850132,COMP_0343,
GROUP_0167,2025-09,57.9283087201,watch,stable,1.34592370687,-2.96516979934,53.6369988542,44.2309582419,63.0430394665,0.565444444444,1,0,COMP_0343,57.9283087201,COMP_0343,
GROUP_0167,2025-10,59.7717953008,watch,stable,1.84348658065,-0.191097583095,58.3416491969,48.9356085847,67.7476898092,0.565444444444,1,0,COMP_0343,59.7717953008,COMP_0343,
GROUP_0167,2025-11,59.6762388981,watch,stable,-0.0955564026367,3.09385388489,59.1889012447,49.7828606324,68.594941857,0.565444444444,1,0,COMP_0343,59.6762388981,COMP_0343,
GROUP_0167,2025-12,58.7583048633,watch,stable,-0.91793403481,0.829996143209,58.4334389721,49.0273983598,67.8394795844,0.727,1,0,COMP_0343,58.7583048633,COMP_0343,
GROUP_0167,2026-01,62.0828987239,healthy,stable,3.32459386058,2.31110342313,67.3424503282,57.9364097159,76.7484909405,0.727,1,0,COMP_0343,62.0828987239,COMP_0343,
GROUP_0167,2026-02,53.2160442029,watch,stable,-8.86685452104,-6.46019469527,52.7287065494,43.3226659371,62.1347471617,0.727,1,0,COMP_0343,53.2160442029,COMP_0343,
GROUP_0167,2026-03,44.1518572439,watch,stable,-9.06418695901,-14.6064476195,33.1695262619,23.7634856496,42.5755668742,0.727,1,0,COMP_0343,44.1518572439,COMP_0343,
GROUP_0167,2026-04,38.6116597429,stress,stable,-5.54019750097,-23.471238981,13.7806987898,4.3746581775,23.1867394021,0.727,1,0,COMP_0343,38.6116597429,COMP_0343,
GROUP_0167,2026-05,42.6478611519,watch,deteriorating,4.036201409,-10.568183051,17.8169001988,8.41085958649,27.2229408111,0.727,1,0,COMP_0343,42.6478611519,COMP_0343,
GROUP_0167,2026-06,42.2578024763,watch,deteriorating,-0.390058675565,-1.89405476754,22.0362043038,12.6301636915,31.4422449161,0.807777777778,1,0,COMP_0343,42.2578024763,COMP_0343,
GROUP_0167,2026-07,40.3325944832,watch,stable,-1.92520799315,1.72093474028,34.428664478,25.0226238657,43.8347050902,0.807777777778,1,0,COMP_0343,40.3325944832,COMP_0343,
GROUP_0167,2026-08,42.4036996526,watch,stable,2.07110516938,-0.244161499331,40.6205789094,31.2145382971,50.0266195217,0.807777777778,1,0,COMP_0343,42.4036996526,COMP_0343,
GROUP_0168,2025-09,45.1555106974,watch,warmup,,,45.1555106974,35.7494700851,54.5615513097,0.22,2,7.77361887535,COMP_0086,38.3708096421,COMP_1215,0.33673327665
GROUP_0168,2025-10,40.0196950222,watch,warmup,-5.13581567523,,40.0196950222,30.6136544099,49.4257356345,0.22,2,3.44454929131,COMP_0086,37.013342693,COMP_1215,0.368073398227
GROUP_0168,2025-11,41.3026664615,watch,warmup,1.28297143928,,31.4779136598,22.0718730475,40.8839542721,0.22,2,3.82147264685,COMP_0086,37.9673409309,COMP_1215,0.34284062558
GROUP_0168,2025-12,43.5160794915,watch,stable,2.21341303005,-1.6394312059,45.3941401366,35.9880995244,54.8001807489,0.22,2,4.21102498934,COMP_0086,39.8407583641,COMP_1215,0.332522987452
GROUP_0168,2026-01,41.5213320514,watch,stable,-1.99474744013,1.5016370292,40.4066141535,31.0005735412,49.8126547658,0.22,2,0.638153484636,COMP_1215,41.4401496107,COMP_0086,0.355075687729
GROUP_0168,2026-02,44.3389242073,watch,stable,2.81759215592,3.03625774584,46.4371782326,37.0311376203,55.8432188449,0.385,2,4.95742171136,COMP_0086,40.0121589187,COMP_1215,0.321207475404
GROUP_0168,2026-03,43.8265348864,watch,stable,-0.512389320928,0.310455394866,47.7095115478,38.3034709356,57.1155521601,0.385,2,5.6397514289,COMP_0086,38.9042421827,COMP_1215,0.322590139152
GROUP_0168,2026-04,40.3537239337,watch,stable,-3.47281095263,-1.16760811763,40.881498105,31.4754574927,50.2875387173,0.385,2,0.993669620538,COMP_0086,39.4864635971,COMP_1215,0.35373526253
GROUP_0168,2026-05,42.16600055,watch,stable,1.81227661621,-2.17292365734,40.18106675,30.7750261377,49.5871073623,0.385,2,10.2678415739,COMP_0086,33.2043783403,COMP_1215,0.351064201191
GROUP_0168,2026-06,41.3006968327,watch,stable,-0.865303717258,-2.52583805367,38.687511296,29.2814706837,48.0935519083,0.385,2,12.6902314066,COMP_0086,30.2248481453,COMP_1215,0.36627314882
GROUP_0168,2026-07,38.7423216565,stress,stable,-2.55837517616,-1.61140227721,34.4483969653,25.042356353,43.8544375776,0.385,2,7.22797471229,COMP_0086,32.43385086,COMP_1215,0.361891964076
GROUP_0168,2026-08,37.6048681414,stress,deteriorating,-1.13745351514,-4.56113240856,31.8038552142,22.3978146019,41.2098958264,0.495,2,5.48069681412,COMP_0086,32.8213959832,COMP_1215,0.367686626502
GROUP_0169,2025-07,51.7147508312,watch,warmup,,,51.7147508312,42.3087102189,61.1207914435,0.179207819202,4,22.1821181785,COMP_1220,41.5874234931,COMP_1221,0.480444091943
GROUP_0169,2025-08,54.2534955955,watch,warmup,2.53874476429,,54.2534955955,44.8474549832,63.6595362078,0.179508609881,5,22.9393893326,COMP_1220,44.1072494499,COMP_0541,0.459174041391
GROUP_0169,2025-09,54.1583319199,watch,warmup,-0.0951636756074,,60.389463696,50.9834230837,69.7955043083,0.179508609881,5,25.9190696366,COMP_1220,42.3933097465,COMP_0541,0.476893552261
GROUP_0169,2025-10,55.7684375562,watch,stable,1.6101056363,4.05368672498,62.3296371605,52.9235965482,71.7356777728,0.179508609881,5,23.3623006399,COMP_1220,45.6561096251,COMP_0541,0.445209881955
GROUP_0169,2025-11,56.137782722,watch,stable,0.36934516578,1.88428712647,61.481265325,52.0752247127,70.8873059373,0.179973893818,7,31.6911154881,COMP_1220,43.3163090124,COMP_1116,0.464988816426
GROUP_0169,2025-12,57.4842107764,watch,stable,1.34642805438,3.32587885646,63.1235764371,53.7175358248,72.5296170494,0.288000762385,7,23.5933738655,COMP_1220,46.1081159791,COMP_0541,0.441024839885
GROUP_0169,2026-01,55.3837274137,watch,stable,-2.10048336262,-0.384710142455,58.5870155287,49.1809749165,67.993056141,0.297216917288,7,29.9702188161,COMP_1220,42.5586520177,COMP_1116,0.479527079296
GROUP_0169,2026-02,54.7439586964,watch,stable,-0.639768717321,-1.39382402556,55.3412980085,45.9352573962,64.7473386208,0.297216917288,7,34.0812505675,COMP_1220,40.1379660517,COMP_1116,0.39944809257
GROUP_0169,2026-03,55.1416159146,watch,stable,0.397657218151,-2.34259486179,53.8715032351,44.4654626228,63.2775438474,0.297216917288,7,34.855136447,COMP_1220,40,COMP_1116,0.407274854068
GROUP_0169,2026-04,54.7339101917,watch,stable,-0.407705722828,-0.649817221998,52.8110691557,43.4050285435,62.217109768,0.314954314182,7,34.3198718267,COMP_1111,40,COMP_0541,0.386012979752
GROUP_0169,2026-05,52.6350820854,watch,stable,-2.09882810635,-2.10887661103,49.12844884,39.7224082277,58.5344894523,0.314954314182,7,34.27861596,COMP_1220,39.7845482782,COMP_0758,0.445056881816
GROUP_0169,2026-06,51.9553502985,watch,stable,-0.679731786865,-3.18626561605,48.458405641,39.0523650287,57.8644462533,0.38697222656,7,35.7380883937,COMP_1111,40,COMP_1116,0.485869232147
GROUP_0169,2026-07,53.170057265,watch,stable,1.21470696647,-1.56385292674,50.5115072895,41.1054666772,59.9175479018,0.393116329829,7,36.2105309339,COMP_1111,40,COMP_1116,0.45690807613
GROUP_0169,2026-08,52.1092843325,watch,stable,-1.06077293254,-0.525797752927,49.0163061187,39.6102655064,58.422346731,0.393116329829,7,37.3351606297,COMP_1220,40.8143349459,COMP_1116,0.475929755193
GROUP_0170,2025-04,32.463433454,stress,warmup,,,32.463433454,23.0573928417,41.8694740663,0.216156414966,6,52.454782752,COMP_0243,27.787117816,COMP_0103,0.428853765864
GROUP_0170,2025-05,32.6776895136,stress,warmup,0.214256059583,,32.6776895136,23.2716489013,42.0837301259,0.216156414966,6,50.6322661142,COMP_0243,27.6957674408,COMP_0103,0.424418653537
GROUP_0170,2025-06,35.3287668695,stress,warmup,2.65107735586,,42.6353670788,33.2293264665,52.0414076911,0.216065775749,7,47.1461961609,COMP_0243,30.7457710827,COMP_0103,0.399217630696
GROUP_0170,2025-07,33.8861900914,stress,stable,-1.44257677806,1.42275663738,36.6363714699,27.2303308576,46.0424120822,0.216047939171,8,54.8271240463,COMP_0243,29.333379778,COMP_1283,0.412336229674
GROUP_0170,2025-08,38.3880972838,stress,stable,4.50190719242,5.71040777023,45.81837058,36.4123299677,55.2244111923,0.214682999014,14,55.3670333658,COMP_0487,30.3843383127,COMP_1283,0.390862644272
GROUP_0170,2025-09,34.0656908174,stress,stable,-4.32240646642,-1.26307605205,36.484377101,27.0783364887,45.8904177132,0.363584834323,15,56.8091986548,COMP_0243,27.1885481951,COMP_1283,0.439550055744
GROUP_0170,2025-10,36.0719726283,stress,stable,2.00628181092,2.18578253692,39.1536491017,29.7476084894,48.559689714,0.353116067818,16,55.6402895972,COMP_0243,27.7805720119,COMP_0213,0.41089502772
GROUP_0170,2025-11,33.0363590219,stress,stable,-3.03561360643,-5.35173826193,30.8891297334,21.4830891211,40.2951703457,0.353446271266,16,57.4661328996,COMP_0243,25.6482075149,COMP_1283,0.434345808326
GROUP_0170,2025-12,36.0541975718,stress,stable,3.01783854986,1.98850675435,36.0088711775,26.6028305652,45.4149117898,0.353592415862,16,52.512500843,COMP_0243,30.35769112,COMP_1283,0.430568061559
GROUP_0170,2026-01,35.6687701102,stress,stable,-0.385427461527,-0.403202518097,33.7030900564,24.2970494442,43.1091306687,0.364642495294,16,52.383392833,COMP_0487,29.3912721961,COMP_1283,0.438980107018
GROUP_0170,2026-02,35.0281363082,stress,stable,-0.640633802016,1.99177728631,34.982809914,25.5767693017,44.3888505262,0.364642495294,16,53.8359138316,COMP_0487,28.5503082465,COMP_0103,0.453175688471
GROUP_0170,2026-03,32.3778613384,stress,stable,-2.65027496977,-3.67633623331,30.4121812847,21.0061406724,39.8182218969,0.46442147803,16,60.5927915348,COMP_0243,25.1735441904,COMP_1283,0.453746148641
GROUP_0170,2026-04,34.6580872903,stress,stable,2.28022595183,-1.01068281995,32.9399264963,23.5338858841,42.3459671086,0.46442147803,16,56.2978186144,COMP_0243,27.8286574612,COMP_1283,0.43731295238
GROUP_0170,2026-05,35.1909744802,stress,stable,0.532887189926,0.162838171988,33.4728136863,24.066773074,42.8788542986,0.464641613662,16,55.3068776752,COMP_0243,28.692440545,COMP_1283,0.419567231567
GROUP_0170,2026-06,37.6446199182,stress,stable,2.45364543797,5.26675857973,39.6599867223,30.25394611,49.0660273346,0.464739043393,16,53.1679933301,COMP_0243,31.960529525,COMP_0103,0.444895431859
GROUP_0170,2026-07,35.6474898908,stress,stable,-1.99713002733,0.989402600566,38.3652145595,28.9591739472,47.7712551717,0.472105763014,16,52.0378977728,COMP_0781,28.8064069918,COMP_1283,0.45149409186
GROUP_0170,2026-08,28.7748745421,stress,stable,-6.87261534873,-6.41609993809,30.4568589631,21.0508183508,39.8628995754,0.472105763014,16,59.6393835737,COMP_0243,19.6691102948,COMP_1283,0.488739717752
GROUP_0171,2025-11,55.0189918369,watch,warmup,,,55.0189918369,45.6129512246,64.4250324492,0.391111111111,1,0,COMP_1195,55.0189918369,COMP_1195,
GROUP_0171,2025-12,56.4963546129,watch,warmup,1.47736277599,,56.4963546129,47.0903140006,65.9023952252,0.391111111111,1,0,COMP_1195,56.4963546129,COMP_1195,
GROUP_0171,2026-01,57.1350211649,watch,warmup,0.638666552063,,62.5308959515,53.1248553392,71.9369365637,0.391111111111,1,0,COMP_1195,57.1350211649,COMP_1195,
GROUP_0171,2026-02,56.9149884692,watch,stable,-0.220032695697,1.89599663236,60.1551853145,50.7491447022,69.5612259268,0.391111111111,1,0,COMP_1195,56.9149884692,COMP_1195,
GROUP_0171,2026-03,60.8833413048,healthy,stable,3.96835283562,4.38698669198,67.3102173863,57.904176774,76.7162579986,0.391111111111,1,0,COMP_1195,60.8833413048,COMP_1195,
GROUP_0171,2026-04,59.9623865017,watch,stable,-0.920954803131,2.82736533679,65.0046490599,55.5986084476,74.4106896721,0.684444444444,1,0,COMP_1195,59.9623865017,COMP_1195,
GROUP_0171,2026-05,56.5464383307,watch,stable,-3.41594817106,-0.368550138572,57.6139546644,48.2079140521,67.0199952767,0.684444444444,1,0,COMP_1195,56.5464383307,COMP_1195,
GROUP_0171,2026-06,58.2076161629,watch,stable,1.66117783228,-2.67572514191,57.5810809274,48.1750403151,66.9871215397,0.684444444444,1,0,COMP_1195,58.2076161629,COMP_1195,
GROUP_0171,2026-07,55.507055443,watch,stable,-2.70056071998,-4.45533105876,51.0323910791,41.6263504668,60.4384316914,0.684444444444,1,0,COMP_1195,55.507055443,COMP_1195,
GROUP_0171,2026-08,56.746002386,watch,stable,1.23894694305,0.199564055352,52.2713380221,42.8652974098,61.6773786344,0.684444444444,1,0,COMP_1195,56.746002386,COMP_1195,
GROUP_0172,2025-03,60.7469006248,healthy,warmup,,,60.7469006248,51.3408600125,70.1529412371,0.260757855577,19,38.8364870906,COMP_0034,40.9019718628,COMP_1271,0.492191156257
GROUP_0172,2025-04,62.6685623448,healthy,warmup,1.92166171996,,62.6685623448,53.2625217325,72.0746029571,0.260757855577,19,40.3726949637,COMP_0910,40.6836033579,COMP_1271,0.509815162587
GROUP_0172,2025-05,61.6718326794,healthy,warmup,-0.996729665377,,64.0304094186,54.6243688063,73.4364500309,0.260757855577,19,40.5355246852,COMP_0910,42.1103784269,COMP_0894,0.498577115414
GROUP_0172,2025-06,63.0126536143,healthy,stable,1.34082093485,2.26575298944,66.1178320249,56.7117914126,75.5238726372,0.260757855577,19,38.2739787228,COMP_0910,44.2584833367,COMP_1271,0.489363143299
GROUP_0172,2025-07,61.2346665709,healthy,stable,-1.77798704333,-1.43389577385,61.9843337302,52.5782931179,71.3903743425,0.260015716648,20,34.8722811435,COMP_0034,44.8156699745,COMP_0894,0.472731407278
GROUP_0172,2025-08,62.9576965928,healthy,stable,1.72303002189,1.28586391342,63.83512933,54.4290887177,73.2411699423,0.453195299257,20,44.9936975753,COMP_0894,40,COMP_1271,0.485171390245
GROUP_0172,2025-09,62.7779596301,healthy,stable,-0.1797369627,-0.234693984139,62.8895448612,53.4835042489,72.2955854735,0.453195299257,20,43.476819836,COMP_0894,40,COMP_1271,0.480230076802
GROUP_0172,2025-10,63.0690313913,healthy,stable,0.291071761178,1.83436482037,64.4793432535,55.0733026412,73.8853838658,0.45075830844,21,45.4615361951,COMP_0894,40,COMP_0632,0.481820550195
GROUP_0172,2025-11,62.6111529476,healthy,stable,-0.457878443705,-0.346543645227,62.4710125429,53.0649719306,71.8770531552,0.45075830844,21,49.7252082006,COMP_0088,37.2801869045,COMP_1271,0.490708217096
GROUP_0172,2025-12,64.1180288789,healthy,stable,1.50687593126,1.34006924873,65.8730490091,56.4670083968,75.2790896214,0.452573418575,21,54.7525518354,COMP_0088,35.7449728814,COMP_1271,0.493984517165
GROUP_0172,2026-01,64.2428512603,healthy,stable,0.124822381434,1.17381986899,65.722274925,56.3162343127,75.1283155373,0.452573418575,21,51.984678212,COMP_0034,38.0078710949,COMP_1271,0.489979790801
GROUP_0172,2026-02,63.2381839215,healthy,stable,-1.00466733876,0.627030973932,64.3041365772,54.8980959649,73.7101771895,0.580158210908,21,51.1116920151,COMP_0034,36.1545882478,COMP_1271,0.50456925974
GROUP_0172,2026-03,64.6190033403,healthy,stable,1.38081941882,0.500974461489,65.684955996,56.2789153837,75.0909966083,0.58150175223,21,55.3570846734,COMP_0088,37.2463095143,COMP_1271,0.522736818323
GROUP_0172,2026-04,67.0656321843,healthy,stable,2.44662884399,2.82278092404,70.8238263988,61.4177857865,80.2298670111,0.58150175223,21,61.6672031631,COMP_0088,33.9827345649,COMP_1271,0.499368030692
GROUP_0172,2026-05,66.2754292921,healthy,stable,-0.790202892277,3.03724537053,68.8669662826,59.4609256703,78.2730068948,0.58150175223,21,61.8443707346,COMP_0088,34.3892899643,COMP_1271,0.48320980725
GROUP_0172,2026-06,68.2316575099,healthy,stable,1.95622821787,3.61265416958,73.0303850808,63.6243444685,82.4364256931,0.582711825653,21,60.2523297698,COMP_0088,36.2731924146,COMP_1271,0.4760092618
GROUP_0172,2026-07,68.2285731654,healthy,stable,-0.00308434456963,1.16294098102,73.318770194,63.9127295818,82.7248108063,0.582711825653,21,62.0176296096,COMP_0034,34.6538233175,COMP_1271,0.518503243681
GROUP_0172,2026-08,68.5355569283,healthy,stable,0.306983762929,2.26012763623,72.3777739099,62.9717332976,81.7838145221,0.646504221819,21,60.5482347881,COMP_0034,36.5576676284,COMP_1271,0.495304858893
GROUP_0173,2026-01,63.6040747537,healthy,warmup,,,63.6040747537,54.1980341414,73.010115366,0.2432,1,0,COMP_0014,63.6040747537,COMP_0014,0.10410124541
GROUP_0173,2026-02,54.2956713424,watch,warmup,-9.30840341128,,54.2956713424,44.8896307301,63.7017119547,0.240190100467,3,11.4255351791,COMP_0943,48.8052456484,COMP_0014,0.34456610788
GROUP_0173,2026-03,55.1328300428,watch,warmup,0.837158700426,,33.5311560301,24.1251154179,42.9371966424,0.240190100467,3,12.2761543826,COMP_0943,49.2770799503,COMP_0014,0.360601069061
GROUP_0173,2026-04,54.7373110967,watch,stable,-0.395518946129,-8.86676365698,46.1919886756,36.7859480633,55.5980292879,0.240190100467,3,13.6713646395,COMP_0943,48.2361948272,COMP_0014,0.366918157294
GROUP_0173,2026-05,52.1749188702,watch,stable,-2.56239222645,-2.12075247216,41.8694819477,32.4634413354,51.27552256,0.240190100467,3,19.7725464514,COMP_0943,42.7614802063,COMP_0014,0.381347058675
GROUP_0173,2026-06,50.3648443337,watch,stable,-1.81007453658,-4.76798570916,41.1334641971,31.7274235848,50.5395048094,0.326142681133,3,21.6083496547,COMP_0943,40,COMP_0014,0.351281416431
GROUP_0173,2026-07,49.3849082213,watch,deteriorating,-0.979936112313,-5.35240287534,42.2703810667,32.8643404544,51.676421679,0.420332675818,3,19.5430384504,COMP_0943,40,COMP_0014,0.355260619507
GROUP_0173,2026-08,50.1612204144,watch,deteriorating,0.776312193096,-2.01369845579,43.0466932598,33.6406526475,52.4527338721,0.420332675818,3,21.1457935247,COMP_0943,40,COMP_0014,0.342807150328
GROUP_0174,2026-01,55.9408368566,watch,warmup,,,55.9408368566,46.5347962443,65.3468774688,0.278014479794,3,17.402174564,COMP_0608,52.5200936277,COMP_0053,0.483989819322
GROUP_0174,2026-02,55.2799574328,watch,warmup,-0.660879423761,,55.2799574328,45.8739168205,64.6859980451,0.278014479794,3,19.004395207,COMP_0608,52.4754962644,COMP_0053,0.498905979516
GROUP_0174,2026-03,58.5651784696,watch,warmup,3.28522103677,,65.2572495827,55.8512089704,74.663290195,0.278014479794,3,17.7580406391,COMP_0608,52.3266414639,COMP_0053,0.444755170492
GROUP_0174,2026-04,57.85697052,watch,stable,-0.708207949595,1.91613366341,62.77137582,53.3653352077,72.1774164323,0.278014479794,3,22.4077427243,COMP_0608,51.4313530766,COMP_0053,0.465721106576
GROUP_0174,2026-05,58.6939973311,watch,stable,0.837026811147,3.41403989832,62.5835555021,53.1775148898,71.9895961144,0.278014479794,3,23.777283174,COMP_0608,49.7497921083,COMP_0053,0.439102458142
GROUP_0174,2026-06,57.2638373708,watch,stable,-1.43015996032,-1.30134109877,59.7932842917,50.3872436795,69.199324904,0.48652533964,3,23.5434638714,COMP_0608,48.0862024781,COMP_0053,0.451581441365
GROUP_0174,2026-07,58.3036601891,watch,stable,1.03982281827,0.446689669098,59.0630326265,49.6569920142,68.4690732388,0.48652533964,3,17.8883456047,COMP_0608,51.9406416512,COMP_0053,0.457270083461
GROUP_0174,2026-08,55.077704625,watch,stable,-3.22595556407,-3.61629270612,52.8654247571,43.4593841448,62.2714653694,0.48652533964,3,14.984260035,COMP_0608,53.5868949908,COMP_0053,0.527306038801
GROUP_0175,2025-08,63.8343161156,healthy,warmup,,,63.8343161156,54.4282755034,73.2403567279,0.303911790907,2,19.263693907,COMP_0205,46.4822593022,COMP_0311,0.369004188978
GROUP_0175,2025-09,63.2315506664,healthy,warmup,-0.602765449203,,63.2315506664,53.8255100541,72.6375912787,0.295146903849,3,18.6315090576,COMP_0205,47.0501581241,COMP_0311,0.372854308043
GROUP_0175,2025-10,64.902821938,healthy,warmup,1.67127127161,,67.6275117852,58.2214711729,77.0335523975,0.295146903849,3,22.5421082883,COMP_0205,45.4088233737,COMP_0311,0.355609527941
GROUP_0175,2025-11,64.671407999,healthy,stable,-0.231413939026,0.837091883376,66.7452810234,57.3392404112,76.1513216357,0.295146903849,3,22.4014775267,COMP_0205,45.0360984466,COMP_0311,0.356563487161
GROUP_0175,2025-12,50.3625268547,watch,stable,-14.3088811443,-12.8690238117,48.2353694147,38.8293288024,57.641410027,0.220870826416,6,24.1512680989,COMP_0660,42.582756229,COMP_0311,0.361778001681
GROUP_0175,2026-01,49.6744210117,watch,stable,-0.688105842963,-15.2284009263,35.2313280057,25.8252873934,44.637368618,0.259594141301,6,22.8622042557,COMP_0660,42.0495331519,COMP_0311,0.384317957815
GROUP_0175,2026-02,50.7462560009,watch,stable,1.07183498921,-13.9251519981,33.4609156912,24.0548750789,42.8669563035,0.261419420096,6,20.9014039323,COMP_0660,44.2932070017,COMP_0311,0.382958468604
GROUP_0175,2026-03,48.3809687955,watch,stable,-2.36528720539,-1.98155805914,31.5286785902,22.1226379779,40.9347192025,0.261419420096,6,22.4057432495,COMP_0660,40.0615634755,COMP_0311,0.413465369514
GROUP_0175,2026-04,49.7188096861,watch,stable,1.33784089055,0.0443886743669,46.3501609855,36.9441203733,55.7562015978,0.261419420096,6,23.5495404976,COMP_0660,41.6971707888,COMP_0311,0.387379456423
GROUP_0175,2026-05,51.2284378995,watch,stable,1.50962821341,0.482181898566,52.0481471271,42.6421065148,61.4541877394,0.386523946228,6,25.5332465992,COMP_0660,42.8767520281,COMP_0311,0.354630194926
GROUP_0175,2026-06,50.0660442714,watch,stable,-1.16239362814,1.68507547582,50.8857534989,41.4797128866,60.2917941112,0.386523946228,6,30.1155510701,COMP_0660,40.0205662684,COMP_0311,0.331683073901
GROUP_0175,2026-07,48.8882909703,watch,stable,-1.17775330106,-0.830518715786,48.0210210151,38.6149804028,57.4270616274,0.412339489484,6,29.3001538492,COMP_0660,38.5811967132,COMP_0311,0.340553565255
GROUP_0175,2026-08,48.7293556375,watch,stable,-0.158935332845,-2.49908226204,47.91878544,38.5127448277,57.3248260522,0.413556342015,6,24.2325736904,COMP_0660,39.781474818,COMP_0311,0.384687034964
GROUP_0176,2024-09,66.0805134196,healthy,warmup,,,66.0805134196,56.6744728073,75.4865540319,0.203111111111,1,0,COMP_0681,66.0805134196,COMP_0681,
GROUP_0176,2024-10,71.7287702799,healthy,warmup,5.64825686031,,71.7287702799,62.3227296676,81.1348108922,0.203111111111,1,0,COMP_0681,71.7287702799,COMP_0681,
GROUP_0176,2024-11,67.4900327438,healthy,warmup,-4.23873753612,,71.0843070204,61.6782664082,80.4903476327,0.203111111111,1,0,COMP_0681,67.4900327438,COMP_0681,
GROUP_0176,2024-12,69.480549789,healthy,stable,1.99051704523,3.40003636942,74.1677178413,64.7616772291,83.5737584536,0.203111111111,1,0,COMP_0681,69.480549789,COMP_0681,
GROUP_0176,2025-01,69.8608873543,healthy,stable,0.380337565267,-1.86788292562,74.068012876,64.6619722637,83.4740534883,0.203111111111,1,0,COMP_0681,69.8608873543,COMP_0681,
GROUP_0176,2025-02,67.6790654704,healthy,stable,-2.18182188384,0.189032726664,69.3095885623,59.90354795,78.7156291746,0.355444444444,1,0,COMP_0681,67.6790654704,COMP_0681,
GROUP_0176,2025-03,69.0306440356,healthy,stable,1.35157856516,-0.449905753413,66.913523573,57.5074829607,76.3195641852,0.355444444444,1,0,COMP_0681,69.0306440356,COMP_0681,
GROUP_0176,2025-04,67.6057509443,healthy,stable,-1.42489309128,-2.25513640996,67.4187989027,58.0127582904,76.824839515,0.355444444444,1,0,COMP_0681,67.6057509443,COMP_0681,
GROUP_0176,2025-05,62.1223256717,healthy,stable,-5.48342527259,-5.55673979871,57.5285406594,48.1225000471,66.9345812716,0.355444444444,1,0,COMP_0681,62.1223256717,COMP_0681,
GROUP_0176,2025-06,65.9672796802,healthy,deteriorating,3.84495400851,-3.06336435536,61.7891779568,52.3831373445,71.1952185691,0.355444444444,1,0,COMP_0681,65.9672796802,COMP_0681,
GROUP_0176,2025-07,64.6279157991,healthy,deteriorating,-1.33936388113,-2.9778351452,59.5655960522,50.15955544,68.9716366645,0.355444444444,1,0,COMP_0681,64.6279157991,COMP_0681,
GROUP_0176,2025-08,64.699541995,healthy,stable,0.0716261959233,2.57721632331,60.2818179136,50.8757773014,69.6878585259,0.457,1,0,COMP_0681,64.699541995,COMP_0681,
GROUP_0176,2025-09,63.7021979923,healthy,stable,-0.997344002692,-2.2650816879,59.996781582,50.5907409697,69.4028221943,0.457,1,0,COMP_0681,63.7021979923,COMP_0681,
GROUP_0176,2025-10,67.7912076482,healthy,stable,4.08900965591,3.16329184914,70.1167158074,60.7106751952,79.5227564197,0.457,1,0,COMP_0681,67.7912076482,COMP_0681,
GROUP_0176,2025-11,65.5516535892,healthy,stable,-2.23955405903,0.852111594184,65.9169471884,56.5109065761,75.3229878007,0.457,1,0,COMP_0681,65.5516535892,COMP_0681,
GROUP_0176,2025-12,68.4004353282,healthy,stable,2.84878173899,4.69823733586,72.2484052479,62.8423646356,81.6544458602,0.457,1,0,COMP_0681,68.4004353282,COMP_0681,
GROUP_0176,2026-01,68.8889050007,healthy,stable,0.488469672503,1.09769735246,73.6050167727,64.1989761604,83.011057385,0.457,1,0,COMP_0681,68.8889050007,COMP_0681,
GROUP_0176,2026-02,68.127369269,healthy,stable,-0.761535731643,2.57571567985,72.5060859248,63.1000453125,81.9121265371,0.507777777778,1,0,COMP_0681,68.127369269,COMP_0681,
GROUP_0176,2026-03,65.9199812044,healthy,stable,-2.20738806467,-2.48045412381,66.3485872709,56.9425466586,75.7546278832,0.507777777778,1,0,COMP_0681,65.9199812044,COMP_0681,
GROUP_0176,2026-04,68.4812784519,healthy,stable,2.56129724748,-0.407626548833,68.9508961612,59.5448555489,78.3569367735,0.507777777778,1,0,COMP_0681,68.4812784519,COMP_0681,
GROUP_0176,2026-05,68.0893667127,healthy,stable,-0.3919117392,-0.0380025563895,67.3964015796,57.9903609674,76.8024421919,0.507777777778,1,0,COMP_0681,68.0893667127,COMP_0681,
GROUP_0176,2026-06,69.7155387951,healthy,stable,1.62617208245,3.79555759074,70.5587052654,61.1526646531,79.9647458777,0.507777777778,1,0,COMP_0681,69.7155387951,COMP_0681,
GROUP_0176,2026-07,68.7638524288,healthy,stable,-0.951686366282,0.282573976972,70.4837910051,61.0777503928,79.8898316174,0.507777777778,1,0,COMP_0681,68.7638524288,COMP_0681,
GROUP_0176,2026-08,69.0623875143,healthy,stable,0.298535085449,0.97302080162,70.7823260905,61.3762854782,80.1883667028,0.507777777778,1,0,COMP_0681,69.0623875143,COMP_0681,
GROUP_0177,2025-06,53.3331831078,watch,warmup,,,53.3331831078,43.9271424955,62.7392237201,0.28,1,0,COMP_0806,53.3331831078,COMP_0806,0.405234247343
GROUP_0177,2025-07,55.6347004991,watch,warmup,2.30151739131,,55.6347004991,46.2286598868,65.0407411114,0.279772396766,2,19.375542239,COMP_0806,55.5891851038,COMP_0715,0.383793266324
GROUP_0177,2025-08,56.5726041143,watch,warmup,0.93790361518,,64.8331276809,55.4270870686,74.2391682931,0.279772396766,2,19.9490701549,COMP_0806,56.5257414354,COMP_0715,0.388689148387
GROUP_0177,2025-09,56.4327349015,watch,stable,-0.139869212795,3.0995517937,61.4590081449,52.0529675326,70.8650487571,0.279772396766,2,15.8928447603,COMP_0806,56.3954007664,COMP_0715,0.396953725347
GROUP_0177,2025-10,54.744337175,watch,stable,-1.68839772646,-0.890363324076,56.661441756,47.2554011437,66.0674823682,0.279772396766,2,13.067662213,COMP_0806,54.7136397213,COMP_0715,0.398346264338
GROUP_0177,2025-11,50.3863458455,watch,stable,-4.35799132956,-6.18625826881,48.8727281946,39.4666875823,58.2787688068,0.489279082416,2,21.2410107893,COMP_0806,50.3364482482,COMP_0715,0.433320857144
GROUP_0177,2025-12,51.5311164334,watch,stable,1.14477058793,-4.90161846809,45.1032196403,35.697179028,54.5092602526,0.48960169434,2,27.1674111716,COMP_0806,51.4672970345,COMP_0715,0.411362339806
GROUP_0177,2026-01,55.3209086706,watch,stable,3.78979223721,0.576571495583,50.6588279755,41.2527873632,60.0648685878,0.48960169434,2,17.0892877023,COMP_0806,55.2807639523,COMP_0715,0.383507997957
GROUP_0177,2026-02,52.4398522261,watch,stable,-2.88105644454,2.0535063806,49.5016339162,40.0955933039,58.9076745285,0.48960169434,2,9.48969511293,COMP_0806,52.4175598319,COMP_0715,0.415154126924
GROUP_0177,2026-03,50.2421129054,watch,stable,-2.19773932073,-1.28900352806,48.0508069077,38.6447662954,57.4568475199,0.48960169434,2,8.99881940078,COMP_0806,50.2209736352,COMP_0715,0.428630816876
GROUP_0177,2026-04,54.9379051333,watch,stable,4.69579222797,-0.383003537304,58.4288659803,49.0228253681,67.8349065926,0.48960169434,2,3.93385317228,COMP_0806,54.9286640561,COMP_0715,0.385733577819
GROUP_0177,2026-05,56.5194186159,watch,stable,1.58151348257,4.07956638981,60.8630742083,51.457033596,70.2691148206,0.629272818107,2,1.89250364813,COMP_0806,56.5149729054,COMP_0715,0.376436133428
GROUP_0177,2026-06,54.8711082972,watch,stable,-1.64831031865,4.62899539189,56.3992084775,46.9931678652,65.8052490898,0.629487892723,2,4.64254889969,COMP_0806,54.8602024116,COMP_0715,0.395601874729
GROUP_0177,2026-07,57.149014249,watch,stable,2.27790595174,2.21110911566,63.5190491624,54.1130085502,72.9250897747,0.629487892723,2,3.12254366084,COMP_0806,57.1416790319,COMP_0715,0.368366612275
GROUP_0177,2026-08,50.7565978171,watch,stable,-6.39241643185,-5.76282079876,52.3620666815,42.9560260692,61.7681072938,0.629487892723,2,8.7392621333,COMP_0806,50.7360682771,COMP_0715,0.420641943442
GROUP_0178,2026-01,52.9696610001,watch,warmup,,,52.9696610001,43.5636203878,62.3757016124,0.203073900385,2,21.7199091498,COMP_0716,43.8098510332,COMP_0040,0.332803750725
GROUP_0178,2026-02,48.3816880971,watch,warmup,-4.58797290305,,48.3816880971,38.9756474848,57.7877287094,0.203073900385,2,22.0463892662,COMP_0716,39.0841935845,COMP_0040,0.361755167422
GROUP_0178,2026-03,47.0688099015,watch,warmup,-1.31287819554,,32.0216396001,22.6155989878,41.4276802124,0.203073900385,2,20.8431099106,COMP_0716,38.2787673381,COMP_0040,0.356308539839
GROUP_0178,2026-04,48.5715209264,watch,stable,1.50271102482,-4.39814007378,41.485262465,32.0792218527,50.8913030773,0.203073900385,2,19.5983688008,COMP_0716,40.3064157347,COMP_0040,0.340354620766
GROUP_0178,2026-05,51.5608151506,watch,stable,2.98929422421,3.17912705348,50.9047127788,41.4986721665,60.3107533911,0.203073900385,2,20.160399661,COMP_0716,43.0586879788,COMP_0040,0.318479018576
GROUP_0178,2026-06,50.6603402905,watch,stable,-0.90047486002,3.59153038901,51.1444140052,41.7383733929,60.5504546175,0.355379325673,2,25.2290785612,COMP_0716,40.020628878,COMP_0040,0.342174118313
GROUP_0178,2026-07,46.657832195,watch,stable,-4.00250809558,-1.91368873139,47.1419059096,37.7358652973,56.5479465219,0.355379325673,2,15.9734235666,COMP_0716,39.921453908,COMP_0040,0.345162333405
GROUP_0178,2026-08,44.8343027147,watch,stable,-1.82352948028,-6.72651243588,41.5810318713,32.174991259,50.9870724836,0.355379325673,2,6.75542427909,COMP_0716,41.9853772328,COMP_0040,0.327789325907
GROUP_0179,2024-09,37.6842267128,stress,warmup,,,37.6842267128,28.2781861005,47.0902673251,0.183111111111,1,0,COMP_0108,37.6842267128,COMP_0108,
GROUP_0179,2024-10,39.3127425185,stress,warmup,1.62851580573,,39.3127425185,29.9067019062,48.7187831308,0.183111111111,1,0,COMP_0108,39.3127425185,COMP_0108,
GROUP_0179,2024-11,39.5401439532,stress,warmup,0.227401434678,,44.2727329163,34.866692304,53.6787735285,0.183111111111,1,0,COMP_0108,39.5401439532,COMP_0108,
GROUP_0179,2024-12,39.1049613624,stress,stable,-0.435182590834,1.42073464958,40.8924594729,31.4864188607,50.2985000852,0.183111111111,1,0,COMP_0108,39.1049613624,COMP_0108,
GROUP_0179,2025-01,38.6706020875,stress,stable,-0.434359274853,-0.642140431008,38.9855547719,29.5795141596,48.3915953841,0.183111111111,1,0,COMP_0108,38.6706020875,COMP_0108,
GROUP_0179,2025-02,42.0711523814,watch,stable,3.40055029388,2.53100842819,44.4864012857,35.0803606734,53.892441898,0.320444444444,1,0,COMP_0108,42.0711523814,COMP_0108,
GROUP_0179,2025-03,42.3103055378,watch,stable,0.239153156416,3.20534417544,45.3678198175,35.9617792052,54.7738604298,0.320444444444,1,0,COMP_0108,42.3103055378,COMP_0108,
GROUP_0179,2025-04,43.5764948987,watch,stable,1.26618936089,4.90589281119,47.8792092266,38.4731686143,57.2852498389,0.320444444444,1,0,COMP_0108,43.5764948987,COMP_0108,
GROUP_0179,2025-05,45.3986878431,watch,stable,1.82219294437,3.32753546168,51.8562535836,42.4502129713,61.2622941959,0.320444444444,1,0,COMP_0108,45.3986878431,COMP_0108,
GROUP_0179,2025-06,48.1482090633,watch,improving,2.74952122022,5.83790352548,56.7265184016,47.3204777893,66.1325590139,0.320444444444,1,0,COMP_0108,48.1482090633,COMP_0108,
GROUP_0179,2025-07,47.9095675941,watch,improving,-0.238641469182,4.33307269541,55.0486267159,45.6425861036,64.4546673282,0.320444444444,1,0,COMP_0108,47.9095675941,COMP_0108,
GROUP_0179,2025-08,50.1989401282,watch,improving,2.28937253404,4.80025228508,58.2453474103,48.839306798,67.6513880226,0.412,1,0,COMP_0108,50.1989401282,COMP_0108,
GROUP_0179,2025-09,59.7658311438,watch,improving,9.56689101562,11.6176220805,71.4237022635,62.0176616512,80.8297428758,0.21312264146,4,36.3034167353,COMP_0918,46.8431481076,COMP_0199,
GROUP_0179,2025-10,60.2504220149,healthy,improving,0.484590871117,12.3408544208,75.3991908702,65.9931502579,84.8052314824,0.205684905016,5,34.095698415,COMP_0918,46.6539860065,COMP_0199,
GROUP_0179,2025-11,59.6621660672,watch,improving,-0.588255947695,9.46322593904,74.6467291204,65.2406885081,84.0527697327,0.205684905016,5,38.1170477103,COMP_0918,47.1461715761,COMP_0199,
GROUP_0179,2025-12,48.5238517069,watch,improving,-11.1383143603,-11.2419794369,50.9952651496,41.5892245373,60.4013057618,0.191511091636,6,37.27965306,COMP_0252,48.1762758035,COMP_0199,
GROUP_0179,2026-01,46.605573432,watch,stable,-1.91827827486,-13.6448485829,42.9403394019,33.5342987896,52.3463800142,0.191501032543,7,42.5659072728,COMP_0252,45.3201604915,COMP_0199,
GROUP_0179,2026-02,47.5575191755,watch,stable,0.951945743479,-12.1046468917,31.3740680552,21.968027443,40.7801086675,0.194604993325,7,45.0757453336,COMP_0252,46.5148178255,COMP_0199,
GROUP_0179,2026-03,48.9985815572,watch,stable,1.4410623817,0.474729850317,37.5217042903,28.115663678,46.9277449026,0.195515604735,7,44.729307651,COMP_0252,47.8562750462,COMP_0199,
GROUP_0179,2026-04,47.7949698407,watch,stable,-1.2036117165,1.18939640867,45.3308218857,35.9247812734,54.736862498,0.195515604735,7,44.2543226503,COMP_0252,46.6507965627,COMP_0199,
GROUP_0179,2026-05,46.9420673626,watch,stable,-0.852902478089,-0.615451812897,46.0127429832,36.6067023709,55.4187835955,0.331409375143,7,48.5058088529,COMP_0252,45.6059350591,COMP_0199,
GROUP_0179,2026-06,48.9348690188,watch,stable,1.99280165617,-0.0637125384257,50.6909900689,41.2849494566,60.0970306812,0.335014058908,7,46.1649433822,COMP_0252,47.6738157951,COMP_0199,
GROUP_0179,2026-07,45.7097313987,watch,stable,-3.22513762004,-2.08523844196,43.8249878664,34.4189472541,53.2310284787,0.335014058908,7,51.5625078167,COMP_0252,43.9915805098,COMP_0199,
GROUP_0179,2026-08,44.3489007726,watch,stable,-1.36083062608,-2.59316658995,39.9551627109,30.5491220986,49.3612033232,0.337070293859,7,53.1755343865,COMP_0252,42.336276262,COMP_0199,
GROUP_0180,2025-01,28.9888203642,stress,warmup,,,28.9888203642,19.5827797519,38.3948609765,0.391111111111,1,0,COMP_0049,28.9888203642,COMP_0049,
GROUP_0180,2025-02,28.6824395102,stress,warmup,-0.306380854029,,28.6824395102,19.2763988979,38.0884801224,0.391111111111,1,0,COMP_0049,28.6824395102,COMP_0049,
GROUP_0180,2025-03,33.407192707,stress,warmup,4.72475319681,,44.6740421811,35.2680015688,54.0800827933,0.391111111111,1,0,COMP_0049,33.407192707,COMP_0049,
GROUP_0180,2025-04,35.2441208549,stress,stable,1.83692814792,6.2553004907,46.194551009,36.7885103967,55.6005916213,0.391111111111,1,0,COMP_0049,35.2441208549,COMP_0049,
GROUP_0180,2025-05,37.6656366088,stress,stable,2.42151575393,8.98319709866,48.8305317018,39.4244910895,58.2365723141,0.391111111111,1,0,COMP_0049,37.6656366088,COMP_0049,
GROUP_0180,2025-06,34.6421371864,stress,stable,-3.02349942238,1.23494447948,45.2761480206,35.8701074083,54.6821886329,0.684444444444,1,0,COMP_0049,34.6421371864,COMP_0049,
GROUP_0180,2025-07,35.8899275355,stress,stable,1.24779034908,0.645806680634,43.2415653214,33.8355247091,52.6476059337,0.684444444444,1,0,COMP_0049,35.8899275355,COMP_0049,
GROUP_0180,2025-08,38.4439504812,stress,stable,2.55402294566,0.778313872363,42.5237332547,33.1176926424,51.929773867,0.684444444444,1,0,COMP_0049,38.4439504812,COMP_0049,
GROUP_0180,2025-09,39.1915281703,stress,stable,0.747577689072,4.54939098381,43.2178836319,33.8118430196,52.6239242442,0.684444444444,1,0,COMP_0049,39.1915281703,COMP_0049,
GROUP_0180,2025-10,39.9753909788,stress,stable,0.783862808568,4.0854634433,43.9730913025,34.5670506902,53.3791319148,0.684444444444,1,0,COMP_0049,39.9753909788,COMP_0049,
GROUP_0180,2025-11,40,watch,stable,0.0246090211743,1.55604951881,45.4650200698,36.0589794575,54.8710606821,0.684444444444,1,0,COMP_0049,40,COMP_0049,
GROUP_0180,2025-12,44.0114554524,watch,stable,4.0114554524,4.81992728214,50.956743306,41.5507026937,60.3627839183,0.88,1,0,COMP_0049,44.0114554524,COMP_0049,
GROUP_0180,2026-01,43.7574545243,watch,improving,-0.254000928116,3.78206354546,49.1772286482,39.771188036,58.5832692605,0.88,1,0,COMP_0049,43.7574545243,COMP_0049,
GROUP_0180,2026-02,44.9131048532,watch,improving,1.15565032896,4.91310485324,50.8069215309,41.4008809186,60.2129621432,0.88,1,0,COMP_0049,44.9131048532,COMP_0049,
GROUP_0180,2026-03,45.8291459856,watch,improving,0.916041132353,1.81769053319,51.7999760925,42.3939354802,61.2060167048,0.88,1,0,COMP_0049,45.8291459856,COMP_0049,
GROUP_0180,2026-04,45.2922359194,watch,stable,-0.536910066219,1.53478139509,49.9640456944,40.5580050821,59.3700863067,0.88,1,0,COMP_0049,45.2922359194,COMP_0049,
GROUP_0180,2026-05,44.4189662965,watch,stable,-0.873269622848,-0.494138556714,45.3857505152,35.9797099029,54.7917911275,0.88,1,0,COMP_0049,44.4189662965,COMP_0049,
GROUP_0180,2026-06,45.9617832926,watch,stable,1.54281699609,0.132637307027,47.2988483028,37.8928076905,56.7048889151,0.977777777778,1,0,COMP_0049,45.9617832926,COMP_0049,
GROUP_0180,2026-07,48.5116961476,watch,stable,2.54991285496,3.21946022821,50.2190419494,40.8130013371,59.6250825616,0.977777777778,1,0,COMP_0049,48.5116961476,COMP_0049,
GROUP_0180,2026-08,45.6638832928,watch,stable,-2.84781285482,1.24491699624,46.1377336938,36.7316930816,55.5437743061,0.977777777778,1,0,COMP_0049,45.6638832928,COMP_0049,
GROUP_0181,2025-01,66.7137628813,healthy,warmup,,,66.7137628813,57.307722269,76.1198034936,0.211111111111,1,0,COMP_1147,66.7137628813,COMP_1147,
GROUP_0181,2025-02,64.7437855674,healthy,warmup,-1.96997731392,,64.7437855674,55.3377449551,74.1498261797,0.211111111111,1,0,COMP_1147,64.7437855674,COMP_1147,
GROUP_0181,2025-03,64.1706433056,healthy,warmup,-0.57314226184,,57.6856883874,48.2796477751,67.0917289997,0.211111111111,1,0,COMP_1147,64.1706433056,COMP_1147,
GROUP_0181,2025-04,65.5580173829,healthy,stable,1.3873740773,-1.15574549845,63.1141209415,53.7080803292,72.5201615538,0.211111111111,1,0,COMP_1147,65.5580173829,COMP_1147,
GROUP_0181,2025-05,66.4381461019,healthy,stable,0.880128719067,1.69436053453,67.3005859698,57.8945453575,76.7066265821,0.211111111111,1,0,COMP_1147,66.4381461019,COMP_1147,
GROUP_0181,2025-06,72.545731953,healthy,stable,6.10758585108,8.37508864745,77.0343884203,67.628347808,86.4404290325,0.369444444444,1,0,COMP_1147,72.545731953,COMP_1147,
GROUP_0181,2025-07,63.5455244055,healthy,stable,-9.00020754747,-2.01249297733,66.4259373142,57.019896702,75.8319779265,0.369444444444,1,0,COMP_1147,63.5455244055,COMP_1147,
GROUP_0181,2025-08,58.5320767057,watch,stable,-5.01344769985,-7.90606939624,55.1108386442,45.7047980319,64.5168792565,0.369444444444,1,0,COMP_1147,58.5320767057,COMP_1147,
GROUP_0181,2025-09,61.9116164097,healthy,stable,3.37953970404,-10.6341155433,56.1402910522,46.7342504399,65.5463316645,0.369444444444,1,0,COMP_1147,61.9116164097,COMP_1147,
GROUP_0181,2025-10,62.7940825488,healthy,stable,0.882466139071,-0.751441856736,57.0227571912,47.616716579,66.4287978035,0.369444444444,1,0,COMP_1147,62.7940825488,COMP_1147,
GROUP_0181,2025-11,60.4280333025,healthy,stable,-2.36604924631,1.89595659681,56.2615679132,46.8555273009,65.6676085255,0.369444444444,1,0,COMP_1147,60.4280333025,COMP_1147,
GROUP_0181,2025-12,60.159123696,healthy,stable,-0.268909606528,-1.75249271376,57.1798860826,47.7738454703,66.5859266949,0.475,1,0,COMP_1147,60.159123696,COMP_1147,
GROUP_0181,2026-01,59.8418606385,watch,stable,-0.317263057442,-2.95222191028,58.3471203454,48.9410797331,67.7531609577,0.475,1,0,COMP_1147,59.8418606385,COMP_1147,
GROUP_0181,2026-02,62.4342659469,healthy,stable,2.5924053084,2.00623264443,60.9395256538,51.5334850415,70.3455662661,0.475,1,0,COMP_1147,62.4342659469,COMP_1147,
GROUP_0181,2026-03,58.6426533046,watch,stable,-3.79161264235,-1.51647039139,56.3662938072,46.9602531949,65.7723344195,0.475,1,0,COMP_1147,58.6426533046,COMP_1147,
GROUP_0181,2026-04,61.6050109761,healthy,stable,2.96235767156,1.76315033761,60.2335719828,50.8275313706,69.6396125951,0.475,1,0,COMP_1147,61.6050109761,COMP_1147,
GROUP_0181,2026-05,59.1476173658,watch,stable,-2.4573936103,-3.2866485811,58.1158809091,48.7098402968,67.5219215214,0.475,1,0,COMP_1147,59.1476173658,COMP_1147,
GROUP_0181,2026-06,58.2779332114,watch,stable,-0.869684154477,-0.36472009322,56.1633330358,46.7572924235,65.5693736481,0.527777777778,1,0,COMP_1147,58.2779332114,COMP_1147,
GROUP_0181,2026-07,61.6002817,healthy,stable,3.3223484886,-0.00472927617938,60.749617768,51.3435771558,70.1556583803,0.527777777778,1,0,COMP_1147,61.6002817,COMP_1147,
GROUP_0181,2026-08,59.0505104645,watch,stable,-2.54977123547,-0.0971069013494,59.042470695,49.6364300827,68.4485113073,0.527777777778,1,0,COMP_1147,59.0505104645,COMP_1147,
GROUP_0182,2025-10,62.7843706029,healthy,warmup,,,62.7843706029,53.3783299906,72.1904112152,0.272732417951,4,13.1148747796,COMP_1110,50.1849037755,COMP_0446,0.327386101016
GROUP_0182,2025-11,64.5864892345,healthy,warmup,1.8021186316,,64.5864892345,55.1804486222,73.9925298468,0.272732417951,4,12.436590069,COMP_1110,52.5653852928,COMP_1087,0.304395514076
GROUP_0182,2025-12,66.3695482738,healthy,warmup,1.78305903922,,75.5117513344,66.1057107221,84.9177919467,0.273515563219,5,16.290754268,COMP_1110,50.9128151104,COMP_0446,0.281880443363
GROUP_0182,2026-01,65.2022146514,healthy,stable,-1.16733362235,2.41784404848,71.8041826426,62.3981420303,81.2102232549,0.273515563219,5,17.6911961921,COMP_1110,49.9073143869,COMP_0430,0.300828373648
GROUP_0182,2026-02,68.8773665675,healthy,stable,3.67515191605,4.29087733293,76.4088972278,67.0028566155,85.8149378401,0.273515563219,5,21.6767604885,COMP_1110,50.0909859598,COMP_0446,0.236450432021
GROUP_0182,2026-03,68.270808138,healthy,stable,-0.606558429488,1.90125986422,74.6657447869,65.2597041746,84.0717853992,0.472791712822,5,21.9584553139,COMP_1110,48.2261519659,COMP_0446,0.254638530262
GROUP_0182,2026-04,66.1819168845,healthy,stable,-2.08889125343,0.979702233137,67.8474106809,58.4413700686,77.2534512932,0.472791712822,5,19.1463228903,COMP_1110,48.5750877007,COMP_0446,0.290769500313
GROUP_0182,2026-05,65.6744053084,healthy,stable,-0.5075115761,-3.20296125901,64.9653594838,55.5593188715,74.3714000961,0.478652235633,5,15.0921675182,COMP_1110,51.8262607763,COMP_0446,0.282851295954
GROUP_0182,2026-06,69.3811950129,healthy,stable,3.7067897045,1.11038687498,70.0235762809,60.6175356687,79.4296168932,0.478652235633,5,22.9140704995,COMP_1110,48.5873758036,COMP_0446,0.217870787549
GROUP_0182,2026-07,69.3164935275,healthy,stable,-0.0647014854211,3.13457664298,69.7644030268,60.3583624145,79.1704436391,0.478652235633,5,21.7876381613,COMP_1110,49.1930448458,COMP_0446,0.242555707528
GROUP_0182,2026-08,70.5006493269,healthy,stable,1.18415579937,4.82624401845,73.3552578275,63.9492172152,82.7612984397,0.478652235633,5,29.4064256782,COMP_1110,42.57589391,COMP_0446,0.229634814862
GROUP_0183,2025-11,72.0346762329,healthy,warmup,,,72.0346762329,62.6286356206,81.4407168452,0.3030425701,3,22.5261209395,COMP_0921,49.9607033895,COMP_0799,
GROUP_0183,2025-12,74.3949830036,healthy,warmup,2.36030677078,,74.3949830036,64.9889423914,83.8010236159,0.3030425701,3,24.403018488,COMP_0921,50.6953763098,COMP_0799,
GROUP_0183,2026-01,71.8236282635,healthy,warmup,-2.57135474019,,71.2854559415,61.8794153292,80.6914965538,0.3030425701,3,21.0143751833,COMP_0921,51.2352448516,COMP_0799,
GROUP_0183,2026-02,72.8309663447,healthy,stable,1.0073380812,0.796290111795,73.2387267787,63.8326861664,82.644767391,0.3030425701,3,24.3506334638,COMP_0921,49.136061212,COMP_0799,
GROUP_0183,2026-03,71.6687384356,healthy,stable,-1.16222790901,-2.72624456799,71.1663669289,61.7603263166,80.5724075412,0.3030425701,3,24.1532855853,COMP_0921,47.7422611731,COMP_0799,
GROUP_0183,2026-04,65.8417545701,healthy,stable,-5.82698386556,-5.98187369337,61.2071388045,51.8010981922,70.6131794168,0.530324497675,3,19.4841325709,COMP_0921,49.9110766672,COMP_0728,
GROUP_0183,2026-05,69.1491823324,healthy,stable,3.30742776234,-3.68178401224,63.2218199965,53.8157793842,72.6278606088,0.530324497675,3,17.8795942576,COMP_0921,51.6658727511,COMP_0799,
GROUP_0183,2026-06,70.5823931771,healthy,stable,1.43321084464,-1.08634525859,67.7154623884,58.3094217761,77.1215030007,0.530324497675,3,16.3124586695,COMP_0921,55.2022856038,COMP_0799,
GROUP_0183,2026-07,71.3567253696,healthy,stable,0.774332192503,5.51497079948,69.852999575,60.4469589627,79.2590401873,0.530324497675,3,21.9340933325,COMP_0921,50.3006241686,COMP_0799,
GROUP_0183,2026-08,69.9068769969,healthy,stable,-1.44984837271,0.757694664428,71.1949579264,61.7889173141,80.6009985387,0.530324497675,3,19.9091672458,COMP_0921,50.7489607431,COMP_0799,
GROUP_0184,2025-11,66.8847889386,healthy,warmup,,,66.8847889386,57.4787483263,76.2908295509,0.224819367783,6,24.2757004403,COMP_1176,62.0861986923,COMP_0934,0.335730507994
GROUP_0184,2025-12,67.3478649239,healthy,warmup,0.463075985228,,67.3478649239,57.9418243116,76.7539055361,0.224819367783,6,22.9656303961,COMP_1176,60.2146782156,COMP_0934,0.358878011269
GROUP_0184,2026-01,68.2221697184,healthy,warmup,0.874304794533,,71.6324907068,62.2264500945,81.0385313191,0.204668050207,8,32.3901177304,COMP_0554,53.9151465524,COMP_0934,0.36608724079
GROUP_0184,2026-02,67.564691867,healthy,stable,-0.657477851381,0.67990292838,69.3234531185,59.9174125062,78.7294937308,0.204660752158,9,33.640384519,COMP_0554,52.3464136042,COMP_0934,0.379421316241
GROUP_0184,2026-03,65.1402830713,healthy,stable,-2.42440879571,-2.20758185256,64.3046149334,54.8985743211,73.7106555457,0.204660752158,9,32.9302584656,COMP_0554,52.4584085141,COMP_0934,0.311233542959
GROUP_0184,2026-04,64.9156426349,healthy,stable,-0.224640436443,-3.30652708354,62.691397654,53.2853570417,72.0974382663,0.323641406704,9,30.4851056404,COMP_0554,53.4807360326,COMP_0934,0.354637576325
GROUP_0184,2026-05,62.8158395294,healthy,stable,-2.09980310547,-4.74885233763,57.1947434874,47.7887028751,66.6007840997,0.323641406704,9,27.7809982507,COMP_0554,52.4900868086,COMP_0934,0.356172724856
GROUP_0184,2026-06,62.9878244918,healthy,deteriorating,0.171984962396,-2.15245857952,57.1523185884,47.7462779761,66.5583592006,0.358109822419,9,39.2824367393,COMP_0534,39.2557102553,COMP_0672,0.361533860839
GROUP_0184,2026-07,63.8388414289,healthy,deteriorating,0.851016937082,-1.076801206,60.0384739819,50.6324333697,69.4445145942,0.358156316277,9,35.0558740138,COMP_0534,40.2158317768,COMP_0672,0.384249330803
GROUP_0184,2026-08,59.2129402434,watch,deteriorating,-4.62590118548,-3.602899286,54.2970039785,44.8909633662,63.7030445908,0.358156316277,9,29.5185796387,COMP_0554,47.9725557375,COMP_0672,0.383076553477
GROUP_0185,2025-10,45.5029239909,watch,warmup,,,45.5029239909,36.0968833786,54.9089646032,0.368311343908,9,43.7224232535,COMP_0177,32.639189927,COMP_0473,0.496831841746
GROUP_0185,2025-11,46.5091724356,watch,warmup,1.00624844475,,46.5091724356,37.1031318233,55.9152130479,0.368311343908,9,43.2475548894,COMP_0177,30.0931523893,COMP_0473,0.481672215788
GROUP_0185,2025-12,47.7269520267,watch,warmup,1.21777959105,,53.3982235179,43.9921829057,62.8042641302,0.366938495198,10,45.5137520218,COMP_0177,30.0812962199,COMP_0473,0.488091906318
GROUP_0185,2026-01,46.2427867778,watch,stable,-1.48416524883,0.739862786962,49.4376036809,40.0315630686,58.8436442932,0.366938495198,10,41.8956160156,COMP_0043,31.1022243817,COMP_0129,0.479387986066
GROUP_0185,2026-02,44.5709460673,watch,stable,-1.67184071055,-1.93822636834,43.6371684273,34.231127815,53.0432090396,0.366936484331,11,46.120842749,COMP_0043,26.8097053373,COMP_0129,0.514706702821
GROUP_0185,2026-03,45.5825500017,watch,stable,1.01160393437,-2.14440202501,44.4011063984,34.9950657861,53.8071470106,0.634607171818,11,48.2306019328,COMP_0043,27.1336470509,COMP_0129,0.511356751788
GROUP_0185,2026-04,47.4312821385,watch,stable,1.84873213689,1.1884953607,46.7519987112,37.3459580989,56.1580393235,0.634607171818,11,45.4220924677,COMP_0043,26.4092584704,COMP_0473,0.516589371174
GROUP_0185,2026-05,44.9992121983,watch,stable,-2.43206994029,0.428266130963,43.4136546093,34.007613997,52.8196952216,0.642135639474,11,44.7872182076,COMP_0043,29.5940039539,COMP_0129,0.489308334176
GROUP_0185,2026-06,43.7843273081,watch,stable,-1.21488489016,-1.79822269357,42.1987697191,32.7927291068,51.6048103314,0.642135639474,11,41.3392433118,COMP_0043,33.8350197657,COMP_0473,0.483524656913
GROUP_0185,2026-07,41.8151644572,watch,stable,-1.96916285091,-5.61611768136,38.7581858781,29.3521452658,48.1642264904,0.642138847579,11,43.1376666298,COMP_0043,28.5759005561,COMP_0473,0.50606211225
GROUP_0185,2026-08,40.7717508235,watch,stable,-1.04341363368,-4.22746137475,33.5850664864,24.1790258741,42.9911070987,0.642138847579,11,41.5720255591,COMP_0043,30.9788361988,COMP_0473,0.500461941236
GROUP_0186,2026-02,69.852704121,healthy,warmup,,,69.852704121,60.4466635087,79.2587447333,0.351111111111,1,0,COMP_1026,69.852704121,COMP_1026,
GROUP_0186,2026-03,69.7653442947,healthy,warmup,-0.0873598263077,,69.7653442947,60.3593036824,79.171384907,0.351111111111,1,0,COMP_1026,69.7653442947,COMP_1026,
GROUP_0186,2026-04,70.3358325294,healthy,warmup,0.570488234705,,71.5678099708,62.1617693585,80.9738505831,0.351111111111,1,0,COMP_1026,70.3358325294,COMP_1026,
GROUP_0186,2026-05,69.1696984088,healthy,stable,-1.16613412062,-0.683005712225,68.3663759963,58.960335384,77.7724166086,0.351111111111,1,0,COMP_1026,69.1696984088,COMP_1026,
GROUP_0186,2026-06,68.8349527436,healthy,stable,-0.3347456652,-0.930391551118,67.4266877359,58.0206471236,76.8327283482,0.351111111111,1,0,COMP_1026,68.8349527436,COMP_1026,
GROUP_0186,2026-07,67.7243547801,healthy,stable,-1.1105979635,-2.61147774932,66.0171518876,56.6111112753,75.4231924999,0.614444444444,1,0,COMP_1026,67.7243547801,COMP_1026,
GROUP_0186,2026-08,69.7440280407,healthy,stable,2.01967326062,0.574329631924,68.1623624038,58.7563217915,77.5684030161,0.614444444444,1,0,COMP_1026,69.7440280407,COMP_1026,
GROUP_0187,2024-09,56.4110185213,watch,warmup,,,56.4110185213,47.004977909,65.8170591336,0.21964523673,6,40.4272067133,COMP_0367,42.1015612611,COMP_1119,0.603685148313
GROUP_0187,2024-10,54.4495865781,watch,warmup,-1.96143194314,,54.4495865781,45.0435459659,63.8556271904,0.21964523673,6,39.2432423699,COMP_0367,42.7710881007,COMP_1119,0.591392943981
GROUP_0187,2024-11,53.6693104632,watch,warmup,-0.780276114976,,46.677954915,37.2719143027,56.0839955273,0.21964523673,6,34.9253443912,COMP_0367,43.7941022417,COMP_0739,0.573129366012
GROUP_0187,2024-12,55.4898565657,watch,stable,1.82054610249,-0.92116195562,52.7171648102,43.3111241979,62.1232054225,0.219649576975,7,33.423463407,COMP_0367,44.0463404876,COMP_0739,0.598421542351
GROUP_0187,2025-01,54.2902596582,watch,stable,-1.19959690742,-0.159326919902,52.1552882208,42.7492476085,61.5613288331,0.219650224582,8,42.8960506352,COMP_0367,39.7498696185,COMP_1119,0.638669424941
GROUP_0187,2025-02,55.1206555541,watch,stable,0.830395895891,1.45134509096,54.1791929747,44.7731523624,63.585233587,0.382068048429,8,34.9370671077,COMP_0367,41.8133192065,COMP_1119,0.609242165138
GROUP_0187,2025-03,55.3108046075,watch,stable,0.190149053409,-0.17905195812,56.2805647799,46.8745241676,65.6866053922,0.382068048429,8,35.4857294299,COMP_0367,44.4938914648,COMP_1031,0.582651053208
GROUP_0187,2025-04,52.2534051276,watch,stable,-3.05739947992,-2.03685453062,51.9490167988,42.5429761865,61.3550574111,0.382068048429,8,39.462191695,COMP_0367,41.0157926754,COMP_0156,0.625262451257
GROUP_0187,2025-05,53.5644542709,watch,stable,1.31104914325,-1.55620128326,51.6005439302,42.1945033179,61.0065845425,0.384082960704,8,32.9991003446,COMP_0367,43.6112231213,COMP_0156,0.590445768324
GROUP_0187,2025-06,57.1466720366,watch,stable,3.58221776578,1.83586742911,59.7298430519,50.3238024396,69.1358836641,0.384387893019,8,33.728011516,COMP_0367,40.9242813474,COMP_1031,0.608354057259
GROUP_0187,2025-07,55.9974511777,watch,stable,-1.14922085895,3.74404605008,56.9672113501,47.5611707378,66.3732519624,0.384387893019,8,38.4496513419,COMP_0388,39.8406462203,COMP_1119,0.587610481681
GROUP_0187,2025-08,54.6061320854,watch,stable,-1.39131909235,1.04167781448,56.37698437,46.9709437577,65.7830249823,0.49266644225,8,38.3096333967,COMP_1119,40,COMP_0156,0.553478150403
GROUP_0187,2025-09,50.9289604501,watch,stable,-3.67717163528,-6.21771158658,49.578026879,40.1719862667,58.9840674913,0.49266644225,8,37.2754192496,COMP_1119,40,COMP_0156,0.573813160893
GROUP_0187,2025-10,52.2314716619,watch,stable,1.30251121186,-3.76597951578,46.1760875822,36.7700469699,55.5821281945,0.49266644225,8,37.8614617098,COMP_0388,38.8707172937,COMP_0739,0.605666438721
GROUP_0187,2025-11,50.3517585913,watch,stable,-1.87971307066,-4.25437349408,43.420946877,34.0149062647,52.8269874893,0.4940097171,8,37.8283161966,COMP_0539,38.7873783937,COMP_0739,0.617348338374
GROUP_0187,2025-12,52.4116293656,watch,stable,2.05987077429,1.48266891549,46.3562452858,36.9502046735,55.7622858981,0.494213005311,8,34.7374091054,COMP_0388,41.655862198,COMP_0739,0.520966758779
GROUP_0187,2026-01,51.8012395635,watch,stable,-0.610389802009,-0.430232098379,50.3293748236,40.9233342113,59.7354154359,0.494213005311,8,36.8041738888,COMP_0388,40,COMP_0739,0.60441783007
GROUP_0187,2026-02,54.0979376913,watch,stable,2.2966981278,3.74617910008,56.6184748477,47.2124342354,66.02451546,0.548352279926,8,35.3624985453,COMP_0388,40,COMP_0739,0.591033477019
GROUP_0187,2026-03,56.5423399833,watch,stable,2.44440229197,4.13071061777,60.9394256711,51.5333850589,70.3454662834,0.548352279926,8,38.8059713486,COMP_0388,40,COMP_0739,0.597188128014
GROUP_0187,2026-04,59.6297039067,watch,stable,3.08736392341,7.82846434318,69.0932081285,59.6871675162,78.4992487408,0.548352279926,8,34.4944574115,COMP_0367,43.5596374526,COMP_0739,0.596346520102
GROUP_0187,2026-05,53.5029804925,watch,stable,-6.12672341419,-0.594957198807,60.5251885427,51.1191479305,69.931229155,0.549023917351,8,35.9927091109,COMP_0367,44.8564299556,COMP_1031,0.586029638603
GROUP_0187,2026-06,55.9755799319,watch,stable,2.47259943933,-0.566760051452,60.2334071076,50.8273664953,69.6394477198,0.549125561456,8,41.2005415106,COMP_0388,44.3060605928,COMP_1031,0.592059095195
GROUP_0187,2026-07,55.1877169734,watch,stable,-0.787862958481,-4.44198693334,54.2242248859,44.8181842736,63.6302654982,0.549125561456,8,41.1557777154,COMP_0388,44.1468042318,COMP_1031,0.593433164705
GROUP_0187,2026-08,53.1170069299,watch,stable,-2.07071004352,-0.385973562671,49.0989058416,39.6928652293,58.5049464539,0.549125561456,8,39.4257540087,COMP_0388,42.1536794571,COMP_1031,0.576069122484
GROUP_0188,2025-05,52.4093922425,watch,warmup,,,52.4093922425,43.0033516302,61.8154328548,0.303111111111,2,5.29072820002,COMP_0559,52.4093922425,COMP_0339,
GROUP_0188,2025-06,52.4801946234,watch,warmup,0.0708023808785,,52.4801946234,43.0741540111,61.8862352356,0.303111111111,2,6.28486859784,COMP_0559,52.4801946234,COMP_0339,
GROUP_0188,2025-07,49.670644305,watch,warmup,-2.80955031839,,42.6868370643,33.280796452,52.0928776766,0.303111111111,2,10.0131621973,COMP_0559,49.670644305,COMP_0339,
GROUP_0188,2025-08,47.8395286415,watch,stable,-1.83111566349,-4.56986360099,39.2857996387,29.8797590265,48.691840251,0.303111111111,2,12.0798640001,COMP_0559,47.8395286415,COMP_0339,
GROUP_0188,2025-09,46.2505715263,watch,stable,-1.58895711517,-6.22962309704,37.8381380898,28.4320974776,47.2441787021,0.303111111111,2,12.2692238872,COMP_0559,46.2505715263,COMP_0339,
GROUP_0188,2025-10,49.4212246235,watch,stable,3.17065309721,-0.249419681453,41.6524565018,32.2464158895,51.0584971141,0.530444444444,2,8.72511978188,COMP_0559,49.4212246235,COMP_0339,
GROUP_0188,2025-11,51.6737566214,watch,stable,2.2525319979,3.83422797994,50.8511898594,41.4451492472,60.2572304717,0.530444444444,2,9.82839115092,COMP_0559,51.6737566214,COMP_0339,
GROUP_0188,2025-12,49.7457633849,watch,stable,-1.92799323653,3.49519185857,52.1762126827,42.7701720704,61.582253295,0.530444444444,2,15.3659789043,COMP_0559,49.7457633849,COMP_0339,
GROUP_0188,2026-01,46.1981261196,watch,stable,-3.54763726532,-3.22309850395,47.0256999611,37.6196593488,56.4317405734,0.530444444444,2,24.9600956966,COMP_0559,46.1981261196,COMP_0339,
GROUP_0188,2026-02,41.6671559432,watch,stable,-4.53097017636,-10.0066006782,36.1878884865,26.7818478742,45.5939290988,0.530444444444,2,28.2653604229,COMP_0559,41.6671559432,COMP_0339,
GROUP_0188,2026-03,43.1586062623,watch,stable,1.49145031905,-6.58715712262,33.2721686949,23.8661280826,42.6782093072,0.530444444444,2,27.131238947,COMP_0559,43.1586062623,COMP_0339,
GROUP_0188,2026-04,39.8957572662,stress,stable,-3.26284899612,-6.30236885343,27.8821979238,18.4761573115,37.2882385361,0.682,2,32.3386614422,COMP_0559,39.8957572662,COMP_0339,
GROUP_0188,2026-05,39.7807022704,stress,stable,-0.115054995739,-1.88645367281,29.6163399336,20.2102993214,39.0223805459,0.682,2,29.3303373558,COMP_0559,39.7807022704,COMP_0339,
GROUP_0188,2026-06,39.5665165801,stress,stable,-0.214185690311,-3.59208968217,33.4599641204,24.0539235081,42.8660047327,0.682,2,29.3987405022,COMP_0559,39.5665165801,COMP_0339,
GROUP_0188,2026-07,46.3592481023,watch,stable,6.79273152218,6.46349083613,45.5196843529,36.1136437406,54.9257249651,0.682,2,26.3702555105,COMP_0559,46.3592481023,COMP_0339,
GROUP_0188,2026-08,40.3640912455,watch,stable,-5.99515685682,0.583388975053,39.7773107672,30.3712701549,49.1833513795,0.682,2,31.6255503443,COMP_0559,40.3640912455,COMP_0339,
GROUP_0189,2024-09,64.7909934904,healthy,warmup,,,64.7909934904,55.3849528781,74.1970341027,0.311411026211,2,8.47902219,COMP_0948,61.9301333516,COMP_0876,0.184424487122
GROUP_0189,2024-10,64.5258577305,healthy,warmup,-0.265135759816,,64.5258577305,55.1198171183,73.9318983428,0.311411026211,2,7.32200582865,COMP_0948,62.0553801045,COMP_0876,0.198887398437
GROUP_0189,2024-11,66.2061837829,healthy,warmup,1.6803260524,,69.814919029,60.4088784167,79.2209596413,0.311411026211,2,11.4070567922,COMP_0948,62.3573916291,COMP_0876,0.153977065487
GROUP_0189,2024-12,66.4213076192,healthy,stable,0.215123836211,1.63031412879,69.6114422517,60.2054016394,79.017482864,0.311411026211,2,11.2458363573,COMP_0948,62.6269119635,COMP_0876,0.15596594173
GROUP_0189,2025-01,66.9702740769,healthy,stable,0.548966457704,2.44441634631,69.7594299179,60.3533893056,79.1654705302,0.311411026211,2,8.13671315538,COMP_0948,64.2249105426,COMP_0876,0.164706134145
GROUP_0189,2025-02,65.8284859478,healthy,stable,-1.14178812911,-0.377697835197,67.7769161972,58.3708755849,77.1829568095,0.54496929587,2,9.30096907011,COMP_0948,62.6902972429,COMP_0876,0.164370386059
GROUP_0189,2025-03,67.2079856734,healthy,stable,1.37949972562,0.786678054212,68.8688366503,59.462796038,78.2748772626,0.54496929587,2,12.4104437867,COMP_0948,63.0206462446,COMP_0876,0.133467440402
GROUP_0189,2025-04,65.8033952682,healthy,stable,-1.40459040515,-1.16687880864,65.7394140354,56.3333734231,75.1454546477,0.54496929587,2,12.6356199796,COMP_0948,61.5400803814,COMP_0876,0.143854080779
GROUP_0189,2025-05,57.1211774137,watch,stable,-8.68221785455,-8.70730853407,55.137483439,45.7314428267,64.5435240513,0.357373443781,4,20.543478057,COMP_0350,54.1976218566,COMP_0876,0.149908236016
GROUP_0189,2025-06,57.4991260309,watch,stable,0.377948617198,-9.70885964249,47.838555024,38.4325144117,57.2445956363,0.357373443781,4,17.1797855895,COMP_0350,54.9893824209,COMP_0876,0.172223251688
GROUP_0189,2025-07,58.5623685506,watch,stable,1.06324251968,-7.24102671766,47.9424346565,38.5363940443,57.3484752688,0.357373443781,4,17.4594495327,COMP_0350,56.3467348941,COMP_0876,0.164932025432
GROUP_0189,2025-08,55.539355671,watch,stable,-3.02301287955,-1.58182174267,43.6373530686,34.2313124563,53.0433936809,0.389350584399,4,20.8286003484,COMP_0350,51.810913362,COMP_0876,0.168513983032
GROUP_0189,2025-09,56.4229810485,watch,stable,0.883625377474,-1.07614498239,51.4255666308,42.0195260185,60.8316072431,0.389350584399,4,20.7101463775,COMP_0350,52.7582984181,COMP_0876,0.166332696795
GROUP_0189,2025-10,56.8883647361,watch,stable,0.465383687644,-1.67400381443,56.1096440853,46.703603473,65.5156846976,0.573440673113,4,22.3234582766,COMP_0350,53.7628322242,COMP_0876,0.13754675647
GROUP_0189,2025-11,54.9239343777,watch,stable,-1.96443035839,-0.615421293269,52.2972388915,42.8911982793,61.7032795038,0.573440673113,4,23.0956802908,COMP_0350,50.7648219549,COMP_0876,0.163656374671
GROUP_0189,2025-12,56.1574076031,watch,stable,1.23347322532,-0.265573445421,54.2934669137,44.8874263015,63.699507526,0.573440673113,4,17.2386565504,COMP_0350,53.873362362,COMP_0876,0.17769162685
GROUP_0189,2026-01,56.4781558042,watch,stable,0.320748201145,-0.41020893192,57.2661720176,47.8601314053,66.6722126299,0.573440673113,4,23.717352131,COMP_0350,51.9608620803,COMP_0876,0.129525632972
GROUP_0189,2026-02,61.0778413892,healthy,stable,4.59968558503,6.15390701149,63.4512981962,54.0452575839,72.8573388085,0.589429243422,4,14.9811923007,COMP_0836,58.893192142,COMP_0876,0.152949308897
GROUP_0189,2026-03,63.8060943627,healthy,stable,2.72825297348,7.64868675965,70.8621785818,61.4561379695,80.2682191941,0.589429243422,4,15.8934585281,COMP_0836,55.2458894362,COMP_0876,0.164145336465
GROUP_0189,2026-04,67.1451519117,healthy,stable,3.33905754896,10.6669961075,80.1479194031,70.7418787908,89.5539600154,0.712155969232,4,13.6837758126,COMP_0836,58.0283523372,COMP_0876,0.154183554492
GROUP_0189,2026-05,64.6094741182,healthy,stable,-2.5356777935,3.53163272894,77.6122416096,68.2062009973,87.0182822219,0.712155969232,4,12.8946295442,COMP_0836,56.6559102905,COMP_0876,0.178721137394
GROUP_0189,2026-06,66.8746605294,healthy,stable,2.26518641119,3.06856616665,77.479095349,68.0730547367,86.8851359613,0.712155969232,4,18.9502019189,COMP_0836,55.5116237984,COMP_0876,0.134554522386
GROUP_0189,2026-07,69.4077917438,healthy,stable,2.53313121442,2.26263983211,76.7987361475,67.3926955352,86.2047767597,0.712155969232,4,15.0086603106,COMP_0836,59.6446534953,COMP_0876,0.136263380078
GROUP_0189,2026-08,71.7959828693,healthy,improving,2.38819112548,7.1865087511,79.945669146,70.5396285337,89.3517097583,0.712155969232,4,21.0123223277,COMP_0836,55.2482058737,COMP_0350,0.161504211628
GROUP_0190,2025-07,69.9621717816,healthy,warmup,,,69.9621717816,60.5561311693,79.3682123938,0.383111111111,1,0,COMP_0447,69.9621717816,COMP_0447,
GROUP_0190,2025-08,67.902625895,healthy,warmup,-2.05954588659,,67.902625895,58.4965852827,77.3086665073,0.383111111111,1,0,COMP_0447,67.902625895,COMP_0447,
GROUP_0190,2025-09,66.2714705369,healthy,warmup,-1.63115535803,,56.8601823632,47.4541417509,66.2662229755,0.383111111111,1,0,COMP_0447,66.2714705369,COMP_0447,
GROUP_0190,2025-10,68.7692169797,healthy,stable,2.4977464428,-1.19295480181,63.5957592352,54.1897186229,73.0017998475,0.383111111111,1,0,COMP_0447,68.7692169797,COMP_0447,
GROUP_0190,2025-11,71.081617084,healthy,stable,2.31240010429,3.17899118906,72.9001670974,63.4941264851,82.3062077097,0.383111111111,1,0,COMP_0447,71.081617084,COMP_0447,
GROUP_0190,2025-12,63.9738097184,healthy,stable,-7.10780736559,-2.2976608185,60.067786327,50.6617457147,69.4738269393,0.670444444444,1,0,COMP_0447,63.9738097184,COMP_0447,
GROUP_0190,2026-01,66.6166688339,healthy,stable,2.64285911543,-2.15254814588,65.3049926315,55.8989520192,74.7110332438,0.670444444444,1,0,COMP_0447,66.6166688339,COMP_0447,
GROUP_0190,2026-02,64.104732381,healthy,stable,-2.51193645284,-6.976884703,60.445400533,51.0393599207,69.8514411453,0.670444444444,1,0,COMP_0447,64.104732381,COMP_0447,
GROUP_0190,2026-03,69.1708515667,healthy,stable,5.06611918563,5.19704184822,66.734625532,57.3285849197,76.1406661443,0.670444444444,1,0,COMP_0447,69.1708515667,COMP_0447,
GROUP_0190,2026-04,72.1227419862,healthy,stable,2.95189041958,5.50607315237,78.6359079548,69.2298673426,88.0419485671,0.670444444444,1,0,COMP_0447,72.1227419862,COMP_0447,
GROUP_0190,2026-05,69.3510889178,healthy,stable,-2.77165306841,5.24635653679,78.1860600598,68.7800194475,87.5921006721,0.670444444444,1,0,COMP_0447,69.3510889178,COMP_0447,
GROUP_0190,2026-06,72.6205621209,healthy,stable,3.26947320311,3.44971055428,79.1337280895,69.7276874773,88.5397687018,0.862,1,0,COMP_0447,72.6205621209,COMP_0447,
GROUP_0190,2026-07,74.4033476101,healthy,improving,1.78278548917,2.28060562387,83.4955536049,74.0895129926,92.9015942171,0.862,1,0,COMP_0447,74.4033476101,COMP_0447,
GROUP_0190,2026-08,79.6347348122,healthy,improving,5.23138720206,10.2836458943,89.2125256652,79.8064850529,98.6185662775,0.862,1,0,COMP_0447,79.6347348122,COMP_0447,
GROUP_0191,2024-09,76.1857351284,healthy,warmup,,,76.1857351284,66.7796945161,85.5917757407,0.152888888889,1,0,COMP_0581,76.1857351284,COMP_0581,
GROUP_0191,2024-10,74.0401768365,healthy,warmup,-2.14555829185,,74.0401768365,64.6341362242,83.4462174488,0.152888888889,1,0,COMP_0581,74.0401768365,COMP_0581,
GROUP_0191,2024-11,74.8518332922,healthy,warmup,0.811656455693,,71.45038361,62.0443429977,80.8564242223,0.152888888889,1,0,COMP_0581,74.8518332922,COMP_0581,
GROUP_0191,2024-12,78.3959162771,healthy,stable,3.54408298487,2.21018114871,82.3442942155,72.9382536032,91.7503348278,0.152888888889,1,0,COMP_0581,78.3959162771,COMP_0581,
GROUP_0191,2025-01,78.6420988411,healthy,stable,0.246182563961,4.60192200453,82.5904767795,73.1844361672,91.9965173918,0.152888888889,1,0,COMP_0581,78.6420988411,COMP_0581,
GROUP_0191,2025-02,73.4856800604,healthy,stable,-5.15641878067,-1.36615323183,74.7412111366,65.3351705243,84.1472517489,0.267555555556,1,0,COMP_0581,73.4856800604,COMP_0581,
GROUP_0191,2025-03,71.4677153632,healthy,stable,-2.01796469714,-6.92820091385,69.1452548691,59.7392142568,78.5512954814,0.267555555556,1,0,COMP_0581,71.4677153632,COMP_0581,
GROUP_0191,2025-04,61.7527244595,healthy,stable,-9.71499090371,-16.8893743815,49.2316221069,39.8255814946,58.6376627192,0.267555555556,1,0,COMP_0581,61.7527244595,COMP_0581,
GROUP_0191,2025-05,73.8642625877,healthy,stable,12.1115381281,0.378582527285,62.0863210341,52.6802804218,71.4923616464,0.267555555556,1,0,COMP_0581,73.8642625877,COMP_0581,
GROUP_0191,2025-06,75.0285759493,healthy,stable,1.16431336166,3.56086058609,71.3427825998,61.9367419875,80.7488232121,0.267555555556,1,0,COMP_0581,75.0285759493,COMP_0581,
GROUP_0191,2025-07,74.4960018019,healthy,stable,-0.532574147428,12.7432773424,76.4631940603,67.057153448,85.8692346726,0.267555555556,1,0,COMP_0581,74.4960018019,COMP_0581,
GROUP_0191,2025-08,79.5435603284,healthy,stable,5.0475585265,5.67929774073,87.7809221929,78.3748815806,97.1869628051,0.344,1,0,COMP_0581,79.5435603284,COMP_0581,
GROUP_0191,2025-09,76.4388618828,healthy,stable,-3.10469844564,1.41028593342,86.093668042,76.6876274297,95.4997086543,0.344,1,0,COMP_0581,76.4388618828,COMP_0581,
GROUP_0191,2025-10,74.5200940775,healthy,stable,-1.91876780528,0.0240922755761,76.1310290738,66.7249884615,85.5370696861,0.344,1,0,COMP_0581,74.5200940775,COMP_0581,
GROUP_0191,2025-11,71.4763986835,healthy,stable,-3.043695394,-8.06716164492,67.8531778723,58.44713726,77.2592184846,0.344,1,0,COMP_0581,71.4763986835,COMP_0581,
GROUP_0191,2025-12,74.8483423571,healthy,stable,3.37194367365,-1.59051952562,70.9983483811,61.5923077689,80.4043889934,0.344,1,0,COMP_0581,74.8483423571,COMP_0581,
GROUP_0191,2026-01,66.146870523,healthy,stable,-8.70147183413,-8.37322355448,53.0245815393,43.618540927,62.4306221516,0.344,1,0,COMP_0581,66.146870523,COMP_0581,
GROUP_0191,2026-02,59.8312057479,watch,deteriorating,-6.31566477508,-11.6451929356,45.5967257053,36.190685093,55.0027663176,0.382222222222,1,0,COMP_0581,59.8312057479,COMP_0581,
GROUP_0191,2026-03,61.1201681444,healthy,deteriorating,1.28896239647,-13.7281742127,46.8856881018,37.4796474895,56.2917287141,0.382222222222,1,0,COMP_0581,61.1201681444,COMP_0581,
GROUP_0191,2026-04,56.7053894385,watch,deteriorating,-4.41477870587,-9.44148108448,40.6548715949,31.2488309826,50.0609122072,0.382222222222,1,0,COMP_0581,56.7053894385,COMP_0581,
GROUP_0191,2026-05,56.2617364292,watch,deteriorating,-0.443653009274,-3.56946931867,40.2112185856,30.8051779733,49.6172591979,0.382222222222,1,0,COMP_0581,56.2617364292,COMP_0581,
GROUP_0191,2026-06,57.634266953,watch,deteriorating,1.37253052379,-3.48590119135,49.6634353641,40.2573947518,59.0694759764,0.382222222222,1,0,COMP_0581,57.634266953,COMP_0581,
GROUP_0191,2026-07,58.7206868755,watch,deteriorating,1.0864199225,2.01529743702,56.4580565282,47.0520159159,65.8640971405,0.382222222222,1,0,COMP_0581,58.7206868755,COMP_0581,
GROUP_0191,2026-08,55.7949053308,watch,stable,-2.92578154476,-0.466831098468,53.5322749835,44.1262343712,62.9383155958,0.382222222222,1,0,COMP_0581,55.7949053308,COMP_0581,
GROUP_0192,2025-08,51.9249915698,watch,warmup,,,51.9249915698,42.5189509575,61.3310321821,0.19673385479,2,23.7161191031,COMP_0998,40.7493877136,COMP_0516,0.464485010317
GROUP_0192,2025-09,53.6314635107,watch,warmup,1.70647194092,,53.6314635107,44.2254228985,63.037504123,0.19673385479,2,21.1413947205,COMP_0998,43.6691315062,COMP_0516,0.437925351758
GROUP_0192,2025-10,51.828620962,watch,warmup,-1.80284254869,,51.5828759122,42.1768352999,60.9889165245,0.19673385479,2,23.5713609725,COMP_0998,40.7212306072,COMP_0516,0.460899515133
GROUP_0192,2025-11,52.3216908767,watch,stable,0.493069914671,0.396699306901,52.5360127627,43.1299721504,61.942053375,0.194501006659,3,22.88845028,COMP_0998,41.0865912581,COMP_0516,0.448520376558
GROUP_0192,2025-12,51.0460350664,watch,stable,-1.27565581031,-2.58542844434,49.4879032785,40.0818626662,58.8939438908,0.194501006659,3,19.5483828047,COMP_0998,40.6618356282,COMP_0516,0.466023149586
GROUP_0192,2026-01,52.7273647749,watch,stable,1.68132970845,0.898743812807,52.481619725,43.0755791127,61.8876603373,0.312999229787,4,28.221142299,COMP_0998,38.3447770466,COMP_0516,0.478304984455
GROUP_0192,2026-02,50.857570949,watch,stable,-1.8697938258,-1.46411992767,48.8619769152,39.4559363029,58.2680175274,0.312999229787,4,20.1812054639,COMP_0998,39.914895299,COMP_0516,0.464826100331
GROUP_0192,2026-03,49.1325335137,watch,stable,-1.72503743537,-1.91350155272,46.6435296366,37.2374890244,56.0495702489,0.312999229787,4,21.2383796878,COMP_0998,38.9800925026,COMP_0373,0.468157826436
GROUP_0192,2026-04,47.9525421842,watch,stable,-1.17999132952,-4.77482259069,43.4960105178,34.0899699055,52.90205113,0.334695854585,4,19.7796345373,COMP_0998,38.0876057079,COMP_0373,0.471370067066
GROUP_0192,2026-05,45.6100777972,watch,stable,-2.34246438695,-5.24749315183,37.492879393,28.0868387808,46.8989200053,0.334695854585,4,21.496805134,COMP_0998,35.2483278573,COMP_0528,0.503119142411
GROUP_0192,2026-06,46.3027640737,watch,deteriorating,0.692686276464,-2.82976944,38.1855656695,28.7795250572,47.5916062818,0.339656746562,4,21.3593150064,COMP_0998,34.4262939744,COMP_0528,0.499555626418
GROUP_0192,2026-07,46.9927217017,watch,deteriorating,0.689957628043,-0.959820482439,42.1821136537,32.7760730414,51.588154266,0.418929853444,4,24.8413485092,COMP_0998,35.5672275726,COMP_0528,0.48888882576
GROUP_0192,2026-08,46.1309984363,watch,stable,-0.861723265375,0.520920639132,43.4027383761,33.9966977638,52.8087789884,0.418929853444,4,31.0039567388,COMP_0998,34.1005684728,COMP_0528,0.499065516373
GROUP_0193,2024-09,68.30932688,healthy,warmup,,,68.30932688,58.9032862677,77.7153674923,0.239111111111,1,0,COMP_1086,68.30932688,COMP_1086,
GROUP_0193,2024-10,67.8268850882,healthy,warmup,-0.482441791839,,67.8268850882,58.4208444759,77.2329257005,0.239111111111,1,0,COMP_1086,67.8268850882,COMP_1086,
GROUP_0193,2024-11,66.9956316124,healthy,warmup,-0.83125347573,,63.6457086801,54.2396680679,73.0517492924,0.239111111111,1,0,COMP_1086,66.9956316124,COMP_1086,
GROUP_0193,2024-12,67.6161694939,healthy,stable,0.620537881489,-0.69315738608,65.7967591466,56.3907185343,75.2027997589,0.239111111111,1,0,COMP_1086,67.6161694939,COMP_1086,
GROUP_0193,2025-01,66.6017333637,healthy,stable,-1.01443613022,-1.22515172446,64.4717635313,55.065722919,73.8778041436,0.239111111111,1,0,COMP_1086,66.6017333637,COMP_1086,
GROUP_0193,2025-02,64.7658055459,healthy,stable,-1.8359278178,-2.22982606653,61.4158826136,52.0098420013,70.8219232259,0.418444444444,1,0,COMP_1086,64.7658055459,COMP_1086,
GROUP_0193,2025-03,67.9867030455,healthy,stable,3.22089749959,0.370533551575,66.9822625112,57.576221899,76.3883031235,0.418444444444,1,0,COMP_1086,67.9867030455,COMP_1086,
GROUP_0193,2025-04,67.21990968,healthy,stable,-0.766793365463,0.618176316329,67.448673309,58.0426326967,76.8547139213,0.418444444444,1,0,COMP_1086,67.21990968,COMP_1086,
GROUP_0193,2025-05,66.2623815407,healthy,stable,-0.957528139321,1.49657599481,65.757150278,56.3511096657,75.1631908903,0.418444444444,1,0,COMP_1086,66.2623815407,COMP_1086,
GROUP_0193,2025-06,67.4695721044,healthy,stable,1.20719056364,-0.517130941143,68.3547676198,58.9487270075,77.7608082321,0.418444444444,1,0,COMP_1086,67.4695721044,COMP_1086,
GROUP_0193,2025-07,67.0951768911,healthy,stable,-0.374395213293,-0.124732788973,67.7318160731,58.3257754608,77.1378566854,0.418444444444,1,0,COMP_1086,67.0951768911,COMP_1086,
GROUP_0193,2025-08,74.0795906261,healthy,stable,6.98441373507,7.81720908542,74.7162298082,65.3101891959,84.1222704204,0.538,1,0,COMP_1086,74.0795906261,COMP_1086,
GROUP_0193,2025-09,81.2851572431,solid,stable,7.20556661698,13.8155851388,94.5744126883,85.1683720761,100,0.538,1,0,COMP_1086,81.2851572431,COMP_1086,
GROUP_0193,2025-10,88.00448856,solid,stable,6.71933131691,20.909311669,100,100,100,0.538,1,0,COMP_1086,88.00448856,COMP_1086,
GROUP_0193,2025-11,82.7304698424,solid,stable,-5.27401871763,8.65087921626,100,96.810923966,100,0.538,1,0,COMP_1086,82.7304698424,COMP_1086,
GROUP_0193,2025-12,82.9546874406,solid,stable,0.224217598204,1.66953019748,99.1313882011,89.7253475889,100,0.538,1,0,COMP_1086,82.9546874406,COMP_1086,
GROUP_0193,2026-01,86.9951089219,solid,stable,4.04042148127,-1.00937963815,97.8699385745,88.4638979622,100,0.538,1,0,COMP_1086,86.9951089219,COMP_1086,
GROUP_0193,2026-02,86.9149570475,solid,stable,-0.0801518743532,4.18448720512,90.6005041757,81.1944635634,100,0.597777777778,1,0,COMP_1086,86.9149570475,COMP_1086,
GROUP_0193,2026-03,86.1369824542,solid,stable,-0.777974593294,3.18229501362,85.728207895,76.3221672827,95.1342485073,0.597777777778,1,0,COMP_1086,86.1369824542,COMP_1086,
GROUP_0193,2026-04,86.2644437874,solid,stable,0.127461333155,-0.730665134492,89.8690972113,80.463056599,99.2751378236,0.597777777778,1,0,COMP_1086,86.2644437874,COMP_1086,
GROUP_0193,2026-05,88.175151658,solid,stable,1.9107078706,1.26019461046,90.3174824958,80.9114418835,99.723523108,0.597777777778,1,0,COMP_1086,88.175151658,COMP_1086,
GROUP_0193,2026-06,83.2700375315,solid,stable,-4.90511412645,-2.8669449227,81.6112287182,72.2051881059,91.0172693305,0.597777777778,1,0,COMP_1086,83.2700375315,COMP_1086,
GROUP_0193,2026-07,85.5650570108,solid,stable,2.29501947926,-0.699386776589,84.1881589733,74.782118361,93.5941995856,0.597777777778,1,0,COMP_1086,85.5650570108,COMP_1086,
GROUP_0193,2026-08,84.4736067558,solid,stable,-1.091450255,-3.70154490219,82.7769635434,73.3709229311,92.1830041557,0.597777777778,1,0,COMP_1086,84.4736067558,COMP_1086,
GROUP_0194,2024-09,58.030542993,watch,warmup,,,58.030542993,48.6245023807,67.4365836053,0.191464624919,4,16.7975909527,COMP_0249,52.5605786396,COMP_0883,
GROUP_0194,2024-10,57.7153299796,watch,warmup,-0.315213013398,,57.7153299796,48.3092893673,67.1213705919,0.191464624919,4,14.0130414104,COMP_0249,51.7523278988,COMP_0462,
GROUP_0194,2024-11,56.851642197,watch,warmup,-0.86368778261,,53.8454451671,44.4394045549,63.2514857794,0.191464624919,4,15.6172624652,COMP_0249,50.1986939118,COMP_0462,
GROUP_0194,2024-12,56.0115217807,watch,stable,-0.840120416303,-2.01902121231,52.1530466886,42.7470060763,61.5590873009,0.191464624919,4,15.364602662,COMP_0249,49.4725638365,COMP_0462,
GROUP_0194,2025-01,55.1065832818,watch,stable,-0.904938498872,-2.60874669779,50.7919207666,41.3858801543,60.1979613789,0.191464624919,4,14.0659452759,COMP_0249,51.7943464426,COMP_0883,
GROUP_0194,2025-02,53.5083231738,watch,stable,-1.59826010795,-3.34331902313,49.0734537876,39.6674131753,58.4794943999,0.335063093608,4,16.1813511022,COMP_0249,50.4826538289,COMP_0883,
GROUP_0194,2025-03,55.3532496751,watch,stable,1.84492650125,-0.658272105573,50.9484419838,41.5424013715,60.3544825961,0.335063093608,4,15.3013196022,COMP_0249,51.1009261723,COMP_0883,
GROUP_0194,2025-04,53.1471101567,watch,stable,-2.20613951837,-1.95947312507,49.3684874757,39.9624468634,58.774528088,0.335063093608,4,14.9647589811,COMP_0249,49.3620947707,COMP_0883,
GROUP_0194,2025-05,62.1024939281,healthy,stable,8.9553837714,8.59417075428,61.1814007345,51.7753601222,70.5874413468,0.309953842495,5,22.4544136915,COMP_0249,50.7603293201,COMP_0567,0.23433595766
GROUP_0194,2025-06,63.8947757923,healthy,stable,1.79228186414,8.54152611717,73.0354132994,63.6293726871,82.4414539117,0.309953842495,5,18.3207614946,COMP_0249,56.2813248795,COMP_0567,0.219288243777
GROUP_0194,2025-07,63.8134520274,healthy,stable,-0.081323764815,10.6663418707,74.6002100267,65.1941694144,84.006250639,0.309953842495,5,20.2282974195,COMP_0249,54.6100861453,COMP_0567,0.229819771517
GROUP_0194,2025-08,62.9198872489,healthy,stable,-0.893564778528,0.817393320798,72.060524756,62.6544841438,81.4665653683,0.369842793968,5,21.5380447834,COMP_0249,53.1282779548,COMP_0567,0.22522702121
GROUP_0194,2025-09,65.3724950015,healthy,stable,2.45260775262,1.47771920928,69.7354381548,60.3293975425,79.1414787671,0.369842793968,5,21.7461597009,COMP_0249,55.7868336488,COMP_0567,0.194624765433
GROUP_0194,2025-10,63.8218066979,healthy,stable,-1.5506883036,0.00835467049532,65.5755057232,56.1694651109,74.9815463354,0.445099678225,5,22.6319057968,COMP_0249,52.8175379192,COMP_0567,0.225031283507
GROUP_0194,2025-11,76.0448576019,healthy,stable,12.223050904,13.124970353,78.5569802577,69.1509396454,87.96302087,0.235269330789,6,27.0699319794,COMP_0249,51.6186192483,COMP_0202,0.213837941771
GROUP_0194,2025-12,74.7892181658,healthy,stable,-1.25563943618,9.41672316421,87.2975177041,77.8914770919,96.7035583164,0.235051433594,7,33.4227925644,COMP_0312,44.6114575509,COMP_0202,0.251448414228
GROUP_0194,2026-01,75.0174426,healthy,stable,0.2282244342,11.195635902,87.5257421383,78.1197015261,96.9317827506,0.235051433594,7,35.1532914511,COMP_0312,43.2502334177,COMP_0202,0.24664961356
GROUP_0194,2026-02,74.0843019228,healthy,stable,-0.933140677109,-1.96055567909,82.9703449826,73.5643043703,92.3763855949,0.240231863309,7,37.6557047178,COMP_0249,40.531652854,COMP_0202,0.241872052028
GROUP_0194,2026-03,74.9676054223,healthy,stable,0.883303499454,0.178387256545,75.2708637584,65.8648231461,84.6769043707,0.240231863309,7,44.3095476891,COMP_0249,35.4174223271,COMP_0202,0.239696796718
GROUP_0194,2026-04,72.301339136,healthy,stable,-2.66626628633,-2.71610346399,69.129293373,59.7232527607,78.5353339853,0.366740773783,7,42.4182217009,COMP_0249,34.3360974287,COMP_0202,0.254064043919
GROUP_0194,2026-05,71.9873266399,healthy,stable,-0.314012496084,-2.09697528296,68.8152808769,59.4092402646,78.2213214892,0.367448047118,7,42.9682289415,COMP_0249,33.4155641798,COMP_0202,0.271674287984
GROUP_0194,2026-06,70.3628076233,healthy,stable,-1.6245190166,-4.60479779902,65.6179023913,56.211861779,75.0239430036,0.367448047118,7,44.1939345708,COMP_0249,30.4787931772,COMP_0202,0.244348708168
GROUP_0194,2026-07,75.0992623041,healthy,stable,4.73645468084,2.79792316815,71.5344043231,62.1283637108,80.9404449354,0.367448047118,7,47.7427393327,COMP_0249,32.8205899884,COMP_0202,0.30176042758
GROUP_0194,2026-08,77.259108933,healthy,stable,2.15984662886,5.2717822931,79.5964425139,70.1904019016,89.0024831262,0.367448047118,7,50.0705301041,COMP_0249,32.8428823055,COMP_0202,0.277304138659
GROUP_0195,2025-09,69.8340838372,healthy,warmup,,,69.8340838372,60.4280432249,79.2401244495,0.365831294051,6,21.8058191231,COMP_0006,52.4169491091,COMP_0974,0.373716611993
GROUP_0195,2025-10,68.8568335393,healthy,warmup,-0.977250297847,,68.8568335393,59.450792927,78.2628741516,0.365831294051,6,22.9538410807,COMP_0006,54.1242328866,COMP_0008,0.347929848658
GROUP_0195,2025-11,69.1252789541,healthy,warmup,0.268445414776,,67.3178265023,57.91178589,76.7238671146,0.365831294051,6,19.0714712792,COMP_0006,52.962690079,COMP_0974,0.359289930516
GROUP_0195,2025-12,71.5380711105,healthy,stable,2.4127921564,1.70398727333,73.6709961005,64.2649554882,83.0770367128,0.365831294051,6,21.5528319077,COMP_0006,54.8375765417,COMP_0974,0.395272214153
GROUP_0195,2026-01,71.8868362548,healthy,stable,0.348765144279,3.03000271545,74.6438551033,65.2378144911,84.0498957156,0.365831294051,6,19.5354604451,COMP_0006,56.2746995118,COMP_0974,0.365962597679
GROUP_0195,2026-02,72.074839301,healthy,stable,0.188003046165,2.94956034684,74.6920986334,65.2860580211,84.0981392457,0.640204764589,6,17.2213604036,COMP_0006,58.028482888,COMP_0974,0.386218035399
GROUP_0195,2026-03,72.5523271077,healthy,stable,0.477487806737,1.01425599718,76.3217305474,66.9156899351,85.7277711597,0.640204764589,6,15.8460564325,COMP_0006,59.0656953109,COMP_0974,0.350342171386
GROUP_0195,2026-04,70.8678904014,healthy,stable,-1.68443670626,-1.01894585336,72.5921255966,63.1860849844,81.9981662089,0.640204764589,6,19.273890595,COMP_0006,55.2493175119,COMP_0974,0.404437108213
GROUP_0195,2026-05,75.8976712209,healthy,stable,5.02978081949,3.82283191996,77.6219064161,68.2158658038,87.0279470284,0.640204764589,6,27.110592545,COMP_0006,54.4475183406,COMP_0974,0.366709637062
GROUP_0195,2026-06,63.9705081452,healthy,stable,-11.9271630757,-8.58181896246,62.2383001945,52.8322595822,71.6443408068,0.640204764589,6,24.7345595342,COMP_0006,59.1131148913,COMP_0008,0.353421005769
GROUP_0195,2026-07,63.9436886225,healthy,stable,-0.0268195227179,-6.92420177892,55.3530614206,45.9470208083,64.7591020329,0.640204764589,6,26.487298232,COMP_0006,57.3945824378,COMP_0008,0.376343696236
GROUP_0195,2026-08,64.5918139541,healthy,stable,0.648125331595,-11.3058572668,56.0011867522,46.5951461399,65.4072273645,0.823120411615,6,26.4240189475,COMP_0006,55.884018746,COMP_0008,0.341898844899
GROUP_0196,2025-12,59.076751625,watch,warmup,,,59.076751625,49.6707110127,68.4827922373,0.332,1,0,COMP_0708,59.076751625,COMP_0708,0.409134863114
GROUP_0196,2026-01,60.603062646,healthy,warmup,1.526311021,,60.603062646,51.1970220337,70.0091032583,0.326406933843,2,4.68324020167,COMP_0708,59.0521215242,COMP_1175,0.401295552687
GROUP_0196,2026-02,61.169681257,healthy,warmup,0.566618611037,,66.5066518187,57.1006112064,75.912692431,0.326406933843,2,6.17378578327,COMP_0708,59.1251185534,COMP_1175,0.408318262319
GROUP_0196,2026-03,59.6529068434,watch,stable,-1.51677441365,0.576155218391,61.5875162371,52.1814756248,70.9935568494,0.326406933843,2,14.0162898895,COMP_0708,55.0111546744,COMP_1175,0.44339607989
GROUP_0196,2026-04,61.4274030095,healthy,stable,1.77449616617,0.82434036356,63.5729697767,54.1669291644,72.979010389,0.326406933843,2,14.5362263851,COMP_0708,56.6134643079,COMP_1175,0.421836511037
GROUP_0196,2026-05,62.5707913047,healthy,stable,1.14338829522,1.40111004774,65.460546221,56.0545056088,74.8665868333,0.49294600451,2,17.4122513414,COMP_0708,56.8044040462,COMP_1175,0.422016699718
GROUP_0196,2026-06,61.4508947457,healthy,stable,-1.11989655909,1.7979879023,62.8522733637,53.4462327514,72.258313976,0.571212134225,2,17.835449474,COMP_0708,55.5443576425,COMP_1175,0.436810001991
GROUP_0196,2026-07,62.9100681441,healthy,stable,1.45917339848,1.48266513461,65.2919552253,55.885914613,74.6979958376,0.571212134225,2,10.1584805227,COMP_0708,59.5459004955,COMP_1175,0.374480396855
GROUP_0196,2026-08,59.9471448662,watch,stable,-2.96292327794,-2.62364643856,60.8123008066,51.4062601943,70.2183414189,0.571212134225,2,15.9962108073,COMP_0708,54.6497054727,COMP_1175,0.446879403434
GROUP_0197,2024-09,49.7820151193,watch,warmup,,,49.7820151193,40.375974507,59.1880557316,0.332,2,0.0914028678063,COMP_0574,49.7293006544,COMP_1139,0.409642312287
GROUP_0197,2024-10,47.5473383377,watch,warmup,-2.23467678161,,47.5473383377,38.1412977254,56.9533789499,0.332,2,5.46708594285,COMP_0574,44.3943244671,COMP_1139,0.446839425147
GROUP_0197,2024-11,47.3618307481,watch,warmup,-0.18550758961,,41.1903606014,31.7843199891,50.5964012137,0.332,2,5.10073956618,COMP_0574,44.4200985765,COMP_1139,0.442631521707
GROUP_0197,2024-12,48.063797115,watch,stable,0.701966366993,-1.71821800423,46.1302674579,36.7242268457,55.5363080702,0.332,2,8.37041248807,COMP_0574,43.2363576064,COMP_1139,0.446208939567
GROUP_0197,2025-01,46.4893737322,watch,stable,-1.57442338282,-1.05796460544,43.9165057334,34.5104651211,53.3225463457,0.332,2,6.21821493655,COMP_0574,42.9031637933,COMP_1139,0.453809403861
GROUP_0197,2025-02,46.5256045814,watch,stable,0.0362308491968,-0.836226166635,44.300839191,34.8947985788,53.7068798033,0.581,2,4.44995818755,COMP_0574,43.9591953397,COMP_1139,0.445598690136
GROUP_0197,2025-03,47.4263876182,watch,stable,0.900783036785,-0.637409496843,46.4802989112,37.0742582989,55.8863395235,0.581,2,1.07883910086,COMP_1139,46.9697437205,COMP_0574,0.417815059349
GROUP_0197,2025-04,48.1909412648,watch,stable,0.764553646552,1.70156753253,48.3757185957,38.9696779834,57.7817592079,0.581,2,4.75776297733,COMP_1139,46.177106738,COMP_0574,0.387653274337
GROUP_0197,2025-05,48.1564337164,watch,stable,-0.0345075483541,1.63082913498,50.0180512668,40.6120106545,59.4240918791,0.581,2,0.259352116492,COMP_0574,48.0068584529,COMP_1139,0.423851097004
GROUP_0197,2025-06,48.8306828548,watch,stable,0.674249138386,1.40429523658,51.220068264,41.8140276518,60.6261088763,0.581,2,0.949799149733,COMP_1139,48.4286581364,COMP_0574,0.40606397599
GROUP_0197,2025-07,47.7353328799,watch,stable,-1.09534997493,-0.455608384902,49.5969504303,40.190909818,59.0029910425,0.581,2,1.79510027546,COMP_1139,46.9755146773,COMP_0574,0.418478411841
GROUP_0197,2025-08,48.8738653332,watch,stable,1.13853245333,0.717431616787,50.0934990817,40.6874584694,59.499539694,0.747,2,1.59802281591,COMP_1139,48.1974647776,COMP_0574,0.404229891357
GROUP_0197,2025-09,50.7248669731,watch,stable,1.85100163993,1.89418411833,52.3562080277,42.9501674154,61.76224864,0.747,2,1.44679769137,COMP_1139,50.1124759906,COMP_0574,0.384991291633
GROUP_0197,2025-10,47.547414235,watch,stable,-3.1774527381,-0.187918644839,47.6575295549,38.2514889426,57.0635701672,0.747,2,0.601558158517,COMP_0574,47.2004796454,COMP_1139,0.427590795082
GROUP_0197,2025-11,48.5500025621,watch,stable,1.00258832709,-0.323862771086,48.2637086636,38.8576680513,57.6697492758,0.747,2,2.1982827221,COMP_1139,47.6195279533,COMP_0574,0.394543949849
GROUP_0197,2025-12,48.4096306059,watch,stable,-0.140371956207,-2.31523636722,48.0901689097,38.6841282974,57.496209522,0.747,2,3.18476225001,COMP_0574,46.5728935116,COMP_1139,0.427390631002
GROUP_0197,2026-01,47.3235036013,watch,stable,-1.08612700463,-0.223910633753,45.7421346347,36.3360940224,55.148175247,0.747,2,1.6029226539,COMP_1139,46.6450290746,COMP_0574,0.405432083074
GROUP_0197,2026-02,45.9644958187,watch,stable,-1.35900778261,-2.58550674345,41.6277575195,32.2217169073,51.0337981318,0.83,2,1.1074852458,COMP_1139,45.4957267697,COMP_0574,0.418011760445
GROUP_0197,2026-03,46.6761149983,watch,stable,0.711619179616,-1.73351560762,44.6578940174,35.2518534051,54.0639346297,0.83,2,4.03332441333,COMP_0574,44.3499895353,COMP_1139,0.441134774584
GROUP_0197,2026-04,49.2405461481,watch,stable,2.56443114988,1.91704254689,47.5897052105,38.1836645982,56.9957458228,0.83,2,3.37740396055,COMP_0574,47.2927074557,COMP_1139,0.42195491309
GROUP_0197,2026-05,45.8987762342,watch,stable,-3.34176991396,-0.0657195844671,44.0822488412,34.6762082289,53.4882894535,0.83,2,3.73441235528,COMP_0574,43.7450413052,COMP_1139,0.437826485675
GROUP_0197,2026-06,46.644185509,watch,stable,0.745409274838,-0.0319294892453,46.5324622154,37.1264216031,55.9385028277,0.83,2,2.7289011359,COMP_0574,45.0703556437,COMP_1139,0.42276304181
GROUP_0197,2026-07,48.4697720095,watch,stable,1.82558650047,-0.770774138656,50.7566846988,41.3506440865,60.1627253111,0.83,2,2.02511800786,COMP_1139,47.6125934186,COMP_0574,0.385992404036
GROUP_0197,2026-08,49.4363808862,watch,stable,0.966608876712,3.53760465202,52.2518520919,42.8458114796,61.6578927042,0.83,2,0.669369670775,COMP_1139,49.1530545077,COMP_0574,0.380177033601
GROUP_0198,2024-09,78.1806404739,healthy,warmup,,,78.1806404739,68.7745998616,87.5866810862,0.242488888889,1,0,COMP_0259,78.1806404739,COMP_0259,
GROUP_0198,2024-10,74.8855305459,healthy,warmup,-3.29510992804,,74.8855305459,65.4794899336,84.2915711581,0.242488888889,1,0,COMP_0259,74.8855305459,COMP_0259,
GROUP_0198,2024-11,75.841898125,healthy,warmup,0.956367579099,,69.8781051352,60.4720645229,79.2841457475,0.242488888889,1,0,COMP_0259,75.841898125,COMP_0259,
GROUP_0198,2024-12,77.6663768017,healthy,stable,1.82447867675,-0.51426367219,79.6679900071,70.2619493948,89.0740306193,0.242488888889,1,0,COMP_0259,77.6663768017,COMP_0259,
GROUP_0198,2025-01,78.6508841015,healthy,stable,0.984507299781,3.76535355563,83.6001150426,74.1940744303,93.0061556549,0.242488888889,1,0,COMP_0259,78.6508841015,COMP_0259,
GROUP_0198,2025-02,76.7446990079,healthy,stable,-1.9061850936,0.902800882926,78.2794605089,68.8734198966,87.6855011211,0.424355555556,1,0,COMP_0259,76.7446990079,COMP_0259,
GROUP_0198,2025-03,76.7990342475,healthy,stable,0.0543352396006,-0.867342554222,78.7508080231,69.3447674109,88.1568486354,0.424355555556,1,0,COMP_0259,76.7990342475,COMP_0259,
GROUP_0198,2025-04,78.5824541346,healthy,stable,1.78341988712,-0.0684299668831,79.8028026908,70.3967620785,89.2088433031,0.424355555556,1,0,COMP_0259,78.5824541346,COMP_0259,
GROUP_0198,2025-05,75.5129181138,healthy,stable,-3.06953602077,-1.23178089405,73.418890594,64.0128499817,82.8249312063,0.424355555556,1,0,COMP_0259,75.5129181138,COMP_0259,
GROUP_0198,2025-06,76.0505007382,healthy,stable,0.53758262434,-0.748533509306,73.9564732183,64.550432606,83.3625138306,0.424355555556,1,0,COMP_0259,76.0505007382,COMP_0259,
GROUP_0198,2025-07,80.0335494834,solid,stable,3.98304874518,1.45109534875,82.5004115762,73.094370964,91.9064521885,0.424355555556,1,0,COMP_0259,80.0335494834,COMP_0259,
GROUP_0198,2025-08,78.9004699574,healthy,stable,-1.13307952599,3.38755184353,81.3673320502,71.961291438,90.7733726625,0.5456,1,0,COMP_0259,78.9004699574,COMP_0259,
GROUP_0198,2025-09,76.9623475073,healthy,stable,-1.93812245005,0.91184676914,78.5124870149,69.1064464026,87.9185276271,0.5456,1,0,COMP_0259,76.9623475073,COMP_0259,
GROUP_0198,2025-10,77.7844757712,healthy,stable,0.822128263842,-2.2490737122,79.9952939382,70.5892533259,89.4013345505,0.5456,1,0,COMP_0259,77.7844757712,COMP_0259,
GROUP_0198,2025-11,76.0070098824,healthy,stable,-1.77746588877,-2.89346007497,73.1612247076,63.7551840953,82.5672653199,0.5456,1,0,COMP_0259,76.0070098824,COMP_0259,
GROUP_0198,2025-12,60.5236365311,healthy,stable,-15.4833733513,-16.4387109763,52.6920714922,43.2860308799,62.0981121044,0.5456,1,0,COMP_0259,60.5236365311,COMP_0259,
GROUP_0198,2026-01,76.877113623,healthy,stable,16.353477092,-0.907362148147,74.0313284482,64.6252878359,83.4373690605,0.5456,1,0,COMP_0259,76.877113623,COMP_0259,
GROUP_0198,2026-02,77.8217145626,healthy,stable,0.944600939574,1.81470468019,77.8691940217,68.4631534094,87.2752346339,0.606222222222,1,0,COMP_0259,77.8217145626,COMP_0259,
GROUP_0198,2026-03,77.2644579943,healthy,stable,-0.557256568335,16.7408214632,78.2521861409,68.8461455286,87.6582267532,0.606222222222,1,0,COMP_0259,77.2644579943,COMP_0259,
GROUP_0198,2026-04,76.5125655749,healthy,stable,-0.751892419348,-0.364548048109,78.1158119175,68.7097713052,87.5218525298,0.606222222222,1,0,COMP_0259,76.5125655749,COMP_0259,
GROUP_0198,2026-05,78.7019455955,healthy,stable,2.18938002061,0.880231032929,82.3675389787,72.9614983665,91.773579591,0.606222222222,1,0,COMP_0259,78.7019455955,COMP_0259,
GROUP_0198,2026-06,78.5821040624,healthy,stable,-0.119841533115,1.31764606815,80.0784968184,70.6724562061,89.4845374307,0.606222222222,1,0,COMP_0259,78.5821040624,COMP_0259,
GROUP_0198,2026-07,77.4396806243,healthy,stable,-1.14242343807,0.927115049431,77.6630894777,68.2570488654,87.06913009,0.606222222222,1,0,COMP_0259,77.4396806243,COMP_0259,
GROUP_0198,2026-08,77.1006394675,healthy,stable,-0.33904115683,-1.60130612801,76.9335445702,67.5275039579,86.3395851825,0.606222222222,1,0,COMP_0259,77.1006394675,COMP_0259,
GROUP_0199,2025-04,59.8592410377,watch,warmup,,,59.8592410377,50.4532004254,69.26528165,0.2,1,0,COMP_0761,59.8592410377,COMP_0761,0.181882382531
GROUP_0199,2025-05,59.8169887812,watch,warmup,-0.0422522564287,,59.8169887812,50.410948169,69.2230293935,0.2,1,0,COMP_0761,59.8169887812,COMP_0761,0.179390107133
GROUP_0199,2025-06,58.7609053999,watch,warmup,-1.05608338131,,55.9601495237,46.5541089114,65.366190136,0.2,1,0,COMP_0761,58.7609053999,COMP_0761,0.200302609617
GROUP_0199,2025-07,62.1816030683,healthy,stable,3.42069766839,2.32236203065,64.0478675405,54.6418269282,73.4539081528,0.205031965695,4,31.1308206578,COMP_0761,58.9142445052,COMP_0445,0.191410586197
GROUP_0199,2025-08,58.790949444,watch,stable,-3.39065362431,-1.02603933723,58.0021702992,48.5961296869,67.4082109115,0.205031965695,4,35.7992272817,COMP_0761,55.4091384303,COMP_0445,0.221925321788
GROUP_0199,2025-09,62.0871058837,healthy,stable,3.29615643967,3.32620048376,62.1637181961,52.7576775838,71.5697588084,0.308570526601,4,29.1310364407,COMP_0761,59.5334555604,COMP_0445,0.167243984447
GROUP_0199,2025-10,62.3685642871,healthy,stable,0.281458403433,0.1869612188,64.9711713031,55.5651306908,74.3772119154,0.308526329091,5,32.4694785843,COMP_1083,56.9783722223,COMP_0445,0.176727110767
GROUP_0199,2025-11,63.4648335025,healthy,stable,1.09626921538,4.67388405848,68.0645985837,58.6585579714,77.470639196,0.308526329091,5,35.2795163576,COMP_1083,56.9964069804,COMP_0445,0.174458077194
GROUP_0199,2025-12,64.1956312599,healthy,stable,0.730797757361,2.10852537617,67.7801243993,58.3740837871,77.1861650116,0.350454932365,7,35.3396481732,COMP_1083,57.3628950397,COMP_0445,0.171976906562
GROUP_0199,2026-01,87.0550710351,solid,improving,22.8594397752,24.6865067479,95.0006739345,85.5946333222,100,0.19957310087,10,35.4884055109,COMP_0276,56.8718624877,COMP_0445,0.187160604271
GROUP_0199,2026-02,75.1279745632,healthy,improving,-11.9270964718,11.6631410607,88.4296606164,79.0236200041,97.8357012287,0.189729959235,11,43.4000264689,COMP_0900,47.4800729222,COMP_0212,0.169867304203
GROUP_0199,2026-03,73.6045768256,healthy,stable,-1.52339773767,9.40894556571,86.5327495625,77.1267089502,95.9387901748,0.194790928185,11,44.3809252544,COMP_0900,47.259529603,COMP_0445,0.171829611247
GROUP_0199,2026-04,73.8682120976,healthy,stable,0.263635272047,-13.1868589374,84.4796582646,75.0736176523,93.8856988769,0.194790928185,11,45.174820348,COMP_0900,47.4178962936,COMP_0445,0.163902909774
GROUP_0199,2026-05,74.9715526427,healthy,stable,1.10334054513,-0.156421920492,76.3160925302,66.9100519179,85.7221331425,0.195289520711,11,47.0115181249,COMP_0900,48.0641015499,COMP_0445,0.11297534591
GROUP_0199,2026-06,78.6030514561,healthy,stable,3.6314988134,4.99847463058,78.3371341913,68.931093579,87.7431748036,0.295644794743,11,43.5597416704,COMP_0900,49.9073613852,COMP_0445,0.180038001699
GROUP_0199,2026-07,72.130102294,healthy,stable,-6.47294916217,-1.73810980364,71.8641850291,62.4581444168,81.2702256414,0.319821710082,11,47.8370404602,COMP_0900,46.6901947603,COMP_0296,0.174023310454
GROUP_0199,2026-08,66.9866010227,healthy,stable,-5.14350127132,-7.98495162009,64.0318143565,54.6257737442,73.4378549687,0.319821710082,11,52.7787964174,COMP_0276,43.5348932049,COMP_0296,0.161679610667
GROUP_0200,2025-01,69.4797383103,healthy,warmup,,,69.4797383103,60.073697698,78.8857789226,0.374176776174,8,42.0032737386,COMP_1093,41.6675446849,COMP_0466,0.350929808854
GROUP_0200,2025-02,70.6116573853,healthy,warmup,1.13191907497,,70.6116573853,61.205616773,80.0176979976,0.374176675304,9,40.5271442637,COMP_1093,44.8243442155,COMP_0466,0.31755077332
GROUP_0200,2025-03,70.4448658922,healthy,warmup,-0.166791493089,,72.905941226,63.4999006137,82.3119818383,0.374176675304,9,46.7085622985,COMP_1093,40.9132530945,COMP_0466,0.345792371572
GROUP_0200,2025-04,69.1736813702,healthy,stable,-1.27118452203,-0.306056940153,68.4882146636,59.0821740514,77.8942552759,0.374176675304,9,43.3966608167,COMP_1093,44.3815329322,COMP_0466,0.323296618154
GROUP_0200,2025-05,70.7304506717,healthy,stable,1.55676930151,0.118793286384,71.1955455589,61.7895049466,80.6015861712,0.374176675304,9,44.9594296131,COMP_1093,42.4989935882,COMP_0466,0.33239980177
GROUP_0200,2025-06,71.0024638648,healthy,stable,0.272013193108,0.557597972581,71.9503804182,62.5443398059,81.3564210304,0.654808899409,9,41.1213854769,COMP_1093,46.1099063525,COMP_0466,0.312668048391
GROUP_0200,2025-07,70.319016989,healthy,stable,-0.683446875785,1.14533561883,70.5209655758,61.1149249635,79.9270061881,0.654809181782,9,40.311640674,COMP_1093,47.2778336651,COMP_0466,0.324775651117
GROUP_0200,2025-08,70.6759868296,healthy,stable,0.3569698406,-0.0544638420781,71.4042280172,61.9981874049,80.8102686295,0.654809181782,9,43.3071895505,COMP_1093,45.0627339816,COMP_0466,0.312468551815
GROUP_0200,2025-09,71.1555294367,healthy,stable,0.479542607103,0.153065571917,72.9760756237,63.5700350115,82.382116236,0.654809181782,9,37.9112850985,COMP_1093,48.5912156066,COMP_0466,0.303079475378
GROUP_0200,2025-10,72.4062379888,healthy,stable,1.25070855215,2.08722099985,74.1155410524,64.7095004401,83.5215816646,0.654809181782,9,43.3624301991,COMP_1093,44.7318430174,COMP_0466,0.322972718233
GROUP_0200,2025-11,73.9896560921,healthy,stable,1.58341810325,3.3136692625,77.0365921639,67.6305515517,86.4426327762,0.654809181782,9,43.1548769978,COMP_1093,46.2637812507,COMP_0466,0.331999121116
GROUP_0200,2025-12,74.1724627578,healthy,stable,0.18280666571,3.01693332111,78.6304695663,69.224428954,88.0365101785,0.841897331185,9,43.1761965408,COMP_1093,48.2656588542,COMP_0466,0.336608563958
GROUP_0200,2026-01,72.8515087789,healthy,stable,-1.32095397893,0.445270790027,77.263649235,67.8576086227,86.6696898472,0.841897519434,9,42.4058279776,COMP_1093,49.4166109727,COMP_0466,0.329168215949
GROUP_0200,2026-02,74.528837878,healthy,stable,1.67732909919,0.539181785965,77.2351527368,67.8291121245,86.6411933491,0.841897519434,9,45.3710526303,COMP_1093,49.5150286988,COMP_0466,0.314114934564
GROUP_0200,2026-03,75.1184347106,healthy,stable,0.589596832565,0.94597195282,76.7265870304,67.3205464181,86.1326276427,0.841897519434,9,47.1108447343,COMP_1093,49.8139675553,COMP_0466,0.335497216592
GROUP_0200,2026-04,74.5695049645,healthy,stable,-0.548929746103,1.71799618565,75.4861140006,66.0800733884,84.8921546129,0.841897519434,9,48.1661075673,COMP_1093,47.7835495361,COMP_0466,0.319842796722
GROUP_0200,2026-05,73.5271285033,healthy,stable,-1.04237646125,-1.00170937479,74.0333573168,64.6273167045,83.4393979291,0.841897519434,9,51.2955805857,COMP_0563,45.8252433001,COMP_0466,0.303453860381
GROUP_0200,2026-06,74.5557170177,healthy,stable,1.02858851444,-0.562717692911,74.6594180882,65.2533774759,84.0654587005,0.935441594135,9,52.1218271874,COMP_0563,45.00679783,COMP_0466,0.300849622834
GROUP_0200,2026-07,75.1308068927,healthy,stable,0.575089874991,0.561301928183,75.1650777957,65.7590371835,84.571118408,0.935441688259,9,42.9798295458,COMP_1093,54.2332911209,COMP_0466,0.300078175235
GROUP_0200,2026-08,73.7243125785,healthy,stable,-1.40649431416,0.197184075272,72.7676925006,63.3616518883,82.1737331129,0.935441688259,9,45.4757091139,COMP_1093,51.6879985452,COMP_0466,0.302586795044
GROUP_0201,2025-10,67.2999526714,healthy,warmup,,,67.2999526714,57.8939120591,76.7059932837,0.274488888889,1,0,COMP_0403,67.2999526714,COMP_0403,
GROUP_0201,2025-11,67.871741632,healthy,warmup,0.57178896064,,67.871741632,58.4657010197,77.2777822443,0.274488888889,1,0,COMP_0403,67.871741632,COMP_0403,
GROUP_0201,2025-12,70.1306078915,healthy,warmup,2.25886625949,,77.3487787028,67.9427380906,86.7548193151,0.274488888889,1,0,COMP_0403,70.1306078915,COMP_0403,
GROUP_0201,2026-01,68.3212879869,healthy,stable,-1.80931990459,1.02133531554,70.6474848548,61.2414442425,80.053525467,0.274488888889,1,0,COMP_0403,68.3212879869,COMP_0403,
GROUP_0201,2026-02,70.0454921844,healthy,stable,1.72420419747,2.17375055237,73.2538354736,63.8477948613,82.6598760859,0.274488888889,1,0,COMP_0403,70.0454921844,COMP_0403,
GROUP_0201,2026-03,70.1233261504,healthy,stable,0.0778339660382,-0.00728174107888,73.0031670991,63.5971264868,82.4092077113,0.480355555556,1,0,COMP_0403,70.1233261504,COMP_0403,
GROUP_0201,2026-04,68.277606135,healthy,stable,-1.84572001538,-0.0436818518663,68.6745593618,59.2685187496,78.0805999741,0.480355555556,1,0,COMP_0403,68.277606135,COMP_0403,
GROUP_0201,2026-05,58.2744193202,watch,stable,-10.0031868148,-11.7710728642,53.7663098944,44.3602692821,63.1723505067,0.480355555556,1,0,COMP_0403,58.2744193202,COMP_0403,
GROUP_0201,2026-06,38.7982544548,stress,stable,-19.4761648654,-31.3250716956,18.7874305857,9.38138997346,28.193471198,0.480355555556,1,0,COMP_0403,38.7982544548,COMP_0403,
GROUP_0201,2026-07,39.4012887516,stress,deteriorating,0.603034296737,-28.8763173835,0.230691068024,0,9.63673168031,0.480355555556,1,0,COMP_0403,39.4012887516,COMP_0403,
GROUP_0201,2026-08,49.2363603437,watch,deteriorating,9.83507159215,-9.0380589765,19.0216479267,9.61560731441,28.427688539,0.480355555556,1,0,COMP_0403,49.2363603437,COMP_0403,
GROUP_0202,2024-09,69.3945666504,healthy,warmup,,,69.3945666504,59.9885260381,78.8006072627,0.333108073073,6,28.5038140735,COMP_0525,54.1090329232,COMP_0450,0.255975976521
GROUP_0202,2024-10,68.6931794994,healthy,warmup,-0.701387150995,,68.6931794994,59.2871388871,78.0992201117,0.333108073073,6,30.8322478626,COMP_0525,53.0324432743,COMP_0450,0.275385656277
GROUP_0202,2024-11,68.5078670829,healthy,warmup,-0.185312416488,,66.2467831858,56.8407425735,75.6528237981,0.333108073073,6,24.7048132528,COMP_0525,56.5261976191,COMP_0450,0.236656262119
GROUP_0202,2024-12,68.6214870862,healthy,stable,0.113620003304,-0.773079564179,67.4918227946,58.0857821823,76.8978634069,0.333108073073,6,23.6653024938,COMP_0525,56.432503089,COMP_0450,0.246788915123
GROUP_0202,2025-01,69.2419887577,healthy,stable,0.620501671463,0.548809258279,69.0533125243,59.647271912,78.4593531366,0.333108073073,6,28.4323639105,COMP_0525,51.3618057531,COMP_0450,0.289488302376
GROUP_0202,2025-02,71.0251030876,healthy,stable,1.78311432992,2.51723600469,71.9580788267,62.5520382144,81.364119439,0.582939127878,6,27.8494713704,COMP_0525,53.9816822089,COMP_0450,0.275250571578
GROUP_0202,2025-03,71.301341535,healthy,stable,0.276238447382,2.67985444876,74.2745441099,64.8685034977,83.6805847222,0.582939127878,6,27.5320748618,COMP_0525,53.4448037822,COMP_0450,0.283705666519
GROUP_0202,2025-04,70.6230729633,healthy,stable,-0.678268571642,1.38108420566,73.1750949567,63.7690543444,82.581135569,0.582939127878,6,24.076762122,COMP_0525,55.5508466918,COMP_0450,0.270325962818
GROUP_0202,2025-05,72.4095472148,healthy,stable,1.78647425145,1.38444412719,75.5741057393,66.168065127,84.9801463515,0.582939127878,6,24.7680617699,COMP_0525,55.6322159011,COMP_0450,0.269620073631
GROUP_0202,2025-06,69.8389491176,healthy,stable,-2.57059809715,-1.46239241734,71.2477651993,61.841724587,80.6538058116,0.582939127878,6,27.3951614357,COMP_0525,54.3144174891,COMP_0450,0.284424100311
GROUP_0202,2025-07,71.9801662039,healthy,stable,2.14121708623,1.35709324053,72.8456676567,63.4396270444,82.251708269,0.582939127878,6,29.7536563428,COMP_0525,54.5580046127,COMP_1173,0.281827815673
GROUP_0202,2025-08,73.6902855898,healthy,stable,1.71011938588,1.28073837496,75.9973440987,66.5913034864,85.4033847109,0.749493164415,6,30.6561788979,COMP_0525,58.1592150287,COMP_1173,0.24200693749
GROUP_0202,2025-09,73.6896596295,healthy,stable,-0.000625960207643,3.8507105119,76.8175780291,67.4115374168,86.2236186414,0.749493164415,6,30.720769029,COMP_0525,56.4365346279,COMP_1173,0.261091806337
GROUP_0202,2025-10,70.5129927375,healthy,stable,-3.17666689204,-1.46717346637,71.3723983528,61.9663577405,80.7784389651,0.749493164415,6,33.3035827387,COMP_0525,53.5811174043,COMP_1173,0.280609011244
GROUP_0202,2025-11,70.6024454522,healthy,stable,0.0894527147197,-3.08784013752,71.0586542973,61.652613685,80.4646949096,0.749493164415,6,33.2601920237,COMP_0525,53.2119481897,COMP_1173,0.279025367496
GROUP_0202,2025-12,71.6419989027,healthy,stable,1.03955345051,-2.0476607268,69.8854049444,60.4793643321,79.2914455567,0.749493164415,6,34.9539213488,COMP_0525,54.5242748161,COMP_1173,0.262869493088
GROUP_0202,2026-01,70.6566217697,healthy,stable,-0.985377133037,0.143629032196,67.5622846733,58.156244061,76.9683252855,0.749493164415,6,37.3006055489,COMP_0525,51.981623145,COMP_1173,0.269157295221
GROUP_0202,2026-02,67.7647964624,healthy,stable,-2.89182530733,-2.83764898985,63.8976731911,54.4916325788,73.3037138034,0.832770182683,6,36.7444701958,COMP_1142,50,COMP_1173,0.248347866315
GROUP_0202,2026-03,68.3648654585,healthy,stable,0.600068996171,-3.27713344419,65.5119509666,56.1059103543,74.9179915789,0.832770182683,6,35.7036035459,COMP_1142,50,COMP_1173,0.274134682222
GROUP_0202,2026-04,70.887545424,healthy,stable,2.52267996542,0.230923654264,69.9256172385,60.5195766262,79.3316578508,0.832770182683,6,29.9467454489,COMP_0525,55.2929095534,COMP_1173,0.255536871223
GROUP_0202,2026-05,70.8937204615,healthy,stable,0.00617503751214,3.1289239991,70.9252131528,61.5191725405,80.3312537651,0.832770182683,6,33.4733917313,COMP_0525,54.1152650693,COMP_1173,0.264575884597
GROUP_0202,2026-06,71.9915051844,healthy,stable,1.09778472295,3.62663972589,75.0518570649,65.6458164526,84.4578976772,0.832770182683,6,30.5220968921,COMP_0525,55.4994848241,COMP_1173,0.248140261817
GROUP_0202,2026-07,72.9819136509,healthy,stable,0.990408466506,2.09436822697,78.3068062841,68.9007656718,87.7128468964,0.832770182683,6,36.5921731323,COMP_0525,54.4317614269,COMP_1173,0.268910409481
GROUP_0202,2026-08,74.0471634014,healthy,improving,1.06524975043,3.15344293989,79.4080163992,70.0019757869,88.8140570115,0.832770182683,6,38.0593299521,COMP_0525,54.2810099456,COMP_1173,0.273238883985
GROUP_0203,2025-12,60.6882075793,healthy,warmup,,,60.6882075793,51.2821669671,70.0942481916,0.379028188733,4,38.3236894537,COMP_0996,50.6984879373,COMP_0013,0.437190608946
GROUP_0203,2026-01,61.3040151071,healthy,warmup,0.615807527772,,61.3040151071,51.8979744948,70.7100557194,0.379028188733,4,36.2444281032,COMP_0996,52.9519862791,COMP_0013,0.42113213573
GROUP_0203,2026-02,62.376728148,healthy,warmup,1.07271304092,,66.6824555982,57.2764149859,76.0884962105,0.379028188733,4,35.1074128871,COMP_0996,54.6550589405,COMP_0013,0.414303842164
GROUP_0203,2026-03,60.582836703,healthy,stable,-1.79389144499,-0.105370876303,62.063580654,52.6575400417,71.4696212663,0.381068247241,5,34.3783129213,COMP_0996,50.6966485769,COMP_0013,0.448338599607
GROUP_0203,2026-04,62.5215737113,healthy,stable,1.93873700824,1.21755860416,64.7252694339,55.3192288216,74.1313100462,0.381068247241,5,34.3267147022,COMP_0996,50.4917024706,COMP_0013,0.441711917257
GROUP_0203,2026-05,62.4323133526,healthy,stable,-0.0892603586855,0.0555852045588,64.2113012413,54.805260629,73.6173418536,0.637686566941,5,39.0455643648,COMP_0996,49.8299130414,COMP_0013,0.455188979992
GROUP_0203,2026-06,62.2481991519,healthy,stable,-0.184114200697,1.66536244885,62.6175553382,53.2115147259,72.0235959505,0.637686566941,5,35.5409458612,COMP_0996,53.2094818711,COMP_0013,0.435075023326
GROUP_0203,2026-07,63.5436399125,healthy,stable,1.2954407606,1.02206620122,64.7338899123,55.3278493,74.1399305245,0.637686566941,5,38.5078579883,COMP_0996,52.5644864629,COMP_0013,0.443261615364
GROUP_0203,2026-08,62.4461173862,healthy,stable,-1.09752252631,0.0138040335941,64.1836299283,54.777589316,73.5896705406,0.666869432672,5,33.7521181664,COMP_0996,50.7188851375,COMP_0013,0.456674732975
GROUP_0204,2026-04,74.6706938211,healthy,warmup,,,74.6706938211,65.2646532088,84.0767344334,0.371111111111,1,0,COMP_0415,74.6706938211,COMP_0415,
GROUP_0204,2026-05,72.3612857539,healthy,warmup,-2.30940806719,,72.3612857539,62.9552451416,81.7673263662,0.371111111111,1,0,COMP_0415,72.3612857539,COMP_0415,
GROUP_0204,2026-06,72.7913547904,healthy,warmup,0.430069036542,,67.9990402623,58.59299965,77.4050808746,0.371111111111,1,0,COMP_0415,72.7913547904,COMP_0415,
GROUP_0204,2026-07,76.8464436211,healthy,stable,4.05508883069,2.17574980004,79.7925069943,70.386466382,89.1985476066,0.371111111111,1,0,COMP_0415,76.8464436211,COMP_0415,
GROUP_0204,2026-08,73.2393761847,healthy,stable,-3.60706743641,0.87809043082,74.5569803286,65.1509397163,83.9630209409,0.371111111111,1,0,COMP_0415,73.2393761847,COMP_0415,
GROUP_0205,2024-09,65.0655786045,healthy,warmup,,,65.0655786045,55.6595379922,74.4716192168,0.275824419536,3,48.4900640034,COMP_0737,35.676052788,COMP_0285,0.344330854032
GROUP_0205,2024-10,65.1086846466,healthy,warmup,0.0431060420874,,65.1086846466,55.7026440343,74.5147252589,0.275824419536,3,49.7879324328,COMP_0737,36.0458182319,COMP_0285,0.356962043057
GROUP_0205,2024-11,65.2400744832,healthy,warmup,0.131389836623,,65.6850389739,56.2789983616,75.0910795862,0.275824419536,3,44.8940709619,COMP_0737,37.4817960588,COMP_0285,0.31837618497
GROUP_0205,2024-12,65.6867975549,healthy,stable,0.446723071726,0.621218950436,66.5498777462,57.1438371339,75.9559183585,0.275824419536,3,47.0230692751,COMP_0737,35.7824658988,COMP_0285,0.294272834589
GROUP_0205,2025-01,65.5865464373,healthy,stable,-0.100251117666,0.477861790683,66.3277730427,56.9217324304,75.733813655,0.275824419536,3,49.895352228,COMP_0737,34.477129668,COMP_0285,0.314549286083
GROUP_0205,2025-02,65.1119354959,healthy,stable,-0.474610941392,-0.128138987332,65.5568999866,56.1508593743,74.9629405989,0.482692734187,3,46.7164282697,COMP_0737,34.9329351221,COMP_0285,0.310826336173
GROUP_0205,2025-03,65.0260911828,healthy,stable,-0.0858443130422,-0.6607063721,64.8082549044,55.4022142921,74.2142955167,0.482692734187,3,41.9865895785,COMP_0737,41.0013633763,COMP_0285,0.345714447645
GROUP_0205,2025-04,63.6828813802,healthy,stable,-1.34320980266,-1.90366505709,62.2537204814,52.8476798691,71.6597610937,0.482692734187,3,38.8670249138,COMP_0737,41.5479141704,COMP_0285,0.356712175453
GROUP_0205,2025-05,64.329114419,healthy,stable,0.646233038791,-0.78282107691,62.8632161684,53.4571755561,72.2692567807,0.482692734187,3,40.1711630877,COMP_0737,39.7576185241,COMP_0285,0.337767470426
GROUP_0205,2025-06,62.9274458358,healthy,stable,-1.4016685832,-2.09864534707,60.5069300347,51.1008894224,69.912970647,0.482692734187,3,38.4067143986,COMP_0737,40.5687972698,COMP_0285,0.357365627478
GROUP_0205,2025-07,64.9312438271,healthy,stable,2.00379799135,1.24836244694,63.6004479964,54.1944073841,73.0064886087,0.482692734187,3,39.3946093316,COMP_0737,41.6807788305,COMP_0285,0.335950326657
GROUP_0205,2025-08,66.1980315677,healthy,stable,1.26678774057,1.86891714873,67.7334615585,58.3274209462,77.1395021708,0.620604943955,3,40.320578699,COMP_0737,40.545585585,COMP_0285,0.314573959459
GROUP_0205,2025-09,65.5972134523,healthy,stable,-0.600818115369,2.66976761656,67.7194296121,58.3133889998,77.1254702244,0.620604943955,3,37.884955154,COMP_0737,41.5333822822,COMP_0285,0.324624585572
GROUP_0205,2025-10,65.8470202147,healthy,stable,0.249806762341,0.915776387547,67.4638464822,58.0578058699,76.8698870945,0.620604943955,3,39.7854657857,COMP_0737,39.8133041542,COMP_0285,0.31315382616
GROUP_0205,2025-11,65.8675976075,healthy,stable,0.0205773928419,-0.330433960186,67.4244174663,58.018376854,76.8304580786,0.620604943955,3,42.2172236722,COMP_0737,41.5497124168,COMP_0285,0.349462242688
GROUP_0205,2025-12,64.2525979221,healthy,stable,-1.61499968538,-1.34461553019,63.6908601898,54.2848195775,73.0969008021,0.620604943955,3,38.5684687264,COMP_0737,43.5744244247,COMP_0285,0.371057645184
GROUP_0205,2026-01,61.2730915126,healthy,stable,-2.97950640956,-4.57392870209,58.2089191242,48.8028785119,67.6149597365,0.620604943955,3,47.3454213643,COMP_0737,33.9726253907,COMP_0285,0.398273416877
GROUP_0205,2026-02,61.6681067461,healthy,stable,0.395015233572,-4.19949086136,56.3399920738,46.9339514615,65.7460326861,0.689561048839,3,37.9520600602,COMP_0737,44.2274354729,COMP_0285,0.408087287665
GROUP_0205,2026-03,59.6496170538,watch,stable,-2.01848969237,-4.60298086836,52.5104825895,43.1044419772,61.9165232017,0.689561048839,3,33.0902711274,COMP_0737,44.595608882,COMP_0285,0.404495088699
GROUP_0205,2026-04,59.4848737807,watch,stable,-0.164743273072,-1.78821773187,52.8944212819,43.4883806696,62.3004618942,0.689561048839,3,35.9680360341,COMP_0737,44.7569166466,COMP_0285,0.413867500393
GROUP_0205,2026-05,61.115106385,healthy,stable,1.63023260432,-0.553000361117,57.9148650172,48.5088244049,67.3209056295,0.689561048839,3,33.2916076335,COMP_0737,47.1034861196,COMP_0285,0.393432881216
GROUP_0205,2026-06,59.8403835479,watch,stable,-1.27472283709,0.190766494158,58.900282934,49.4942423217,68.3063235463,0.689561048839,3,32.791824731,COMP_1109,47.2213502207,COMP_0285,0.419192080329
GROUP_0205,2026-07,59.1741756764,watch,stable,-0.666207871561,-0.310698104331,58.2340750625,48.8280344502,67.6401156748,0.689561048839,3,35.9725828775,COMP_1109,45.0038438033,COMP_0285,0.439466707252
GROUP_0205,2026-08,62.1909279359,healthy,stable,3.01675225952,1.07582155086,63.0974778423,53.69143723,72.5035184546,0.689561048839,3,32.091504504,COMP_0737,48.1160875574,COMP_0285,0.391658547367
GROUP_0206,2025-08,82.8196005591,solid,warmup,,,82.8196005591,73.4135599468,92.2256411714,0.391111111111,1,0,COMP_1237,82.8196005591,COMP_1237,
GROUP_0206,2025-09,86.508802321,solid,warmup,3.6892017619,,86.508802321,77.1027617087,95.9148429332,0.391111111111,1,0,COMP_1237,86.508802321,COMP_1237,
GROUP_0206,2025-10,85.1723419868,solid,warmup,-1.33646033419,,91.1718326274,81.7657920151,100,0.391111111111,1,0,COMP_1237,85.1723419868,COMP_1237,
GROUP_0206,2025-11,85.6890893113,solid,stable,0.516747324491,2.8694887522,89.4458604281,80.0398198158,98.8519010404,0.391111111111,1,0,COMP_1237,85.6890893113,COMP_1237,
GROUP_0206,2025-12,88.0306250085,solid,stable,2.34153569722,1.52182268753,93.4694357682,84.0633951559,100,0.391111111111,1,0,COMP_1237,88.0306250085,COMP_1237,
GROUP_0206,2026-01,89.1298230399,solid,stable,1.09919803139,3.9574810531,95.1293136805,85.7232730682,100,0.684444444444,1,0,COMP_1237,89.1298230399,COMP_1237,
GROUP_0206,2026-02,86.2167925628,solid,stable,-2.91303047706,0.527703251549,88.8038911316,79.3978505193,98.2099317439,0.684444444444,1,0,COMP_1237,86.2167925628,COMP_1237,
GROUP_0206,2026-03,92.5966675794,solid,stable,6.37987501654,4.56604257087,99.8852892847,90.4792486724,100,0.684444444444,1,0,COMP_1237,92.5966675794,COMP_1237,
GROUP_0206,2026-04,86.9561632954,solid,stable,-5.64050428395,-2.17365974446,88.8415586635,79.4355180512,98.2475992758,0.684444444444,1,0,COMP_1237,86.9561632954,COMP_1237,
GROUP_0206,2026-05,92.1367944253,solid,stable,5.18063112989,5.92000186248,95.9706829417,86.5646423294,100,0.684444444444,1,0,COMP_1237,92.1367944253,COMP_1237,
GROUP_0206,2026-06,89.2839578624,solid,stable,-2.85283656291,-3.31270971697,91.1693532305,81.7633126182,100,0.684444444444,1,0,COMP_1237,89.2839578624,COMP_1237,
GROUP_0206,2026-07,92.8170114562,solid,stable,3.53305359381,5.86084816079,96.7276472132,87.3216066009,100,0.88,1,0,COMP_1237,92.8170114562,COMP_1237,
GROUP_0206,2026-08,86.5168319115,solid,stable,-6.30017954472,-5.61996251382,85.3441553686,75.9381147563,94.7501959809,0.88,1,0,COMP_1237,86.5168319115,COMP_1237,
GROUP_0207,2025-01,55.3726991551,watch,warmup,,,55.3726991551,45.9666585428,64.7787397674,0.279111111111,1,0,COMP_0982,55.3726991551,COMP_0982,
GROUP_0207,2025-02,56.2473096205,watch,warmup,0.874610465388,,56.2473096205,46.8412690082,65.6533502328,0.279111111111,1,0,COMP_0982,56.2473096205,COMP_0982,
GROUP_0207,2025-03,51.8258647024,watch,warmup,-4.42144491808,,42.781436848,33.3753962357,52.1874774603,0.279111111111,1,0,COMP_0982,51.8258647024,COMP_0982,
GROUP_0207,2025-04,51.5393190544,watch,stable,-0.286545648032,-3.83338010072,43.7587320416,34.3526914293,53.1647726539,0.279111111111,1,0,COMP_0982,51.5393190544,COMP_0982,
GROUP_0207,2025-05,51.7472086717,watch,stable,0.207889617372,-4.50010094874,46.177585403,36.7715447907,55.5836260153,0.279111111111,1,0,COMP_0982,51.7472086717,COMP_0982,
GROUP_0207,2025-06,55.6499073982,watch,stable,3.90269872646,3.8240426958,54.8882195648,45.4821789525,64.2942601771,0.488444444444,1,0,COMP_0982,55.6499073982,COMP_0982,
GROUP_0207,2025-07,55.9197873909,watch,stable,0.269879992697,4.38046833653,56.9800244395,47.5739838272,66.3860650518,0.488444444444,1,0,COMP_0982,55.9197873909,COMP_0982,
GROUP_0207,2025-08,55.8467568267,watch,stable,-0.0730305642012,4.09954815496,61.0665082545,51.6604676422,70.4725488668,0.488444444444,1,0,COMP_0982,55.8467568267,COMP_0982,
GROUP_0207,2025-09,56.1365850081,watch,stable,0.289828181373,0.486677609868,60.8257962808,51.4197556685,70.2318368931,0.488444444444,1,0,COMP_0982,56.1365850081,COMP_0982,
GROUP_0207,2025-10,56.0771292884,watch,stable,-0.0594557196783,0.157341897493,56.9044812252,47.4984406129,66.3105218374,0.488444444444,1,0,COMP_0982,56.0771292884,COMP_0982,
GROUP_0207,2025-11,47.4926079119,watch,stable,-8.58452137649,-8.3541489148,47.7600891376,38.3540485253,57.1661297499,0.488444444444,1,0,COMP_0982,47.4926079119,COMP_0982,
GROUP_0207,2025-12,36.1377613058,stress,stable,-11.3548466061,-19.9988237022,21.9357081507,12.5296675384,31.341748763,0.628,1,0,COMP_0982,36.1377613058,COMP_0982,
GROUP_0207,2026-01,35.6228735316,stress,stable,-0.514887774199,-20.4542557567,10.4939042425,1.08786363026,19.8999448548,0.628,1,0,COMP_0982,35.6228735316,COMP_0982,
GROUP_0207,2026-02,35.2153489138,stress,deteriorating,-0.40752461782,-12.2772589981,9.06036678138,0,18.4664073937,0.628,1,0,COMP_0982,35.2153489138,COMP_0982,
GROUP_0207,2026-03,34.1421094354,stress,deteriorating,-1.07323947846,-1.99565187048,13.2707691386,3.86472852634,22.6768097509,0.628,1,0,COMP_0982,34.1421094354,COMP_0982,
GROUP_0207,2026-04,39.021463543,stress,stable,4.87935410766,3.39859001138,35.6288553632,26.2228147509,45.0348959755,0.628,1,0,COMP_0982,39.021463543,COMP_0982,
GROUP_0207,2026-05,34.7375069567,stress,stable,-4.28395658636,-0.47784195716,33.3092475205,23.9032069082,42.7152881328,0.628,1,0,COMP_0982,34.7375069567,COMP_0982,
GROUP_0207,2026-06,38.2473110582,stress,stable,3.50980410158,4.10520162288,39.7655747376,30.3595341253,49.1716153498,0.697777777778,1,0,COMP_0982,38.2473110582,COMP_0982,
GROUP_0207,2026-07,35.8289657326,stress,stable,-2.41834532568,-3.19249781046,37.3472294119,27.9411887996,46.7532700242,0.697777777778,1,0,COMP_0982,35.8289657326,COMP_0982,
GROUP_0207,2026-08,35.0999396221,stress,stable,-0.72902611045,0.362432665447,35.7160751534,26.3100345411,45.1221157657,0.697777777778,1,0,COMP_0982,35.0999396221,COMP_0982,
GROUP_0208,2024-12,46.5172047806,watch,warmup,,,46.5172047806,37.1111641683,55.9232453929,0.277966400572,2,7.17137855781,COMP_1233,41.5944118414,COMP_0544,0.404822859667
GROUP_0208,2025-01,42.3149950835,watch,warmup,-4.20220969713,,42.3149950835,32.9089544712,51.7210356957,0.277966400572,2,6.64693093561,COMP_1233,37.7522092239,COMP_0544,0.427729715674
GROUP_0208,2025-02,44.5559480578,watch,warmup,2.24095297437,,39.5547434148,30.1487028025,48.9607840271,0.277966400572,2,6.117936207,COMP_1233,40.3562906392,COMP_0544,0.397910944858
GROUP_0208,2025-03,47.5909253758,watch,stable,3.03497731793,1.07372059517,54.2180179663,44.811977354,63.6240585786,0.277966400572,2,12.9185383338,COMP_1233,38.7229945056,COMP_0544,0.418312567066
GROUP_0208,2025-04,46.0567539265,watch,stable,-1.53417144925,3.74175884305,48.882943915,39.4769033027,58.2889845273,0.277966400572,2,6.73624793325,COMP_1233,41.4326564123,COMP_0544,0.399425022762
GROUP_0208,2025-05,45.8383738869,watch,stable,-0.218380039581,1.2824258291,47.6636988987,38.2576582864,57.069739511,0.486441201001,2,5.13914976774,COMP_1233,42.310604437,COMP_0544,0.389065284329
GROUP_0208,2025-06,48.8209154328,watch,stable,2.98254154591,1.22999005708,54.258748836,44.8527082237,63.6647894483,0.486441201001,2,12.138304113,COMP_1233,40.4885763575,COMP_0544,0.399897829757
GROUP_0208,2025-07,46.0382432814,watch,stable,-2.78267215147,-0.0185106451358,47.5501844094,38.1441437971,56.9562250217,0.486441201001,2,6.20738135617,COMP_1233,41.7771862385,COMP_0544,0.401409517797
GROUP_0208,2025-08,45.7042437547,watch,stable,-0.333999526671,-0.134130132226,44.5905055528,35.1844649405,53.9965461651,0.486441201001,2,5.21938630052,COMP_1233,42.1213959354,COMP_0544,0.411435460234
GROUP_0208,2025-09,46.0160565957,watch,stable,0.311812841035,-2.8048588371,45.9594805474,36.5534399351,55.3655211597,0.486441201001,2,11.285818734,COMP_1233,38.268906124,COMP_0544,0.438067583534
GROUP_0208,2025-10,46.0020043669,watch,stable,-0.0140522288249,-0.036238914461,45.9403982123,36.5343576,55.3464388246,0.486441201001,2,6.32238006834,COMP_1233,41.662006456,COMP_0544,0.420693220579
GROUP_0208,2025-11,46.1208774097,watch,stable,0.11887304275,0.416633654959,46.0592712551,36.6532306428,55.4653118674,0.625424401287,2,7.29399168681,COMP_1233,41.1139166858,COMP_0544,0.41768065234
GROUP_0208,2025-12,49.4179485051,watch,stable,3.29707109541,3.40189190933,50.1262257185,40.7201851062,59.5322663308,0.625424401287,2,7.90367278727,COMP_1233,43.9924721789,COMP_0544,0.395257216567
GROUP_0208,2026-01,49.5295715109,watch,stable,0.111623005842,3.527567144,53.4314058222,44.02536521,62.8374464345,0.625424401287,2,10.3525092182,COMP_1233,42.423091373,COMP_0544,0.40555537716
GROUP_0208,2026-02,48.7851264911,watch,stable,-0.744445019823,2.66424908143,52.3336071994,42.9275665871,61.7396478117,0.625424401287,2,9.12605732843,COMP_1233,42.5205442748,COMP_0544,0.401692049503
GROUP_0208,2026-03,46.0192048574,watch,stable,-2.76592163368,-3.39874364766,46.5884821872,37.1824415749,55.9945227995,0.625424401287,2,5.08143916736,COMP_1233,42.5310508501,COMP_0544,0.393832191003
GROUP_0208,2026-04,45.4844146871,watch,stable,-0.534790170343,-4.04515682384,42.7569848183,33.350944206,52.1630254306,0.625424401287,2,9.41777207804,COMP_1233,39.0195848757,COMP_0544,0.419660391531
GROUP_0208,2026-05,46.2620390819,watch,stable,0.777624394799,-2.52308740922,42.0959352348,32.6898946225,51.5019758471,0.69491600143,2,8.85266847072,COMP_1233,40.1851246519,COMP_0544,0.407446002538
GROUP_0208,2026-06,47.6475858488,watch,stable,1.38554676691,1.62838099137,44.92015598,35.5141153677,54.3261965923,0.69491600143,2,6.4036892903,COMP_1233,43.251773221,COMP_0544,0.385761811774
GROUP_0208,2026-07,49.4140056124,watch,stable,1.7664197636,3.92959092531,52.1822532977,42.7762126854,61.58829391,0.69491600143,2,9.45898461996,COMP_1233,42.9208854509,COMP_0544,0.388121737105
GROUP_0208,2026-08,44.5139518296,watch,stable,-4.90005378281,-1.7480872523,47.2821995149,37.8761589026,56.6882401272,0.69491600143,2,6.59766712705,COMP_1233,39.9849831123,COMP_0544,0.41754376853
GROUP_0209,2026-02,78.9516591443,healthy,warmup,,,78.9516591443,69.545618532,88.3576997566,0.251111111111,1,0,COMP_1068,78.9516591443,COMP_1068,
GROUP_0209,2026-03,81.1770871957,solid,warmup,2.22542805136,,81.1770871957,71.7710465834,90.583127808,0.251111111111,1,0,COMP_1068,81.1770871957,COMP_1068,
GROUP_0209,2026-04,80.5255944716,solid,warmup,-0.651492724017,,84.5391295564,75.1330889441,93.9451701687,0.251111111111,1,0,COMP_1068,80.5255944716,COMP_1068,
GROUP_0209,2026-05,77.2387740413,healthy,stable,-3.28682043035,-1.71288510301,74.1215152575,64.7154746452,83.5275558698,0.251111111111,1,0,COMP_1068,77.2387740413,COMP_1068,
GROUP_0209,2026-06,75.4503502771,healthy,stable,-1.78842376418,-5.72673691855,68.6577852756,59.2517446633,78.0638258879,0.251111111111,1,0,COMP_1068,75.4503502771,COMP_1068,
GROUP_0209,2026-07,72.7995021932,healthy,stable,-2.65084808396,-7.72609227849,63.0640494316,53.6580088193,72.4700900439,0.439444444444,1,0,COMP_1068,72.7995021932,COMP_1068,
GROUP_0209,2026-08,73.5547730878,healthy,deteriorating,0.755270894665,-3.68400095347,63.8193203263,54.413279714,73.2253609386,0.439444444444,1,0,COMP_1068,73.5547730878,COMP_1068,
GROUP_0210,2024-11,64.2371982792,healthy,warmup,,,64.2371982792,54.831157667,73.6432388915,0.304,1,0,COMP_0790,64.2371982792,COMP_0790,0.225773717848
GROUP_0210,2024-12,59.9695729088,watch,warmup,-4.26762537041,,59.9695729088,50.5635322966,69.3756135211,0.304,1,0,COMP_0790,59.9695729088,COMP_0790,0.270270763598
GROUP_0210,2025-01,63.5932964187,healthy,warmup,3.62372350988,,61.9513466744,52.5453060621,71.3573872867,0.304,1,0,COMP_0790,63.5932964187,COMP_0790,0.231497933836
GROUP_0210,2025-02,64.0447638935,healthy,stable,0.451467474733,-0.192434385798,65.0324367261,55.6263961138,74.4384773384,0.304,1,0,COMP_0790,64.0447638935,COMP_0790,0.238153840255
GROUP_0210,2025-03,62.1984627093,healthy,stable,-1.84630118416,2.22888980045,61.2139186092,51.8078779969,70.6199592215,0.304,1,0,COMP_0790,62.1984627093,COMP_0790,0.251817690904
GROUP_0210,2025-04,65.9014123622,healthy,stable,3.70294965289,2.30811594347,68.2038964833,58.797855871,77.6099370956,0.532,1,0,COMP_0790,65.9014123622,COMP_0790,0.2045014333
GROUP_0210,2025-05,64.8316953293,healthy,stable,-1.06971703293,0.786931435808,68.7554924332,59.3494518209,78.1615330454,0.532,1,0,COMP_0790,64.8316953293,COMP_0790,0.221293513321
GROUP_0210,2025-06,67.3093124462,healthy,stable,2.47761711691,5.11084973688,71.0996487942,61.6936081819,80.5056894065,0.532,1,0,COMP_0790,67.3093124462,COMP_0790,0.193938549102
GROUP_0210,2025-07,64.8708136744,healthy,stable,-2.43849877176,-1.03059868778,68.2780611549,58.8720205426,77.6841017672,0.532,1,0,COMP_0790,64.8708136744,COMP_0790,0.219337411709
GROUP_0210,2025-08,63.7809226569,healthy,stable,-1.0898910175,-1.05077267235,63.880674437,54.4746338247,73.2867150493,0.532,1,0,COMP_0790,63.7809226569,COMP_0790,0.233817874081
GROUP_0210,2025-09,62.2632061643,healthy,stable,-1.51771649262,-5.04610628188,58.5522358424,49.1461952302,67.9582764547,0.532,1,0,COMP_0790,62.2632061643,COMP_0790,0.252811911085
GROUP_0210,2025-10,63.4794948883,healthy,stable,1.21628872398,-1.39131878613,60.2046712029,50.7986305907,69.6107118152,0.684,1,0,COMP_0790,63.4794948883,COMP_0790,0.222661585282
GROUP_0210,2025-11,63.251468878,healthy,stable,-0.228026010318,-0.529453778952,59.1124684384,49.7064278261,68.5185090507,0.684,1,0,COMP_0790,63.251468878,COMP_0790,0.224300015063
GROUP_0210,2025-12,64.093144511,healthy,stable,0.841675633004,1.82993834667,63.2999219642,53.893881352,72.7059625765,0.684,1,0,COMP_0790,64.093144511,COMP_0790,0.225759700808
GROUP_0210,2026-01,64.9185639853,healthy,stable,0.825419474364,1.43906909705,67.3649814503,57.958940838,76.7710220626,0.466003958422,2,3.37092012299,COMP_0790,62.9847554504,COMP_0120,0.24328257829
GROUP_0210,2026-02,62.2682172434,healthy,stable,-2.65034674189,-0.983251634518,64.7146347084,55.3085940961,74.1206753207,0.466003958422,2,2.35636568331,COMP_0120,61.2636368008,COMP_0790,0.281829417766
GROUP_0210,2026-03,63.8718452462,healthy,stable,1.60362800275,-0.221299264773,64.2720426113,54.866001999,73.6780832235,0.466003958422,2,3.57097954998,COMP_0120,62.3494430816,COMP_0790,0.272229527983
GROUP_0210,2026-04,63.3957260581,healthy,stable,-0.476119188094,-1.52283792723,63.019517308,53.6134766957,72.4255579203,0.498404750106,2,1.11088720884,COMP_0790,62.7584391787,COMP_0120,0.253398933582
GROUP_0210,2026-05,64.8994770823,healthy,stable,1.50375102416,2.63125983882,64.8751412808,55.4691006686,74.2811818931,0.498404750106,2,1.62327498579,COMP_0790,63.9682467631,COMP_0120,0.239753438469
GROUP_0210,2026-06,64.6149223794,healthy,stable,-0.284554702872,0.743077133198,65.8781535058,56.4721128935,75.2841941181,0.629202375053,2,3.81600638855,COMP_0790,62.425779518,COMP_0120,0.243645689247
GROUP_0210,2026-07,65.8216989657,healthy,stable,1.20677658631,2.4259729076,68.813748014,59.4077074017,78.2197886263,0.629202375053,2,0.78673792791,COMP_0790,65.370368034,COMP_0120,0.226032221629
GROUP_0210,2026-08,60.9190955077,healthy,stable,-4.90260345795,-3.98038157451,62.1823266342,52.7762860219,71.5883672465,0.629202375053,2,5.67724556086,COMP_0120,58.4987369451,COMP_0790,0.295916077455
GROUP_0211,2025-05,58.4079589027,watch,warmup,,,58.4079589027,49.0019182905,67.813999515,0.20147895389,5,32.5582186776,COMP_0482,46.3174938389,COMP_0701,
GROUP_0211,2025-06,60.8867078538,healthy,warmup,2.47874895109,,60.8867078538,51.4806672415,70.2927484661,0.234730265894,13,34.3925664396,COMP_0482,45.9518341539,COMP_0701,0.243651508155
GROUP_0211,2025-07,60.8934586557,healthy,warmup,0.00675080191228,,67.2314830259,57.8254424136,76.6375236382,0.234730265894,13,35.0354583074,COMP_0482,47.476983199,COMP_0701,0.22655828434
GROUP_0211,2025-08,60.1829767074,healthy,stable,-0.710481948318,1.77501780469,61.7089563863,52.302915774,71.1149969986,0.234730265894,13,28.6100892423,COMP_0621,50.6245173031,COMP_0701,0.283606495824
GROUP_0211,2025-09,60.0919336826,healthy,stable,-0.0910430248457,-0.794774171252,59.8769885141,50.4709479018,69.2830291264,0.234730265894,13,30.3923712057,COMP_0189,50.3045338916,COMP_0336,0.259010382484
GROUP_0211,2025-10,61.8797685712,healthy,stable,1.78783488858,0.98630991542,63.5564954274,54.1504548151,72.9625360397,0.334897468744,13,27.5642333967,COMP_0482,51.5566609581,COMP_0701,0.219697770034
GROUP_0211,2025-11,60.7792153217,healthy,stable,-1.10055324944,0.596238614297,60.669572939,51.2635323267,70.0756135513,0.406255908264,14,27.3049231475,COMP_0482,51.022609027,COMP_0701,0.231559362152
GROUP_0211,2025-12,59.4717944464,watch,stable,-1.30742087529,-0.620139236146,58.5650370637,49.1589964514,67.971077676,0.405974794421,15,27.3056725703,COMP_0025,51.7183531424,COMP_0336,0.262129262177
GROUP_0211,2026-01,58.6498240437,watch,stable,-0.821970402769,-3.2299445275,57.0860083266,47.6799677143,66.4920489389,0.405974794421,15,27.0686047095,COMP_0482,52.3703341763,COMP_0775,0.25640802453
GROUP_0211,2026-02,57.1912903806,watch,stable,-1.45853366306,-3.58792494112,51.7003846839,42.2943440716,61.1064252961,0.405974794421,15,30.7403169591,COMP_0189,48.2990727919,COMP_0336,0.23472652829
GROUP_0211,2026-03,56.7096060641,watch,stable,-0.481684316521,-2.76218838235,51.2187003673,41.812659755,60.6247409796,0.405974794421,15,32.9732080738,COMP_0189,45.4882247024,COMP_0336,0.235791925068
GROUP_0211,2026-04,59.4485580367,watch,stable,2.73895197266,0.798733993079,54.7528377868,45.3467971745,64.158878399,0.478703609112,15,39.4960236185,COMP_0990,39.3581490671,COMP_0336,0.231686168665
GROUP_0211,2026-05,61.0401408467,healthy,stable,1.59158280999,3.84885046613,62.397988635,52.9919480227,71.8040292473,0.527424654297,15,31.6633537616,COMP_0189,48.0274747662,COMP_0336,0.235572778067
GROUP_0211,2026-06,60.4810599853,healthy,stable,-0.559080861388,3.77145392126,63.5287139093,54.122673297,72.9347545215,0.527424654297,15,36.5619418049,COMP_0482,47.4890038715,COMP_0262,0.265873006214
GROUP_0211,2026-07,58.1764538041,watch,stable,-2.30460618123,-1.27210423263,60.8093337731,51.4032931608,70.2153743853,0.527424654297,15,37.3025410505,COMP_0482,49.2959716446,COMP_0262,0.229777791865
GROUP_0211,2026-08,62.1745888695,healthy,stable,3.99813506541,1.13444802279,65.6502781813,56.244237569,75.0563187936,0.527424654297,15,36.6507439155,COMP_0025,51.1826248255,COMP_0262,0.263305097064
GROUP_0212,2024-09,63.6938321756,healthy,warmup,,,63.6938321756,54.2877915633,73.0998727879,0.224808768791,9,25.2481500005,COMP_0564,54.2501723067,COMP_0244,0.391100469535
GROUP_0212,2024-10,62.8194928046,healthy,warmup,-0.874339371033,,62.8194928046,53.4134521923,72.2255334169,0.224808768791,9,24.4630634909,COMP_0564,52.3492661141,COMP_0687,0.380214233454
GROUP_0212,2024-11,64.0152935017,healthy,warmup,1.19580069707,,64.835019883,55.4289792707,74.2410604953,0.224808768791,9,25.6450453438,COMP_0564,52.0358470036,COMP_1167,0.410389958208
GROUP_0212,2024-12,61.4848631773,healthy,stable,-2.53043032438,-2.20896899834,57.9055867539,48.4995461416,67.3116273662,0.224808768791,9,27.730296714,COMP_0564,49.1609755207,COMP_1167,0.398510906424
GROUP_0212,2025-01,61.1950375633,healthy,stable,-0.289825613993,-1.6244552413,57.9004032231,48.4943626108,67.3064438354,0.224808768791,9,26.6292927556,COMP_0564,51.6379773965,COMP_1167,0.401764237163
GROUP_0212,2025-02,62.8378980208,healthy,stable,1.64286045755,-1.17739548082,60.8363257034,51.4302850911,70.2423663157,0.393415345384,9,24.9351065825,COMP_0564,53.7432840637,COMP_1167,0.431874650016
GROUP_0212,2025-03,61.7590310914,healthy,stable,-1.07886692939,0.27416791417,60.2809204601,50.8748798478,69.6869610724,0.393415345384,9,31.1588670309,COMP_0564,52.4759400719,COMP_1167,0.426921717123
GROUP_0212,2025-04,61.2770481823,healthy,stable,-0.481982909128,0.0820106190352,59.2754758649,49.8694352526,68.6815164772,0.393415345384,9,29.4167558467,COMP_0564,51.3427200509,COMP_1167,0.450202165622
GROUP_0212,2025-05,62.6160072612,healthy,stable,1.33895907887,-0.221890759643,63.0820927153,53.676052103,72.4881333276,0.393415345384,9,30.9345347055,COMP_0564,52.0004583983,COMP_1167,0.383031471702
GROUP_0212,2025-06,61.0608705175,healthy,stable,-1.55513674365,-0.698160573908,60.6836562261,51.2776156139,70.0896968384,0.393415345384,9,27.7962656363,COMP_0564,53.8821121049,COMP_1167,0.389032823695
GROUP_0212,2025-07,57.6098899458,watch,stable,-3.45098057172,-3.6671582365,53.6297228576,44.2236822453,63.0357634699,0.392678923187,10,32.8109439816,COMP_0172,48.0103781537,COMP_1167,0.402314423101
GROUP_0212,2025-08,56.699672631,watch,stable,-0.910217314851,-5.91633463022,51.4095176703,42.003477058,60.8155582826,0.504672330537,10,41.5011589866,COMP_0172,41.5408733888,COMP_1167,0.437112920068
GROUP_0212,2025-09,59.6599926319,watch,stable,2.96032000089,-1.40087788568,55.0178843261,45.6118437138,64.4239249384,0.504672330537,10,37.5714471928,COMP_0172,47.6407349774,COMP_1167,0.380250265113
GROUP_0212,2025-10,59.0321940973,watch,stable,-0.627798534534,1.4223041515,55.3767046702,45.9706640579,64.7827452825,0.504672330537,10,38.6724327457,COMP_0564,44.5420028672,COMP_1167,0.39541453272
GROUP_0212,2025-11,58.8568225212,watch,stable,-0.175371576097,2.15714989026,56.8087387391,47.4026981268,66.2147793514,0.502769823514,11,40.0713374858,COMP_0564,44.6769901111,COMP_1167,0.380582209757
GROUP_0212,2025-12,58.6161327632,watch,stable,-0.240689758047,-1.04385986868,59.6425004369,50.2364598246,69.0485410492,0.503293421455,11,43.6379262456,COMP_0172,43.3315622213,COMP_1167,0.393445662277
GROUP_0212,2026-01,57.8104544388,watch,stable,-0.805678324409,-1.22173965855,56.5829366727,47.1768960604,65.988977285,0.503293421455,11,49.6146534063,COMP_0172,40.9187167023,COMP_1167,0.41492875119
GROUP_0212,2026-02,59.4661757926,watch,stable,1.65572135383,0.60935327137,58.2386580266,48.8326174143,67.6446986388,0.558981673394,11,46.7789454417,COMP_0564,42.1359147455,COMP_1167,0.379523135911
GROUP_0212,2026-03,60.0452585935,healthy,stable,0.579082800876,1.42912583029,61.0785843795,51.6725437673,70.4846249918,0.558981673394,11,44.160130475,COMP_0564,45.2016131618,COMP_1167,0.39894371353
GROUP_0212,2026-04,59.0783900759,watch,stable,-0.966868517532,1.26793563717,60.1142906373,50.708250025,69.5203312496,0.559639742499,11,48.6318528375,COMP_0564,42.7312641181,COMP_1167,0.397959345002
GROUP_0212,2026-05,58.0050447876,watch,stable,-1.0733452883,-1.46113100496,58.2531474824,48.8471068702,67.6591880947,0.559639742499,11,49.8099257895,COMP_0564,43.8874449216,COMP_1167,0.413437370499
GROUP_0212,2026-06,58.0684243609,watch,stable,0.0633795732776,-1.97683423255,57.0795707834,47.6735301712,66.4856113957,0.559988807793,11,52.1568585441,COMP_0172,44.652311656,COMP_1167,0.43290816599
GROUP_0212,2026-07,59.0529024556,watch,stable,0.984478094666,-0.0254876203563,57.7876483798,48.3816077675,67.1936889921,0.559988807793,11,47.0586631019,COMP_0172,46.4017926436,COMP_1167,0.41339970745
GROUP_0212,2026-08,58.8542811302,watch,stable,-0.198621325416,0.849236342527,57.8413123705,48.4352717583,67.2473529828,0.559988807793,11,50.3115374237,COMP_0564,43.8701957151,COMP_1167,0.42572671342
GROUP_0213,2024-09,56.2407595454,watch,warmup,,,56.2407595454,46.8347189331,65.6468001576,0.36468882429,3,26.7770363836,COMP_0428,47.5017845776,COMP_0077,0.298257075199
GROUP_0213,2024-10,55.9588696512,watch,warmup,-0.281889894197,,55.9588696512,46.5528290389,65.3649102634,0.36468882429,3,27.9070886963,COMP_0428,51.2126423068,COMP_0077,0.263313132199
GROUP_0213,2024-11,58.3772308499,watch,warmup,2.41836119877,,63.8252326766,54.4191920643,73.2312732889,0.36468882429,3,29.7585445905,COMP_0428,51.0649088609,COMP_0077,0.275339518456
GROUP_0213,2024-12,57.2548216192,watch,stable,-1.12240923075,1.01406207382,59.7691131412,50.3630725289,69.1751537534,0.36468882429,3,29.6653963403,COMP_0428,52.0884411796,COMP_0077,0.275463306822
GROUP_0213,2025-01,56.6120368019,watch,stable,-0.642784817318,0.653167150703,57.403918131,47.9978775187,66.8099587433,0.36468882429,3,29.5338339873,COMP_0428,52.4560471767,COMP_0077,0.277041699946
GROUP_0213,2025-02,58.2028314196,watch,stable,1.59079461774,-0.174399430327,59.9267369451,50.5206963328,69.3327775574,0.632522115874,4,32.4820012509,COMP_0428,49.9252702465,COMP_0077,0.295970842603
GROUP_0213,2025-03,57.2799458549,watch,stable,-0.922885564656,0.0251242357667,58.3903300111,48.9842893989,67.7963706234,0.632522115874,4,34.5285200909,COMP_0428,44.8162666009,COMP_0077,0.33240338697
GROUP_0213,2025-04,57.6828820493,watch,stable,0.402936194385,1.07084524747,57.3864030178,47.9803624055,66.7924436301,0.632522115874,4,28.9796466599,COMP_0428,48.5659773317,COMP_0077,0.303963722721
GROUP_0213,2025-05,55.7665479962,watch,stable,-1.91633405309,-2.43628342336,54.6885497691,45.2825091568,64.0945903814,0.632522115874,4,30.8545014268,COMP_0428,49.8345279009,COMP_0077,0.284517349109
GROUP_0213,2025-06,58.000255649,watch,stable,2.23370765273,0.72030979403,58.8095583281,49.4035177158,68.2155989404,0.632522115874,4,32.177914956,COMP_0428,48.6854626576,COMP_0077,0.299009623279
GROUP_0213,2025-07,55.565998306,watch,stable,-2.43425734302,-2.11688374337,53.380715181,43.9746745687,62.7867557933,0.637143680795,4,30.8113918567,COMP_0428,48.0534839656,COMP_0077,0.299663339228
GROUP_0213,2025-08,56.5515033511,watch,stable,0.985505045157,0.784955354875,55.8084919972,46.4024513849,65.2145326095,0.795609723155,5,30.019712232,COMP_0428,49.9594683684,COMP_0077,0.365719782475
GROUP_0213,2025-09,60.2536105868,healthy,stable,3.70210723572,2.25335493786,61.5880346901,52.1819940778,70.9940753024,0.795265759551,6,30.1713083578,COMP_0428,51.4851387909,COMP_0077,0.381539284344
GROUP_0213,2025-10,62.8175252125,healthy,stable,2.56391462568,7.25152690656,68.959543906,59.5535032937,78.3655845183,0.795265759551,6,30.7982097013,COMP_0428,50.143420073,COMP_0077,0.360203410151
GROUP_0213,2025-11,60.9444692912,healthy,stable,-1.87305592135,4.39296594005,67.0864879847,57.6804473724,76.492528597,0.795265759551,6,30.7913720875,COMP_0805,51.6445055157,COMP_0077,0.401848832561
GROUP_0213,2025-12,63.6890970167,healthy,stable,2.74462772552,3.43548642985,71.9746577016,62.5686170893,81.3806983139,0.795265759551,6,26.7748153479,COMP_0428,51.0775604798,COMP_0077,0.369339958302
GROUP_0213,2026-01,60.9460535988,healthy,stable,-2.74304341788,-1.87147161371,65.4284948515,56.0224542392,74.8345354637,0.808330828473,6,28.8852161615,COMP_0428,49.7319267415,COMP_0077,0.3402853269
GROUP_0213,2026-02,59.1545859176,watch,stable,-1.79146768116,-1.78988337352,58.0335807551,48.6275401428,67.4396213674,0.894121484117,6,35.5992538507,COMP_0805,41.9941076146,COMP_0077,0.34437286955
GROUP_0213,2026-03,62.308197706,healthy,stable,3.15361178832,-1.38089931072,59.9606688777,50.5546282655,69.36670949,0.894121484117,6,37.8870954588,COMP_0805,40.8392976189,COMP_0077,0.345161839157
GROUP_0213,2026-04,65.4532433981,healthy,stable,3.14504569216,4.50718979931,67.7025300345,58.2964894222,77.1085706467,0.894121484117,6,22.5694213624,COMP_0805,57.006244632,COMP_0077,0.346036213241
GROUP_0213,2026-05,64.9901298724,healthy,stable,-0.463113525744,5.83554395473,68.4635973456,59.0575567333,77.8696379579,0.894121484117,6,20.1427975729,COMP_0805,57.5057447798,COMP_0077,0.340203155673
GROUP_0213,2026-06,64.5323250783,healthy,stable,-0.457804794099,2.22412737231,69.6885223271,60.2824817148,79.0945629394,0.894121484117,6,22.4285473395,COMP_0805,57.9708466427,COMP_0077,0.335732311213
GROUP_0213,2026-07,64.7838386532,healthy,stable,0.251513574904,-0.669404744939,68.5648551861,59.1588145738,77.9708957984,0.90233969238,6,24.4261247861,COMP_0805,54.6520419766,COMP_0077,0.369861453017
GROUP_0213,2026-08,65.913537543,healthy,stable,1.12969888978,0.923407670582,67.4833305829,58.0772899707,76.8893711952,0.90239744221,6,26.7504083903,COMP_0805,55.1078326906,COMP_0230,0.36823393791
GROUP_0214,2024-09,51.2374457241,watch,warmup,,,51.2374457241,41.8314051118,60.6434863364,0.380011324815,2,11.7158395701,COMP_0531,47.7935617288,COMP_0427,0.503505572896
GROUP_0214,2024-10,51.7174761528,watch,warmup,0.480030428663,,51.7174761528,42.3114355405,61.1235167651,0.380011324815,2,8.61304319777,COMP_0531,49.1856625817,COMP_0427,0.48981990487
GROUP_0214,2024-11,50.4920478879,watch,warmup,-1.2254282649,,48.5912834055,39.1852427932,57.9973240178,0.380011324815,2,9.55169357461,COMP_0531,47.6843170007,COMP_0427,0.494643234467
GROUP_0214,2024-12,51.3136290026,watch,stable,0.821581114707,0.0761832784752,50.8634796728,41.4574390605,60.2695202851,0.380011324815,2,13.8834581955,COMP_0531,47.2325711157,COMP_0427,0.490733658061
GROUP_0214,2025-01,51.6772233279,watch,stable,0.363594325327,-0.040252824861,52.022337337,42.6162967248,61.4283779493,0.380011324815,2,12.1674072007,COMP_0531,48.1006005283,COMP_0427,0.49106147886
GROUP_0214,2025-02,51.6858007595,watch,stable,0.00857743161041,1.19375287165,52.1431228956,42.7370822834,61.5491635079,0.665019818427,2,11.1421074838,COMP_0531,48.4105659453,COMP_0427,0.496637663479
GROUP_0214,2025-03,48.9005552751,watch,stable,-2.78524548439,-2.41307372745,48.8321254729,39.4260848606,58.2381660852,0.665019818427,2,14.9017735021,COMP_0531,44.520162478,COMP_0427,0.530494054844
GROUP_0214,2025-04,49.4175902512,watch,stable,0.517034976055,-2.25963307672,48.3216434618,38.9156028495,57.7276840741,0.665019818427,2,13.7049764856,COMP_0531,45.3889972603,COMP_0427,0.518492636102
GROUP_0214,2025-05,50.586308993,watch,stable,1.16871874177,-1.09949176656,49.1953932159,39.7893526036,58.6014338282,0.665019818427,2,9.65638703288,COMP_0531,47.747803348,COMP_0427,0.493713021808
GROUP_0214,2025-06,47.6232252814,watch,stable,-2.96308371152,-1.2773299937,43.781849051,34.3758084387,53.1878896633,0.665019818427,2,14.0218025652,COMP_0531,43.5015009141,COMP_0427,0.533491148455
GROUP_0214,2025-07,50.7788833607,watch,stable,3.15565807929,1.36129310954,49.853827614,40.4477870017,59.2598682263,0.665019818427,2,11.8891093687,COMP_0531,47.2840665165,COMP_0427,0.499831277474
GROUP_0214,2025-08,50.6352306772,watch,stable,-0.143652683551,0.0489216842166,52.4045995873,42.998558975,61.8106401996,0.855025480835,2,14.3938686666,COMP_0531,46.404137068,COMP_0427,0.507089226194
GROUP_0214,2025-09,58.8377429118,watch,stable,8.20251223459,11.2145176303,64.7982084948,55.3921678825,74.2042491071,0.418681923087,3,12.0100819422,COMP_0531,50.0268400005,COMP_0335,0.472109816096
GROUP_0214,2025-10,56.2083981126,watch,stable,-2.62934479913,5.42951475191,65.4385731909,56.0325325786,74.8446138032,0.418681923087,3,13.417680968,COMP_0531,47.1499077091,COMP_0427,0.508125153483
GROUP_0214,2025-11,55.1247961367,watch,stable,-1.08360197592,4.48956545954,62.8054098959,53.3993692836,72.2114505081,0.418681923087,3,14.3932592865,COMP_0531,45.7919856505,COMP_0427,0.526363425779
GROUP_0214,2025-12,54.5640364813,watch,stable,-0.560759655449,-4.2737064305,58.4248926642,49.0188520519,67.8309332765,0.418681923087,3,8.48452849417,COMP_0531,48.5725759121,COMP_0427,0.495819583748
GROUP_0214,2026-01,55.6756685149,watch,stable,1.11163203365,-0.532729597726,54.7700281988,45.3639875865,64.1760688111,0.418681923087,3,11.7814026764,COMP_0531,46.8193566473,COMP_0427,0.52648420987
GROUP_0214,2026-02,55.8896942671,watch,stable,0.21402575215,0.764898130349,53.0298200243,43.623779412,62.4358606366,0.545930270595,3,9.31087140884,COMP_0531,48.9553279315,COMP_0335,0.506982480399
GROUP_0214,2026-03,55.5257099531,watch,stable,-0.363984314001,0.961673471797,55.1433156203,45.7372750081,64.5493562326,0.545930270595,3,3.63247591541,COMP_0531,52.8390213784,COMP_0335,0.479301078376
GROUP_0214,2026-04,59.7555628138,watch,stable,4.22985286069,4.07989429883,61.3904077158,51.9843671035,70.7964483281,0.545930270595,3,16.8301497589,COMP_0531,47.5860041847,COMP_0335,0.53959711876
GROUP_0214,2026-05,63.0275165075,healthy,stable,3.2719536937,7.13782224039,69.9633368155,60.5572962032,79.3693774278,0.545930270595,3,23.1754941744,COMP_0531,46.6101104217,COMP_0335,0.534225073174
GROUP_0214,2026-06,67.9131166897,healthy,stable,4.88560018226,12.3874067367,80.395313828,70.9892732157,89.8013544403,0.545930270595,3,26.1219592225,COMP_0531,49.7621473487,COMP_0335,0.499921077713
GROUP_0214,2026-07,65.4140892418,healthy,stable,-2.49902744788,5.65852642808,78.021772835,68.6157322227,87.4278134473,0.545930270595,3,29.3210364549,COMP_0531,45.0280515318,COMP_0335,0.540654455172
GROUP_0214,2026-08,64.7071929194,healthy,stable,-0.706896322392,1.67967641199,74.3266878472,64.9206472349,83.7327284595,0.609108810115,3,25.7941271081,COMP_0531,46.5681224439,COMP_0335,0.507430608633
GROUP_0215,2025-03,80.1840726391,solid,warmup,,,80.1840726391,70.7780320268,89.5901132514,0.343111111111,1,0,COMP_1065,80.1840726391,COMP_1065,
GROUP_0215,2025-04,84.4201667716,solid,warmup,4.23609413245,,84.4201667716,75.0141261593,93.8262073838,0.343111111111,1,0,COMP_1065,84.4201667716,COMP_1065,
GROUP_0215,2025-05,84.7575884141,solid,warmup,0.337421642575,,96.4200536404,87.0140130282,100,0.343111111111,1,0,COMP_1065,84.7575884141,COMP_1065,
GROUP_0215,2025-06,81.3652371188,solid,stable,-3.39235129534,1.18116447968,83.2296521151,73.8236115028,92.6356927274,0.343111111111,1,0,COMP_1065,81.3652371188,COMP_1065,
GROUP_0215,2025-07,83.7227082063,solid,stable,2.35747108753,-0.697458565239,85.5871232026,76.1810825903,94.9931638149,0.343111111111,1,0,COMP_1065,83.7227082063,COMP_1065,
GROUP_0215,2025-08,85.4300349236,solid,stable,1.7073267173,0.672446509489,87.4380145391,78.0319739268,96.8440551514,0.600444444444,1,0,COMP_1065,85.4300349236,COMP_1065,
GROUP_0215,2025-09,79.728884473,healthy,stable,-5.70115045062,-1.63635264579,77.0899399431,67.6838993308,86.4959805554,0.600444444444,1,0,COMP_1065,79.728884473,COMP_1065,
GROUP_0215,2025-10,84.0034041227,solid,stable,4.27451964967,0.280695916349,83.2341361454,73.8280955331,92.6401767577,0.600444444444,1,0,COMP_1065,84.0034041227,COMP_1065,
GROUP_0215,2025-11,79.8392921967,healthy,stable,-4.16411192594,-5.5907427269,78.2828283762,68.8767877639,87.6888689885,0.600444444444,1,0,COMP_1065,79.8392921967,COMP_1065,
GROUP_0215,2025-12,83.3212969925,solid,stable,3.48200479577,3.5924125195,81.5819238106,72.1758831983,90.9879644228,0.600444444444,1,0,COMP_1065,83.3212969925,COMP_1065,
GROUP_0215,2026-01,81.0677606146,solid,stable,-2.25353637786,-2.93564350804,78.3791197524,68.9730791402,87.7851603647,0.600444444444,1,0,COMP_1065,81.0677606146,COMP_1065,
GROUP_0215,2026-02,82.6995290507,solid,stable,1.63176843608,2.86023685399,84.4065961313,75.000555519,93.8126367436,0.772,1,0,COMP_1065,82.6995290507,COMP_1065,
GROUP_0215,2026-03,77.6913963378,healthy,stable,-5.00813271287,-5.62990065466,74.9528291178,65.5467885055,84.3588697301,0.772,1,0,COMP_1065,77.6913963378,COMP_1065,
GROUP_0215,2026-04,80.9412702812,solid,stable,3.24987394338,-0.126490333415,79.3557620297,69.9497214174,88.761802642,0.772,1,0,COMP_1065,80.9412702812,COMP_1065,
GROUP_0215,2026-05,74.4713791882,healthy,stable,-6.46989109305,-8.22814986255,66.0609928694,56.6549522571,75.4670334817,0.772,1,0,COMP_1065,74.4713791882,COMP_1065,
GROUP_0215,2026-06,81.7835172969,solid,stable,7.31213810876,4.09212095909,80.6156023109,71.2095616986,90.0216429231,0.772,1,0,COMP_1065,81.7835172969,COMP_1065,
GROUP_0215,2026-07,88.0819983009,solid,stable,6.29848100402,7.14072801973,93.5721169362,84.1660763239,100,0.772,1,0,COMP_1065,88.0819983009,COMP_1065,
GROUP_0215,2026-08,94.662037993,solid,stable,6.58003969208,20.1906588049,100,100,100,0.857777777778,1,0,COMP_1065,94.662037993,COMP_1065,
GROUP_0216,2026-01,77.5998390808,healthy,warmup,,,77.5998390808,68.1937984685,87.0058796931,0.191111111111,1,0,COMP_1203,77.5998390808,COMP_1203,
GROUP_0216,2026-02,76.0543973012,healthy,warmup,-1.54544177958,,76.0543973012,66.6483566889,85.4604379135,0.191111111111,1,0,COMP_1203,76.0543973012,COMP_1203,
GROUP_0216,2026-03,78.4819087333,healthy,warmup,2.42751143206,,80.7311863471,71.3251457348,90.1372269594,0.191111111111,1,0,COMP_1203,78.4819087333,COMP_1203,
GROUP_0216,2026-04,78.1920846407,healthy,stable,-0.289824092557,0.592245559927,79.8201321736,70.4140915613,89.2261727859,0.191111111111,1,0,COMP_1203,78.1920846407,COMP_1203,
GROUP_0216,2026-05,80.0300668105,solid,stable,1.83798216982,3.97566950932,83.5532385368,74.1471979245,92.9592791491,0.191111111111,1,0,COMP_1203,80.0300668105,COMP_1203,
GROUP_0216,2026-06,79.3390917556,healthy,stable,-0.690975054972,0.857183022286,82.2639598984,72.8579192861,91.6700005107,0.334444444444,1,0,COMP_1203,79.3390917556,COMP_1203,
GROUP_0216,2026-07,73.8865606744,healthy,stable,-5.4525310812,-4.30552396636,75.3437718123,65.9377312,84.7498124245,0.334444444444,1,0,COMP_1203,73.8865606744,COMP_1203,
GROUP_0216,2026-08,72.8575562698,healthy,stable,-1.0290044046,-7.17251054078,67.120716757,57.7146761447,76.5267573693,0.334444444444,1,0,COMP_1203,72.8575562698,COMP_1203,
GROUP_0217,2025-02,61.475673556,healthy,warmup,,,61.475673556,52.0696329438,70.8817141683,0.314924411725,21,46.3809747252,COMP_0142,37.812737338,COMP_0940,0.407712432402
GROUP_0217,2025-03,60.5272760462,healthy,warmup,-0.94839750984,,60.5272760462,51.1212354339,69.9333166585,0.314924328344,22,44.5468556489,COMP_0142,36.8521083864,COMP_0940,0.416061916089
GROUP_0217,2025-04,60.9647922802,healthy,warmup,0.437516233966,,59.6620450267,50.2560044144,69.068085639,0.314924328344,22,45.6608333261,COMP_0142,33.5890812932,COMP_0940,0.431248174033
GROUP_0217,2025-05,61.5134294861,healthy,stable,0.54863720592,0.0377559300452,62.6611884232,53.2551478109,72.0672290355,0.314924328344,22,44.6500585051,COMP_0081,36.4177231,COMP_0414,0.439658000087
GROUP_0217,2025-06,61.4129939257,healthy,stable,-0.100435560378,0.885717879508,62.0165435643,52.610502952,71.4225841766,0.314924328344,22,43.5777773106,COMP_0142,36.7776347817,COMP_0414,0.435430054784
GROUP_0217,2025-07,62.3457149304,healthy,stable,0.932721004683,1.38092265022,63.8514353256,54.4453947133,73.2574759378,0.551115970034,22,40.5773724003,COMP_0137,40,COMP_0940,0.424174227394
GROUP_0217,2025-08,62.248731009,healthy,stable,-0.0969839213956,0.73530152291,64.371058892,54.9650182797,73.7770995043,0.551117574602,22,41.3773803668,COMP_0081,39.3463675119,COMP_0940,0.428599696029
GROUP_0217,2025-09,58.5194944704,watch,stable,-3.72923653861,-2.89349945532,59.6624086665,50.2563680542,69.0684492788,0.551117574602,22,41.8061626726,COMP_0081,37.7021189832,COMP_0940,0.449233321452
GROUP_0217,2025-10,58.6621919332,watch,stable,0.142697462768,-3.68352299724,55.7539296292,46.3478890169,65.1599702414,0.551117574602,22,42.6448696599,COMP_0081,36.779109327,COMP_0940,0.460611376697
GROUP_0217,2025-11,62.5634225416,healthy,stable,3.90123060849,0.31469153265,62.840999746,53.4349591337,72.2470403583,0.551117574602,22,40.3309932106,COMP_0081,39.5494320713,COMP_0940,0.461119484856
GROUP_0217,2025-12,62.3091283047,healthy,stable,-0.254294236936,3.78963383432,62.3861348567,52.9800942445,71.792175469,0.551117574602,22,35.7992810208,COMP_0081,40.722140203,COMP_0940,0.462497084901
GROUP_0217,2026-01,61.9948124781,healthy,stable,-0.314315826597,3.33262054496,62.5297880836,53.1237474713,71.9358286959,0.708578669062,22,50.3995864495,COMP_0081,28.0930446562,COMP_0940,0.476962131656
GROUP_0217,2026-02,62.0429423551,healthy,stable,0.0481298770007,-0.520480186532,65.6368591975,56.2308185852,75.0428998098,0.708579738774,22,41.2127227322,COMP_0081,38.3059353078,COMP_0940,0.451057908769
GROUP_0217,2026-03,63.6306696871,healthy,stable,1.58772733195,1.32154138236,65.8772900371,56.4712494248,75.2833306494,0.708579738774,22,39.9561219119,COMP_0081,37.7387513601,COMP_0940,0.428106166574
GROUP_0217,2026-04,64.1762723209,healthy,stable,0.545602633883,2.18145984284,65.8213790958,56.4153384835,75.2274197081,0.708579738774,22,40.9528982021,COMP_0081,38.3288901233,COMP_0512,0.413832724924
GROUP_0217,2026-05,63.5207463626,healthy,stable,-0.655525958351,1.47780400749,65.7673667126,56.3613261003,75.1734073249,0.708579738774,22,47.6616168478,COMP_0081,34.316663642,COMP_0512,0.445826489098
GROUP_0217,2026-06,61.1958922859,healthy,stable,-2.3248540767,-2.43477740117,61.4413546586,52.0353140463,70.8473952709,0.708579738774,22,45.3414804547,COMP_0081,30.4736303541,COMP_0940,0.476570221219
GROUP_0217,2026-07,60.7410656335,healthy,stable,-0.454826652395,-3.43520668745,58.4214497063,49.015409094,67.8274903186,0.787310286004,22,41.6087382077,COMP_0081,33.4261937428,COMP_0940,0.444189286733
GROUP_0217,2026-08,59.2887547499,watch,stable,-1.45231088361,-4.23199161271,54.4255540331,45.0195134208,63.8315946454,0.78731082086,22,37.774434564,COMP_0081,34.865110332,COMP_0940,0.429527278309
GROUP_0218,2024-09,59.6375193267,watch,warmup,,,59.6375193267,50.2314787144,69.043559939,0.332898697608,12,55.5879925865,COMP_0588,29.0646168712,COMP_0028,0.463792554081
GROUP_0218,2024-10,61.0484597873,healthy,warmup,1.41094046058,,61.0484597873,51.642419175,70.4545003996,0.331958818573,13,54.3452876994,COMP_0588,29.9632891074,COMP_0247,0.438633350819
GROUP_0218,2024-11,59.1411038952,watch,warmup,-1.90735589211,,57.8752445448,48.4692039325,67.2812851571,0.331958818573,13,57.1641947328,COMP_0588,29.799503159,COMP_0247,0.441322786708
GROUP_0218,2024-12,60.8342887649,healthy,stable,1.69318486974,1.19676943821,61.5784747339,52.1724341216,70.9845153461,0.331958818573,13,58.3443335711,COMP_0588,30.3949988825,COMP_0247,0.442233088978
GROUP_0218,2025-01,60.9530544781,healthy,stable,0.118765713158,-0.0954053092173,62.0945607056,52.6885200933,71.5006013179,0.331958818573,13,58.9196930845,COMP_0588,29.5963127371,COMP_0247,0.459212807423
GROUP_0218,2025-02,59.0838623783,watch,stable,-1.86919209977,-0.057241516876,58.9216733526,49.5156327403,68.3277139649,0.570404229144,13,58.8894025224,COMP_0588,28.9746675265,COMP_0028,0.481286336477
GROUP_0218,2025-03,58.5983538017,watch,stable,-0.485508576608,-2.23593496322,56.122260061,46.7162194487,65.5283006733,0.580927932503,13,63.7564603664,COMP_0588,29.1095527644,COMP_0028,0.476398659508
GROUP_0218,2025-04,58.5222772772,watch,stable,-0.0760765244916,-2.43077720087,57.0902352694,47.6841946571,66.4962758817,0.575443335657,14,61.7008025557,COMP_0588,29.7255087705,COMP_0028,0.454542550163
GROUP_0218,2025-05,58.9491355133,watch,stable,0.426858236067,-0.134726865033,56.4730417726,47.0670011603,65.8790823849,0.575443335657,14,60.9321661002,COMP_0588,24.3751661003,COMP_0028,0.486258202361
GROUP_0218,2025-06,58.654784508,watch,stable,-0.294351005257,0.0564307063183,57.2227425002,47.8167018879,66.6287831125,0.575443335657,14,54.15944472,COMP_0588,30.3617770786,COMP_0028,0.443634280239
GROUP_0218,2025-07,59.2944283566,watch,stable,0.639643848567,0.772151079377,59.5092056544,50.1031650421,68.9152462667,0.573571523056,15,60.4878634678,COMP_0588,27.4790641063,COMP_0028,0.466675150264
GROUP_0218,2025-08,59.7302188261,watch,stable,0.435790469571,0.781083312882,60.8847211511,51.4786805388,70.2907617634,0.722633386182,16,61.3945678244,COMP_0588,27.1079321217,COMP_0028,0.460087938034
GROUP_0218,2025-09,58.2955823501,watch,stable,-1.43463647602,-0.359202157884,59.1760791006,49.7700384883,68.5821197129,0.734732523377,16,62.1763001162,COMP_0588,30.7064086436,COMP_0028,0.434211901873
GROUP_0218,2025-10,58.459217648,watch,stable,0.163635297895,-0.835210708556,57.9595014255,48.5534608132,67.3655420378,0.734732523377,16,59.6512527801,COMP_0588,29.5400732971,COMP_0028,0.44982609369
GROUP_0218,2025-11,59.1446666189,watch,stable,0.685448970876,-0.585552207252,58.9537204034,49.5476797911,68.3597610156,0.734732523377,16,58.1242694451,COMP_0588,33.4479825871,COMP_0028,0.431019582746
GROUP_0218,2025-12,57.4591709871,watch,stable,-1.68549563177,-0.836411362995,56.03727167,46.6312310577,65.4433122823,0.736623101181,16,62.6772386824,COMP_0588,29.1463570243,COMP_0028,0.454577135592
GROUP_0218,2026-01,57.1826271721,watch,stable,-0.276543815018,-1.27659047591,55.0124233631,45.6063827508,64.4184639754,0.739551492094,16,61.300192932,COMP_0588,30.9964182816,COMP_0028,0.43283280919
GROUP_0218,2026-02,56.7358377735,watch,stable,-0.446789398579,-2.40882884536,54.8913380789,45.4852974666,64.2973786911,0.815719140904,16,66.0539720012,COMP_0588,27.3152562479,COMP_0028,0.444464347522
GROUP_0218,2026-03,56.5386668165,watch,stable,-0.197170957003,-0.9205041706,54.3684630075,44.9624223952,63.7745036198,0.82266468834,16,64.3524203158,COMP_0588,29.9967035453,COMP_0028,0.426358244257
GROUP_0218,2026-04,58.4703747926,watch,stable,1.93170797608,1.2877476205,56.9055177026,47.4994770903,66.3115583149,0.82266468834,16,58.4334151805,COMP_0588,33.2022073708,COMP_0028,0.419074606753
GROUP_0218,2026-05,58.0132212969,watch,stable,-0.457153495695,1.27738352338,58.5783526129,49.1723120006,67.9843932252,0.82266468834,16,60.8360838306,COMP_0588,32.2095110106,COMP_0028,0.439789414165
GROUP_0218,2026-06,57.3717132859,watch,stable,-0.641508011037,0.833046469346,58.1824545641,48.7764139518,67.5884951764,0.823925073543,16,73.6234376451,COMP_0588,20.9916720637,COMP_0028,0.531245628943
GROUP_0218,2026-07,58.1626950711,watch,stable,0.790981785249,-0.307679721484,59.578874069,50.1728334567,68.9849146813,0.825877334152,16,80.4690869269,COMP_0588,15.8682612472,COMP_0028,0.562380168023
GROUP_0218,2026-08,57.51062285,watch,stable,-0.652072221119,-0.502598446908,57.8648422385,48.4588016262,67.2708828508,0.825877334152,16,80.4322894658,COMP_0588,14.621964317,COMP_0028,0.567752460707
GROUP_0219,2024-09,56.1221885771,watch,warmup,,,56.1221885771,46.7161479649,65.5282291894,0.303111111111,1,0,COMP_0711,56.1221885771,COMP_0711,
GROUP_0219,2024-10,55.4794681802,watch,warmup,-0.64272039692,,55.4794681802,46.0734275679,64.8855087925,0.303111111111,1,0,COMP_0711,55.4794681802,COMP_0711,
GROUP_0219,2024-11,54.0029191488,watch,warmup,-1.47654903146,,48.5987821064,39.1927414941,58.0048227187,0.303111111111,1,0,COMP_0711,54.0029191488,COMP_0711,
GROUP_0219,2024-12,57.3986408561,watch,stable,3.39572170735,1.27645227897,56.8446882811,47.4386476688,66.2507288934,0.303111111111,1,0,COMP_0711,57.3986408561,COMP_0711,
GROUP_0219,2025-01,59.8640616959,watch,stable,2.46542083982,4.38459351571,64.6964509709,55.2904103586,74.1024915832,0.303111111111,1,0,COMP_0711,59.8640616959,COMP_0711,
GROUP_0219,2025-02,54.2244359099,watch,stable,-5.63962578605,0.221516761128,54.6010144038,45.1949737915,64.0070550161,0.530444444444,1,0,COMP_0711,54.2244359099,COMP_0711,
GROUP_0219,2025-03,56.316838143,watch,stable,2.0924022331,-1.08180271313,57.170955505,47.7649148927,66.5769961173,0.530444444444,1,0,COMP_0711,56.316838143,COMP_0711,
GROUP_0219,2025-04,52.887214977,watch,stable,-3.42962316598,-6.97684671893,51.0481503647,41.6421097524,60.454190977,0.530444444444,1,0,COMP_0711,52.887214977,COMP_0711,
GROUP_0219,2025-05,52.1293976946,watch,stable,-0.757817282404,-2.09503821529,46.3773296987,36.9712890865,55.783370311,0.530444444444,1,0,COMP_0711,52.1293976946,COMP_0711,
GROUP_0219,2025-06,53.3374350631,watch,stable,1.20803736849,-2.9794030799,48.2724498273,38.866409215,57.6784904395,0.530444444444,1,0,COMP_0711,53.3374350631,COMP_0711,
GROUP_0219,2025-07,53.3730762391,watch,stable,0.0356411760022,0.485861262086,52.2421501594,42.8361095471,61.6481907717,0.530444444444,1,0,COMP_0711,53.3730762391,COMP_0711,
GROUP_0219,2025-08,55.0924238207,watch,stable,1.71934758164,2.96302612613,55.9183879663,46.512347354,65.3244285786,0.682,1,0,COMP_0711,55.0924238207,COMP_0711,
GROUP_0219,2025-09,58.4073497631,watch,stable,3.31492594239,5.06991470003,63.4444941775,54.0384535653,72.8505347898,0.682,1,0,COMP_0711,58.4073497631,COMP_0711,
GROUP_0219,2025-10,55.6305226849,watch,stable,-2.77682707824,2.25744644579,60.1057440169,50.6997034046,69.5117846292,0.682,1,0,COMP_0711,55.6305226849,COMP_0711,
GROUP_0219,2025-11,55.9070059749,watch,stable,0.276483290002,0.814582154154,58.8306926927,49.4246520804,68.236733305,0.682,1,0,COMP_0711,55.9070059749,COMP_0711,
GROUP_0219,2025-12,54.8743759879,watch,stable,-1.03262998696,-3.5329737752,56.25916565,46.8531250377,65.6652062623,0.682,1,0,COMP_0711,54.8743759879,COMP_0711,
GROUP_0219,2026-01,59.8730996418,watch,stable,4.99872365392,4.24257695696,61.2578893039,51.8518486916,70.6639299162,0.682,1,0,COMP_0711,59.8730996418,COMP_0711,
GROUP_0219,2026-02,56.3988954061,watch,stable,-3.47420423578,0.491889431173,57.2351074391,47.8290668268,66.6411480513,0.757777777778,1,0,COMP_0711,56.3988954061,COMP_0711,
GROUP_0219,2026-03,58.7307306406,watch,stable,2.33183523456,3.85635465269,61.8929427555,52.4869021432,71.2989833677,0.757777777778,1,0,COMP_0711,58.7307306406,COMP_0711,
GROUP_0219,2026-04,55.4873131662,watch,stable,-3.24341747438,-4.38578647561,56.2688080686,46.8627674563,65.6748486809,0.757777777778,1,0,COMP_0711,55.4873131662,COMP_0711,
GROUP_0219,2026-05,55.0304997139,watch,stable,-0.456813452374,-1.3683956922,52.7042270371,43.2981864248,62.1102676494,0.757777777778,1,0,COMP_0711,55.0304997139,COMP_0711,
GROUP_0219,2026-06,56.1159512607,watch,stable,1.08545154684,-2.61477937992,53.2029103076,43.7968696953,62.6089509199,0.757777777778,1,0,COMP_0711,56.1159512607,COMP_0711,
GROUP_0219,2026-07,55.198166131,watch,stable,-0.917785129675,-0.28914703521,52.8736314195,43.4675908072,62.2796720318,0.757777777778,1,0,COMP_0711,55.198166131,COMP_0711,
GROUP_0219,2026-08,53.1064298125,watch,stable,-2.09173631851,-1.92406990135,48.6613048667,39.2552642544,58.0673454789,0.757777777778,1,0,COMP_0711,53.1064298125,COMP_0711,
GROUP_0220,2024-09,74.8503796899,healthy,warmup,,,74.8503796899,65.4443390776,84.2564203022,0.397549589271,4,26.1236315343,COMP_0178,54.0923690219,COMP_0909,0.426367658421
GROUP_0220,2024-10,74.7341451038,healthy,warmup,-0.116234586097,,74.7341451038,65.3281044915,84.1401857161,0.397549589271,4,22.4656187085,COMP_1008,57.0626502845,COMP_0909,0.423959768153
GROUP_0220,2024-11,72.0763370573,healthy,warmup,-2.65780804644,,65.0025283444,55.5964877321,74.4085689567,0.397549589271,4,19.3237997269,COMP_1008,56.6812643707,COMP_0909,0.43517645734
GROUP_0220,2024-12,73.2966552821,healthy,stable,1.22031822474,-1.5537244078,70.1431900128,60.7371494005,79.5492306251,0.397663620212,5,25.4839471336,COMP_0178,56.4201814054,COMP_0126,0.372810092409
GROUP_0220,2025-01,71.5016748225,healthy,stable,-1.79498045957,-3.23247028127,67.5340759469,58.1280353346,76.9401165592,0.397663620212,5,30.0173032837,COMP_0178,53.9327734991,COMP_0126,0.402241713239
GROUP_0220,2025-02,71.0529538447,healthy,stable,-0.448720977798,-1.02338321263,67.1795794826,57.7735388704,76.5856200949,0.681950703476,5,25.6337071628,COMP_0178,58.8419285609,COMP_0126,0.352297583993
GROUP_0220,2025-03,70.7646328709,healthy,stable,-0.288320973807,-2.53202241118,67.0990338256,57.6929932133,76.5050744379,0.681950703476,5,20.7726563875,COMP_0178,60.4319998875,COMP_0126,0.354062821068
GROUP_0220,2025-04,73.9389609009,healthy,stable,3.17432802999,2.43728607839,72.4685239345,63.0624833222,81.8745645468,0.681950703476,5,25.0742536069,COMP_0178,55.1474069805,COMP_0126,0.360207467025
GROUP_0220,2025-05,73.193058659,healthy,stable,-0.745902241906,2.14010481428,73.0873901034,63.6813494911,82.4934307157,0.69591133537,5,21.6392191883,COMP_0178,60.0505121573,COMP_0126,0.369668329538
GROUP_0220,2025-06,73.2924513653,healthy,stable,0.099392706266,2.52781849435,75.4489657568,66.0429251445,84.8550063691,0.69591133537,5,18.9387432571,COMP_0178,60.8430603022,COMP_0126,0.321121686813
GROUP_0220,2025-07,71.2339249696,healthy,stable,-2.05852639565,-2.70503593129,71.7408277716,62.3347871593,81.1468683839,0.69591133537,5,22.9315258063,COMP_0178,58.4885589457,COMP_0126,0.340329664213
GROUP_0220,2025-08,74.4589237549,healthy,stable,3.22499878529,1.26586509591,75.1218763938,65.7158357815,84.527917006,0.867451049937,6,24.8125381917,COMP_0178,59.4288345873,COMP_0126,0.352804835593
GROUP_0220,2025-09,74.9344470059,healthy,stable,0.475523250997,1.64199564064,75.949842833,66.5438022207,85.3558834453,0.867451049937,6,23.1702493863,COMP_0178,61.5321383869,COMP_0126,0.325002642144
GROUP_0220,2025-10,73.5383848709,healthy,stable,-1.39606213503,2.30445990127,75.6903555339,66.2843149216,85.0963961462,0.867451049937,6,23.237014415,COMP_0178,60.0924957228,COMP_0126,0.331063308633
GROUP_0220,2025-11,70.8439014591,healthy,stable,-2.69448341173,-3.61502229576,70.3466214833,60.940580871,79.7526620956,0.87646210431,6,22.0460623138,COMP_0178,58.9689454766,COMP_0126,0.307306095837
GROUP_0220,2025-12,70.0668656487,healthy,stable,-0.777035810437,-4.86758135719,66.1039830155,56.6979424032,75.5100236278,0.87646210431,6,17.2499004918,COMP_0178,62.5659063101,COMP_0126,0.322349157461
GROUP_0220,2026-01,73.0032993007,healthy,stable,2.93643365197,-0.535085570193,69.0404166675,59.6343760552,78.4464572797,0.884095861954,6,24.1692817841,COMP_0178,56.7861609613,COMP_0126,0.295150071749
GROUP_0220,2026-02,73.0339243813,healthy,stable,0.030625080616,2.19002292215,71.0953913042,61.6893506919,80.5014319165,0.975844085965,6,21.540311378,COMP_0178,58.8854514679,COMP_0126,0.312958237292
GROUP_0220,2026-03,74.6448167295,healthy,stable,1.61089234816,4.57795108075,78.3678556971,68.9618150848,87.7738963094,0.975844085965,6,23.2209634399,COMP_0178,57.9413102621,COMP_0126,0.289583918895
GROUP_0220,2026-04,75.4813183304,healthy,stable,0.836501600969,2.47801902975,80.3274853001,70.9214446878,89.7335259124,0.975844085965,6,26.2199805008,COMP_0178,55.1173256451,COMP_0126,0.248712471764
GROUP_0220,2026-05,73.9462089817,healthy,stable,-1.53510934871,0.91228460042,78.1588413323,68.75280072,87.5648819446,0.980349613152,6,30.7095853051,COMP_0178,52.6046012334,COMP_0126,0.278507660428
GROUP_0220,2026-06,71.0549955095,healthy,stable,-2.89121347226,-3.58982122001,71.2111834206,61.8051428083,80.6172240329,0.980349613152,6,29.9019713299,COMP_0141,49.9573228429,COMP_0126,0.291714787724
GROUP_0220,2026-07,74.0742009536,healthy,stable,3.01920544416,-1.40711737682,73.3466658394,63.9406252271,82.7527064517,0.985438784914,6,32.6217719543,COMP_0141,46.6832176928,COMP_0126,0.302915487792
GROUP_0220,2026-08,74.2004882961,healthy,stable,0.126287342519,0.254279314414,73.4729531819,64.0669125696,82.8789937942,0.985438784914,6,34.1236391172,COMP_0141,46.7083911581,COMP_0126,0.292930401046
GROUP_0221,2025-12,59.1896150609,watch,warmup,,,59.1896150609,49.7835744486,68.5956556732,0.323111111111,1,0,COMP_0209,59.1896150609,COMP_0209,
GROUP_0221,2026-01,59.9590259605,watch,warmup,0.769410899601,,59.9590259605,50.5529853482,69.3650665728,0.323111111111,1,0,COMP_0209,59.9590259605,COMP_0209,
GROUP_0221,2026-02,61.7713137165,healthy,warmup,1.81228775599,,68.3546452882,58.9486046759,77.7606859005,0.323111111111,1,0,COMP_0209,61.7713137165,COMP_0209,
GROUP_0221,2026-03,58.3139833778,watch,stable,-3.45733033871,-0.875631683121,59.5316942411,50.1256536288,68.9377348534,0.323111111111,1,0,COMP_0209,58.3139833778,COMP_0209,
GROUP_0221,2026-04,58.1151703944,watch,stable,-0.198812983342,-1.84385556606,56.6859249889,47.2798843766,66.0919656012,0.323111111111,1,0,COMP_0209,58.1151703944,COMP_0209,
GROUP_0221,2026-05,60.5422680111,healthy,stable,2.42709761664,-1.22904570541,59.528321796,50.1222811838,68.9343624083,0.565444444444,1,0,COMP_0209,60.5422680111,COMP_0209,
GROUP_0221,2026-06,59.7918177596,watch,stable,-0.750450251493,1.47783438181,58.7778715445,49.3718309323,68.1839121568,0.565444444444,1,0,COMP_0209,59.7918177596,COMP_0209,
GROUP_0221,2026-07,59.6201971059,watch,stable,-0.171620653715,1.50502671143,58.6062508908,49.2002102785,68.0122915031,0.565444444444,1,0,COMP_0209,59.6201971059,COMP_0209,
GROUP_0221,2026-08,59.8786275835,watch,stable,0.258430477594,-0.663640427614,61.4745646733,52.068524061,70.8806052856,0.565444444444,1,0,COMP_0209,59.8786275835,COMP_0209,
GROUP_0222,2024-11,28.0296801624,stress,warmup,,,28.0296801624,18.6236395501,37.4357207746,0.324,1,0,COMP_0455,28.0296801624,COMP_0455,0.490500769276
GROUP_0222,2024-12,55.3715717273,watch,warmup,27.3418915649,,55.3715717273,45.965531115,64.7776123396,0.324,2,32.6757819008,COMP_0455,28.4781754636,COMP_1257,0.490281644919
GROUP_0222,2025-01,62.4110353575,healthy,warmup,7.03946363021,,100,100,100,0.317738877656,20,55.6202345199,COMP_0455,28.1128160005,COMP_0725,0.507337171923
GROUP_0222,2025-02,62.719139044,healthy,stable,0.308103686528,34.6894588817,100,100,100,0.317738877656,20,53.3081776363,COMP_0455,29.9629323127,COMP_0725,0.502395146264
GROUP_0222,2025-03,61.9578879045,healthy,stable,-0.761251139514,6.58631617722,89.2766684904,79.8706278781,98.6827091027,0.317738877656,20,53.1438893071,COMP_0455,28.9511713241,COMP_0725,0.489915512582
GROUP_0222,2025-04,61.9292121303,healthy,stable,-0.028675774218,-0.481823227204,73.1259496316,63.7199090193,82.5319902438,0.32161990603,20,51.9957565565,COMP_0455,32.1061808029,COMP_0725,0.47959114044
GROUP_0222,2025-05,63.4818610002,healthy,stable,1.55264886992,0.762721956189,65.0531898015,55.6471491892,74.4592304138,0.33790353776,21,49.4585719201,COMP_0455,37.9519679019,COMP_0725,0.43986727497
GROUP_0222,2025-06,64.0399392279,healthy,stable,0.558078227708,2.08205132341,65.6112680292,56.2052274169,75.0173086415,0.504438576521,21,55.5641078394,COMP_0455,32.8486311537,COMP_0725,0.472572642877
GROUP_0222,2025-07,62.3791301672,healthy,stable,-1.66080906077,0.449918036863,63.1439908298,53.7379502175,72.5500314421,0.504438576521,21,47.3059122362,COMP_0455,34.0091167787,COMP_0999,0.457544897049
GROUP_0222,2025-08,62.9674189794,healthy,stable,0.588288812296,-0.514442020761,63.9971406759,54.5911000636,73.4031812882,0.504438576521,21,49.8139916086,COMP_0455,34.8785923755,COMP_0725,0.448850203985
GROUP_0222,2025-09,63.3375531442,healthy,stable,0.370134164779,-0.702386083691,64.6612668769,55.2552262646,74.0673074892,0.504438576521,21,47.4694997403,COMP_0455,36.8664807026,COMP_0725,0.454477892582
GROUP_0222,2025-10,64.2916784829,healthy,stable,0.954125338639,1.91254831571,65.1176923152,55.7116517029,74.5237329275,0.557656161144,22,49.7023408172,COMP_0455,36.2500180384,COMP_0999,0.463656643562
GROUP_0222,2025-11,63.3707993088,healthy,stable,-0.920879174086,0.403380329332,64.0565458686,54.6505052564,73.4625864809,0.566681349391,22,51.1135050769,COMP_0455,35.2270598976,COMP_0999,0.478691597675
GROUP_0222,2025-12,64.466792743,healthy,stable,1.09599343417,1.12923959872,66.3865000608,56.9804594485,75.7925406731,0.674867954945,22,41.2537892036,COMP_0455,44.5475218076,COMP_0999,0.405742155257
GROUP_0222,2026-01,65.1348110744,healthy,stable,0.668018331407,0.843132591493,67.0545183922,57.6484777799,76.4605590045,0.674867954945,22,47.3761294339,COMP_0657,43.7857245545,COMP_0999,0.364244499211
GROUP_0222,2026-02,65.8565588825,healthy,stable,0.721747808136,2.48575957371,68.4259447355,59.0199041232,77.8319853478,0.674867954945,22,45.4516124542,COMP_0657,42.8011256712,COMP_0999,0.37141056062
GROUP_0222,2026-03,67.6384979719,healthy,stable,1.78193908945,3.171705229,71.3194117934,61.9133711812,80.7254524057,0.681076838686,22,49.1866103647,COMP_0657,42.1570651736,COMP_0999,0.383643832266
GROUP_0222,2026-04,65.2729382733,healthy,stable,-2.3655596986,0.138127198987,68.9538520948,59.5478114825,78.3598927071,0.7193053949,22,43.1261627577,COMP_0657,43.0145922024,COMP_0999,0.371735023569
GROUP_0222,2026-05,66.8190480464,healthy,stable,1.54610977301,0.96248916386,69.2183484558,59.8123078435,78.6243890681,0.723817989024,22,48.0900300141,COMP_0657,40.1364187091,COMP_0999,0.34822730733
GROUP_0222,2026-06,67.3474299749,healthy,stable,0.528381928559,-0.291067997033,69.4948321142,60.0887915019,78.9008727265,0.777911291801,22,47.4232734624,COMP_0657,42.8685596119,COMP_0999,0.357482464711
GROUP_0222,2026-07,66.1009635518,healthy,stable,-1.24646642307,0.828025278497,66.3502563146,56.9442157023,75.7562969269,0.777911291801,22,56.2834988476,COMP_0657,39.5103860566,COMP_0999,0.33678721653
GROUP_0222,2026-08,66.7156068643,healthy,stable,0.614643312472,-0.10344118204,66.2207912694,56.8147506571,75.6268318816,0.777911291801,22,61.4268213808,COMP_0657,35.9616194553,COMP_0999,0.372227173583
GROUP_0223,2026-01,78.9848921591,healthy,warmup,,,78.9848921591,69.5788515468,88.3909327714,0.279111111111,1,0,COMP_0351,78.9848921591,COMP_0351,
GROUP_0223,2026-02,80.8772260783,solid,warmup,1.89233391922,,80.8772260783,71.4711854661,90.2832666906,0.279111111111,1,0,COMP_0351,80.8772260783,COMP_0351,
GROUP_0223,2026-03,84.8715994275,solid,warmup,3.99437334912,,99.8827029617,90.4766623494,100,0.279111111111,1,0,COMP_0351,84.8715994275,COMP_0351,
GROUP_0223,2026-04,80.0287756851,solid,stable,-4.84282374231,1.04388352602,85.7415281763,76.335487564,95.1475687886,0.279111111111,1,0,COMP_0351,80.0287756851,COMP_0351,
GROUP_0223,2026-05,81.7262544709,solid,stable,1.69747878573,0.849028392529,84.3611739417,74.9551333294,93.767214554,0.279111111111,1,0,COMP_0351,81.7262544709,COMP_0351,
GROUP_0223,2026-06,83.1488525414,solid,stable,1.42259807058,-1.72274688601,86.6440894889,77.2380488766,96.0501301012,0.488444444444,1,0,COMP_0351,83.1488525414,COMP_0351,
GROUP_0223,2026-07,86.2880215506,solid,stable,3.13916900918,6.25924586549,91.8070329324,82.4009923201,100,0.488444444444,1,0,COMP_0351,86.2880215506,COMP_0351,
GROUP_0223,2026-08,80.2734923492,solid,stable,-6.01452920144,-1.45276212168,80.5855060959,71.1794654836,89.9915467081,0.488444444444,1,0,COMP_0351,80.2734923492,COMP_0351,
GROUP_0224,2025-10,59.2651521117,watch,warmup,,,59.2651521117,49.8591114994,68.671192724,0.372891965243,3,19.6649456472,COMP_0394,50.049000696,COMP_0200,0.381798845958
GROUP_0224,2025-11,60.3300866371,healthy,warmup,1.06493452541,,60.3300866371,50.9240460248,69.7361272494,0.372891965243,3,16.5711605862,COMP_0394,52.6027505156,COMP_0200,0.387480023057
GROUP_0224,2025-12,59.0668879532,watch,warmup,-1.26319868392,,58.561314349,49.1552737367,67.9673549613,0.372891965243,3,17.0737808606,COMP_0394,51.0026891719,COMP_0200,0.399572222477
GROUP_0224,2026-01,58.7106233155,watch,stable,-0.356264637725,-0.554528796243,57.3307990125,47.9247584002,66.7368396248,0.372891965243,3,14.9753890416,COMP_0394,51.4076981015,COMP_0200,0.41334865096
GROUP_0224,2026-02,59.6889843082,watch,stable,0.978360992725,-0.641102328924,58.9648480293,49.558807417,68.3708886416,0.372891965243,3,18.3682442843,COMP_0394,50.4701743452,COMP_0200,0.384699562524
GROUP_0224,2026-03,58.6548077964,watch,stable,-1.03417651178,-0.412080156782,57.9542715299,48.5482309176,67.3603121422,0.652560939176,3,19.0558864643,COMP_0394,48.6544962338,COMP_0200,0.399806259443
GROUP_0224,2026-04,58.8382164285,watch,stable,0.183408632095,0.127593113037,57.7483424693,48.3423018571,67.1543830816,0.652560939176,3,18.5153181287,COMP_0394,48.9509933123,COMP_0200,0.406458912433
GROUP_0224,2026-05,59.6996112098,watch,stable,0.861394781311,0.0106269016233,59.916519502,50.5104788897,69.3225601143,0.652560939176,3,17.6337619625,COMP_0394,51.6301361305,COMP_0193,0.458941686094
GROUP_0224,2026-06,57.8914549824,watch,stable,-1.80815622744,-0.763352814036,57.7491254088,48.3430847965,67.1551660211,0.652560939176,3,24.681954462,COMP_0394,48.3471160425,COMP_0193,0.49192161907
GROUP_0224,2026-07,58.3146523681,watch,stable,0.423197385715,-0.523564060416,57.0169525842,47.6109119719,66.4229931965,0.652560939176,3,21.793702937,COMP_0394,50.4214161837,COMP_0193,0.482106868186
GROUP_0224,2026-08,54.890406793,watch,stable,-3.42424557507,-4.80920441679,52.4761651054,43.0701244931,61.8822057177,0.652560939176,3,20.0652071752,COMP_0200,48.5481357927,COMP_0193,0.582276755373
GROUP_0225,2024-09,59.7673928235,watch,warmup,,,59.7673928235,50.3613522112,69.1734334358,0.371616183867,4,34.1424085506,COMP_0176,50.6001217454,COMP_0039,0.368266678357
GROUP_0225,2024-10,58.9533290947,watch,warmup,-0.814063728805,,58.9533290947,49.5472884824,68.359369707,0.371616183867,4,33.4799521503,COMP_0176,49.5387914299,COMP_0039,0.375485801483
GROUP_0225,2024-11,57.9564654488,watch,warmup,-0.996863645919,,53.3386006433,43.932560031,62.7446412555,0.371616183867,4,34.7020409082,COMP_0176,48.3598489591,COMP_0039,0.376814196349
GROUP_0225,2024-12,61.2640367764,healthy,stable,3.30757132761,1.49664395288,60.4603216279,51.0542810156,69.8663622402,0.371616183867,4,30.4329593981,COMP_0176,50.2994475471,COMP_0039,0.363870875398
GROUP_0225,2025-01,61.2189845017,healthy,stable,-0.0450522747333,2.26565540696,63.4165215565,54.0104809442,72.8225621687,0.371616183867,4,33.3271276347,COMP_0176,49.0742235425,COMP_0039,0.376050127416
GROUP_0225,2025-02,62.5173359671,healthy,stable,1.29835146543,4.5608705183,65.7132489034,56.3072082911,75.1192895157,0.650328321767,4,29.3230483158,COMP_0176,51.1652682136,COMP_0039,0.363777862558
GROUP_0225,2025-03,61.5300589588,healthy,stable,-0.987277008319,0.266022182374,65.3816731506,55.9756325383,74.7877137629,0.650328321767,4,29.7062889336,COMP_0176,51.2722992834,COMP_0039,0.358473367904
GROUP_0225,2025-04,61.7970185392,healthy,stable,0.266959580464,0.578034037572,63.1585123996,53.7524717873,72.5645530119,0.650328321767,4,27.9267369184,COMP_0176,51.7037600478,COMP_0039,0.353248542158
GROUP_0225,2025-05,61.0573242037,healthy,stable,-0.739694335523,-1.46001176338,60.8512073238,51.4451667116,70.2572479361,0.650328321767,4,29.0592859731,COMP_0176,50.6433241593,COMP_0039,0.355347946066
GROUP_0225,2025-06,64.4427530278,healthy,stable,3.38542882403,2.91269406897,65.4254108916,56.0193702793,74.8314515039,0.650328321767,4,25.5185455532,COMP_0176,54.314093419,COMP_0039,0.347572455877
GROUP_0225,2025-07,58.8560762203,watch,stable,-5.58667680745,-2.94094231895,56.3740562226,46.9680156103,65.7800968348,0.650328321767,4,25.5394489881,COMP_0176,52.5061039036,COMP_0039,0.359139300835
GROUP_0225,2025-08,62.7967294405,healthy,stable,3.94065322023,1.73940523681,64.0713608397,54.6653202274,73.477401452,0.8361364137,4,23.5501349847,COMP_0176,55.9573647399,COMP_0039,0.336576264651
GROUP_0225,2025-09,61.4142528378,healthy,stable,-1.38247660269,-3.02850018991,61.0238318224,51.6177912101,70.4298724347,0.8361364137,4,26.3169535354,COMP_0176,54.2545508573,COMP_0039,0.347477089455
GROUP_0225,2025-10,62.4317848165,healthy,stable,1.01753197867,3.57570859621,62.886868825,53.4808282127,72.2929094373,0.8361364137,4,24.2152818783,COMP_0176,55.2504436552,COMP_0039,0.331103990778
GROUP_0225,2025-11,58.4632503548,watch,stable,-3.96853446171,-4.33347908573,54.2658902074,44.8598495951,63.6719308197,0.8361364137,4,28.1107317537,COMP_0176,52.7552416911,COMP_0039,0.34812568441
GROUP_0225,2025-12,60.1204816652,healthy,stable,1.65723131043,-1.29377117261,59.189872874,49.7838322617,68.5959134863,0.8361364137,4,33.8839779499,COMP_0176,46.8538545094,COMP_0039,0.38033116521
GROUP_0225,2026-01,57.2973691945,watch,stable,-2.82311247068,-5.13441562196,51.6880217436,42.2819811314,61.0940623559,0.8361364137,4,30.9833374703,COMP_0176,50.7625037795,COMP_0039,0.356019253755
GROUP_0225,2026-02,62.2157811466,healthy,stable,4.91841195209,3.75253079183,60.0163701532,50.6103295409,69.4224107655,0.929040459667,4,31.6654559819,COMP_0176,49.0360880676,COMP_0039,0.363921678142
GROUP_0225,2026-03,61.1325310759,healthy,stable,-1.08325007075,1.01204941066,60.8571263968,51.4510857845,70.2631670091,0.929040459667,4,31.3875049195,COMP_0176,50.4568024021,COMP_0039,0.351215732279
GROUP_0225,2026-04,62.7377035056,healthy,stable,1.60517242975,5.44033431109,67.0976457195,57.6916051072,76.5036863318,0.929040459667,4,30.9047521199,COMP_0176,50.0800014181,COMP_0039,0.34978988909
GROUP_0225,2026-05,63.4332351959,healthy,stable,0.695531690242,1.21745404924,66.9804468161,57.5744062038,76.3864874284,0.929040459667,4,27.5429683777,COMP_0176,53.3650077057,COMP_0039,0.332779714604
GROUP_0225,2026-06,70.9340133136,healthy,stable,7.50077811774,9.80148223773,80.1825816425,70.7765410302,89.5886222548,0.929040459667,4,28.1574198412,COMP_0176,51.715633076,COMP_0039,0.355209294759
GROUP_0225,2026-07,77.3065628217,healthy,stable,6.37254950811,14.5688593161,92.6991601303,83.293119518,100,0.929040459667,4,27.279580589,COMP_0176,53.1316058233,COMP_0039,0.33890503752
GROUP_0225,2026-08,77.6182562954,healthy,stable,0.311693473697,14.1850210996,96.5909611024,87.1849204901,100,0.929040459667,4,29.42710336,COMP_0176,51.0621259984,COMP_0039,0.343325704088
GROUP_0226,2025-01,54.5141163143,watch,warmup,,,54.5141163143,45.108075702,63.9201569266,0.354242937059,4,37.4781208995,COMP_1024,28.4869746302,COMP_0861,0.630424509987
GROUP_0226,2025-02,54.9972910716,watch,warmup,0.483174757274,,54.9972910716,45.5912504593,64.4033316839,0.354242937059,4,35.2802449167,COMP_1024,28.3493381644,COMP_0318,0.633940598826
GROUP_0226,2025-03,57.1900065926,watch,warmup,2.19271552097,,64.0135268021,54.6074861898,73.4195674144,0.354242937059,4,34.8424847862,COMP_1024,32.767934629,COMP_0861,0.59009915498
GROUP_0226,2025-04,57.2266767805,watch,stable,0.0366701878942,2.71256046613,62.3748199555,52.9687793432,71.7808605678,0.354242937059,4,37.3946518628,COMP_1024,31.6202874281,COMP_0861,0.59466454664
GROUP_0226,2025-05,55.7384281585,watch,stable,-1.48824862192,0.741137086938,57.7510225903,48.344981978,67.1570632026,0.354242937059,4,31.4521024128,COMP_1024,33.2928580352,COMP_0861,0.593726546229
GROUP_0226,2025-06,57.5479656368,watch,stable,1.80953747827,0.35795904424,60.0121568989,50.6061162866,69.4181975112,0.619925139853,4,32.8180532914,COMP_1024,33.5326896555,COMP_0861,0.580234832688
GROUP_0226,2025-07,58.8688619949,watch,stable,1.32089635808,1.64218521443,61.6605768594,52.2545362471,71.0666174717,0.619925139853,4,33.1751608321,COMP_1024,33.3420405241,COMP_0861,0.588765348835
GROUP_0226,2025-08,50.7701305898,watch,stable,-8.09873140505,-4.96829756871,50.9571485481,41.5511079358,60.3631891604,0.619925139853,4,30.5305651783,COMP_1024,33.2304596691,COMP_0318,0.593089607857
GROUP_0226,2025-09,50.7002676119,watch,stable,-0.0698629779153,-6.84769802489,44.04333026,34.6372896477,53.4493708723,0.619925139853,4,27.2790946758,COMP_1024,33.8164385015,COMP_0861,0.583382948208
GROUP_0226,2025-10,59.6020317564,watch,stable,8.90176414447,0.733169761498,60.8484203509,51.4423797386,70.2544609632,0.619925139853,4,32.0107523754,COMP_1024,35.3739060835,COMP_0993,0.571423466099
GROUP_0226,2025-11,58.6430850562,watch,stable,-0.95894670019,7.87295446636,59.760106864,50.3540662517,69.1661474763,0.619925139853,4,28.2750982509,COMP_1024,37.3807962182,COMP_0993,0.549813385805
GROUP_0226,2025-12,58.2040520738,watch,stable,-0.439032982437,7.50378446184,57.9161864769,48.5101458646,67.3222270892,0.797046608382,4,28.1603965074,COMP_1024,39.3979379543,COMP_0993,0.534535294836
GROUP_0226,2026-01,58.8343548215,watch,stable,0.630302747722,-0.767676934904,67.0598635378,57.6538229255,76.4659041501,0.797046608382,4,27.238873044,COMP_1024,40.3082922754,COMP_0993,0.509245871856
GROUP_0226,2026-02,60.4449202031,healthy,stable,1.61056538159,1.80183514688,63.6594642165,54.2534236042,73.0655048287,0.797046608382,4,34.1948266726,COMP_1024,37.4273078266,COMP_0993,0.540810489167
GROUP_0226,2026-03,60.0764848392,healthy,stable,-0.368435363851,1.87243276546,61.1511676087,51.7451269965,70.557208221,0.797046608382,4,35.0225202523,COMP_1024,37.0696332475,COMP_0993,0.545058903246
GROUP_0226,2026-04,62.2496718233,healthy,stable,2.17318698411,3.41531700185,65.4642158367,56.0581752244,74.870256449,0.797046608382,4,26.8494218943,COMP_1024,45.2700131807,COMP_0993,0.479811084864
GROUP_0226,2026-05,61.3417620446,healthy,stable,-0.907909778711,0.896841841549,64.556306058,55.1502654457,73.9623466703,0.797046608382,4,34.0681076171,COMP_1024,40.1223615615,COMP_0993,0.527753102208
GROUP_0226,2026-06,60.6202984793,healthy,stable,-0.721463565365,0.543813640035,62.4419610102,53.0359203979,71.8480016225,0.885607342647,4,37.7060396852,COMP_1024,34.6733002453,COMP_0993,0.577686501612
GROUP_0226,2026-07,62.5686872931,healthy,stable,1.94838881382,0.319015469746,64.0933184237,54.6872778114,73.499359036,0.885607342647,4,44.8872193783,COMP_1024,28.3348100687,COMP_0993,0.641732909161
GROUP_0226,2026-08,63.9551065002,healthy,stable,1.38641920716,2.61334445562,67.1326646289,57.7266240166,76.5387052412,0.885607342647,4,50.2004029224,COMP_1024,25.9120432823,COMP_0861,0.655048691046
GROUP_0227,2024-09,53.2436961891,watch,warmup,,,53.2436961891,43.8376555768,62.6497368013,0.303111111111,1,0,COMP_0147,53.2436961891,COMP_0147,
GROUP_0227,2024-10,50.894866388,watch,warmup,-2.34882980105,,50.894866388,41.4888257757,60.3009070003,0.303111111111,1,0,COMP_0147,50.894866388,COMP_0147,
GROUP_0227,2024-11,57.2503793206,watch,warmup,6.35551293262,,67.4674213061,58.0613806938,76.8734619184,0.303111111111,1,0,COMP_0147,57.2503793206,COMP_0147,
GROUP_0227,2024-12,57.2978181723,watch,stable,0.0474388516752,4.05412198324,65.8523428508,56.4463022385,75.2583834631,0.303111111111,1,0,COMP_0147,57.2978181723,COMP_0147,
GROUP_0227,2025-01,55.4416784994,watch,stable,-1.85613967291,4.54681211138,60.288895908,50.8828552957,69.6949365203,0.303111111111,1,0,COMP_0147,55.4416784994,COMP_0147,
GROUP_0227,2025-02,56.32429675,watch,stable,0.882618250616,-0.92608257062,59.4665093222,50.0604687099,68.8725499345,0.530444444444,1,0,COMP_0147,56.32429675,COMP_0147,
GROUP_0227,2025-03,58.4826797982,watch,stable,2.15838304822,1.18486162592,62.9840328764,53.5779922641,72.3900734887,0.530444444444,1,0,COMP_0147,58.4826797982,COMP_0147,
GROUP_0227,2025-04,58.5738672193,watch,stable,0.0911874210699,3.1321887199,60.1450503282,50.7390097159,69.5510909405,0.530444444444,1,0,COMP_0147,58.5738672193,COMP_0147,
GROUP_0227,2025-05,57.4058973758,watch,stable,-1.16796984347,1.08160062581,59.2446184397,49.8385778274,68.650659052,0.530444444444,1,0,COMP_0147,57.4058973758,COMP_0147,
GROUP_0227,2025-06,54.8981468624,watch,stable,-2.50775051338,-3.58453293579,55.3632027099,45.9571620976,64.7692433222,0.530444444444,1,0,COMP_0147,54.8981468624,COMP_0147,
GROUP_0227,2025-07,53.5986994883,watch,stable,-1.2994473741,-4.97516773096,47.6420532866,38.2360126743,57.0480938989,0.530444444444,1,0,COMP_0147,53.5986994883,COMP_0147,
GROUP_0227,2025-08,59.1820946363,watch,stable,5.58339514792,1.77619726044,53.2254484345,43.8194078222,62.6314890468,0.682,1,0,COMP_0147,59.1820946363,COMP_0147,
GROUP_0227,2025-09,58.2877018885,watch,stable,-0.894392747794,3.38955502603,57.995813251,48.5897726387,67.4018538633,0.682,1,0,COMP_0147,58.2877018885,COMP_0147,
GROUP_0227,2025-10,57.4054920454,watch,stable,-0.882209843094,3.80679255703,58.529792799,49.1237521867,67.9358334113,0.682,1,0,COMP_0147,57.4054920454,COMP_0147,
GROUP_0227,2025-11,58.6176350816,watch,stable,1.21214303621,-0.564459554677,62.4115130651,53.0054724528,71.8175536774,0.682,1,0,COMP_0147,58.6176350816,COMP_0147,
GROUP_0227,2025-12,59.3780869154,watch,stable,0.760451833825,1.09038502694,63.2563912679,53.8503506556,72.6624318802,0.682,1,0,COMP_0147,59.3780869154,COMP_0147,
GROUP_0227,2026-01,59.0658783624,watch,stable,-0.312208553038,1.660386317,59.9072080048,50.5011673925,69.3132486171,0.682,1,0,COMP_0147,59.0658783624,COMP_0147,
GROUP_0227,2026-02,58.4554430743,watch,stable,-0.610435288072,-0.162192007285,59.4476180785,50.0415774662,68.8536586908,0.757777777778,1,0,COMP_0147,58.4554430743,COMP_0147,
GROUP_0227,2026-03,57.629047194,watch,stable,-0.826395880268,-1.74903972138,57.3533207816,47.9472801694,66.7593613939,0.757777777778,1,0,COMP_0147,57.629047194,COMP_0147,
GROUP_0227,2026-04,57.2785171557,watch,stable,-0.350530038297,-1.78736120664,54.9257753609,45.5197347486,64.3318159732,0.757777777778,1,0,COMP_0147,57.2785171557,COMP_0147,
GROUP_0227,2026-05,57.9828666745,watch,stable,0.704349518769,-0.472576399796,55.6301248797,46.2240842674,65.036165492,0.757777777778,1,0,COMP_0147,57.9828666745,COMP_0147,
GROUP_0227,2026-06,57.1000182644,watch,stable,-0.882848410106,-0.529028929634,55.3123150691,45.9062744568,64.7183556814,0.757777777778,1,0,COMP_0147,57.1000182644,COMP_0147,
GROUP_0227,2026-07,57.3335918162,watch,stable,0.233573551762,0.0550746604256,56.4342426358,47.0282020235,65.8402832481,0.757777777778,1,0,COMP_0147,57.3335918162,COMP_0147,
GROUP_0227,2026-08,58.21542949,watch,stable,0.88183767383,0.232562815487,58.6107862763,49.204745664,68.0168268886,0.757777777778,1,0,COMP_0147,58.21542949,COMP_0147,
GROUP_0228,2025-01,50.6717854059,watch,warmup,,,50.6717854059,41.2657447936,60.0778260182,0.303111111111,1,0,COMP_0869,50.6717854059,COMP_0869,
GROUP_0228,2025-02,53.9719575343,watch,warmup,3.3001721284,,53.9719575343,44.565916922,63.3779981466,0.303111111111,1,0,COMP_0869,53.9719575343,COMP_0869,
GROUP_0228,2025-03,50.228946578,watch,warmup,-3.74301095633,,49.0997075668,39.6936669545,58.5057481791,0.303111111111,1,0,COMP_0869,50.228946578,COMP_0869,
GROUP_0228,2025-04,48.0928000769,watch,stable,-2.13614650107,-2.578985329,40.4534889696,31.0474483573,49.8595295819,0.303111111111,1,0,COMP_0869,48.0928000769,COMP_0869,
GROUP_0228,2025-05,54.4552732007,watch,stable,6.36247312378,0.483315666387,54.3014720115,44.8954313993,63.7075126238,0.303111111111,1,0,COMP_0869,54.4552732007,COMP_0869,
GROUP_0228,2025-06,50.7666768333,watch,stable,-3.6885963674,0.537730255321,50.8634660893,41.457425477,60.2695067015,0.530444444444,1,0,COMP_0869,50.7666768333,COMP_0869,
GROUP_0228,2025-07,56.5196477427,watch,stable,5.75297090934,8.42684766572,59.1182917552,49.7122511429,68.5243323674,0.530444444444,1,0,COMP_0869,56.5196477427,COMP_0869,
GROUP_0228,2025-08,49.5655384642,watch,stable,-6.95410927846,-4.88973473652,51.443279908,42.0372392957,60.8493205203,0.530444444444,1,0,COMP_0869,49.5655384642,COMP_0869,
GROUP_0228,2025-09,51.8901044021,watch,stable,2.32456593793,1.12342756881,53.7999312691,44.3938906568,63.2059718814,0.530444444444,1,0,COMP_0869,51.8901044021,COMP_0869,
GROUP_0228,2025-10,58.886905408,watch,stable,6.99680100589,2.36725766537,62.9112434392,53.5052028269,72.3172840515,0.530444444444,1,0,COMP_0869,58.886905408,COMP_0869,
GROUP_0228,2025-11,64.4791388801,healthy,stable,5.59223347205,14.9136004159,76.3344251635,66.9283845513,85.7404657758,0.530444444444,1,0,COMP_0869,64.4791388801,COMP_0869,
GROUP_0228,2025-12,71.1098591287,healthy,stable,6.63072024866,19.2197547266,96.4629798357,87.0569392235,100,0.682,1,0,COMP_0869,71.1098591287,COMP_0869,
GROUP_0228,2026-01,72.0994686013,healthy,improving,0.989609472581,13.2125631933,97.8664079553,88.460367343,100,0.682,1,0,COMP_0869,72.0994686013,COMP_0869,
GROUP_0228,2026-02,66.3410773725,healthy,improving,-5.75839122883,1.8619384924,88.8024348011,79.3963941888,98.2084754134,0.682,1,0,COMP_0869,66.3410773725,COMP_0869,
GROUP_0228,2026-03,68.0580413948,healthy,stable,1.71696402232,-3.05181773393,76.8145579087,67.4085172964,86.220598521,0.682,1,0,COMP_0869,68.0580413948,COMP_0869,
GROUP_0228,2026-04,70.7547442467,healthy,stable,2.69670285188,-1.34472435463,75.317844953,65.9118043407,84.7238855653,0.682,1,0,COMP_0869,70.7547442467,COMP_0869,
GROUP_0228,2026-05,71.8144925275,healthy,stable,1.05974828075,5.47341515496,72.5332185941,63.1271779819,81.9392592064,0.682,1,0,COMP_0869,71.8144925275,COMP_0869,
GROUP_0228,2026-06,69.9666849453,healthy,stable,-1.8478075822,1.90864355044,73.211378981,63.8053383687,82.6174195933,0.757777777778,1,0,COMP_0869,69.9666849453,COMP_0869,
GROUP_0228,2026-07,70.7846316282,healthy,stable,0.817946682938,0.0298873814958,75.317056969,65.9110163567,84.7230975813,0.757777777778,1,0,COMP_0869,70.7846316282,COMP_0869,
GROUP_0228,2026-08,72.5413263718,healthy,stable,1.7566947436,0.726833844342,76.0177289194,66.6116883071,85.4237695316,0.757777777778,1,0,COMP_0869,72.5413263718,COMP_0869,
GROUP_0229,2026-05,59.8914017782,watch,warmup,,,59.8914017782,50.485361166,69.2974423905,0.271111111111,1,0,COMP_0965,59.8914017782,COMP_0965,
GROUP_0229,2026-06,62.4843820152,healthy,warmup,2.592980237,,62.4843820152,53.078341403,71.8904226275,0.271111111111,1,0,COMP_0965,62.4843820152,COMP_0965,
GROUP_0229,2026-07,61.8914574284,healthy,warmup,-0.592924586874,,66.9915993362,57.5855587239,76.3976399485,0.271111111111,1,0,COMP_0965,61.8914574284,COMP_0965,
GROUP_0229,2026-08,60.6829713126,healthy,stable,-1.20848611579,0.79156953433,59.8438477202,50.4378071079,69.2498883325,0.271111111111,1,0,COMP_0965,60.6829713126,COMP_0965,
GROUP_0230,2025-09,57.0071591541,watch,warmup,,,57.0071591541,47.6011185418,66.4131997664,0.390468763833,7,20.8864078711,COMP_0421,50.0749244037,COMP_0070,0.247751638739
GROUP_0230,2025-10,52.9839379492,watch,warmup,-4.02322120491,,52.9839379492,43.5778973369,62.3899785615,0.390468763833,7,24.3827754515,COMP_0919,48.4632281717,COMP_0070,0.278384124685
GROUP_0230,2025-11,54.1955082568,watch,warmup,1.2115703076,,47.0257984687,37.6197578564,56.431839081,0.390468763833,7,25.3137603281,COMP_0919,49.5519119136,COMP_0070,0.264186492078
GROUP_0230,2025-12,53.3183253452,watch,stable,-0.877182911571,-3.68883380888,47.9460001832,38.5399595709,57.3520407955,0.390468763833,7,31.115103264,COMP_0919,47.7040713918,COMP_0070,0.25937457638
GROUP_0230,2026-01,49.737903891,watch,stable,-3.58042145424,-3.24603405821,43.0175402594,33.6114996471,52.4235808717,0.390468763833,7,36.0606955093,COMP_0919,43.2165831233,COMP_0070,0.28116779826
GROUP_0230,2026-02,53.3914732206,watch,stable,3.65356932955,-0.804035036259,48.9178403715,39.5117997593,58.3238809838,0.683320336708,7,30.9869546062,COMP_0919,47.8985358003,COMP_0070,0.313979775608
GROUP_0230,2026-03,55.2873734025,watch,stable,1.8959001819,1.96904805722,56.1400612623,46.73402065,65.5461018746,0.683320336708,7,34.8776828145,COMP_0919,49.22008443,COMP_0070,0.287181231431
GROUP_0230,2026-04,46.4986298072,watch,stable,-8.78874359523,-3.23927408377,42.0249969582,32.6189563459,51.4310375705,0.683320336708,7,43.8260882661,COMP_0919,38.8517114513,COMP_0070,0.296453529886
GROUP_0230,2026-05,41.9633079274,watch,stable,-4.53532187985,-11.4281652932,32.0506980738,22.6446574615,41.456738686,0.683320336708,7,51.3009902902,COMP_0919,33.1658041737,COMP_0070,0.339698669475
GROUP_0230,2026-06,42.3747035639,watch,stable,0.411395636548,-12.9126698385,31.8586916435,22.4526510312,41.2647322558,0.683320336708,7,50.3111446024,COMP_0919,33.4418222374,COMP_0070,0.333191000839
GROUP_0230,2026-07,44.4693452883,watch,stable,2.09464172435,-2.02928451896,30.6763594427,21.2703188304,40.082400055,0.683320336708,7,49.2137853033,COMP_0919,35.8140248748,COMP_0070,0.318178678796
GROUP_0230,2026-08,42.1315135692,watch,stable,-2.33783171907,0.168205641822,31.6155016488,22.2094610365,41.0215422611,0.878554718624,7,51.7264660881,COMP_0919,33.0065993772,COMP_0070,0.333421920598
GROUP_0231,2024-09,66.0532158116,healthy,warmup,,,66.0532158116,56.6471751993,75.4592564239,0.394301488062,2,1.02811076782,COMP_0287,65.1471613247,COMP_0803,0.217413695504
GROUP_0231,2024-10,65.5595473735,healthy,warmup,-0.493668438036,,65.5595473735,56.1535067613,74.9655879858,0.394301488062,2,5.70583633225,COMP_0803,64.8821561974,COMP_0287,0.231800443174
GROUP_0231,2024-11,66.7672630497,healthy,warmup,1.2077156762,,68.5880835071,59.1820428948,77.9941241194,0.394301488062,2,3.19965172476,COMP_0803,66.3874036008,COMP_0287,0.206103870014
GROUP_0231,2024-12,63.7461028857,healthy,stable,-3.02116016405,-2.30711292588,60.5262023817,51.1201617694,69.932242994,0.394301488062,2,4.91640174393,COMP_0803,63.1624325934,COMP_0287,0.24318221978
GROUP_0231,2025-01,60.7648922163,healthy,stable,-2.98121066943,-4.79465515728,55.0814442022,45.67540359,64.4874848145,0.394301488062,2,6.69966734023,COMP_0803,59.9695144179,COMP_0287,0.267508815844
GROUP_0231,2025-02,62.5673784758,healthy,stable,1.80248625953,-4.19988457395,58.6452865018,49.2392458895,68.0513271141,0.690027604108,2,8.50556419578,COMP_0803,61.557606411,COMP_0287,0.251003595812
GROUP_0231,2025-03,62.8242662039,healthy,stable,0.256887728117,-0.921836681782,59.0092508593,49.603210247,68.4152914716,0.690027604108,2,3.57747205605,COMP_0803,62.3995523035,COMP_0287,0.242296082712
GROUP_0231,2025-04,64.3484109271,healthy,stable,1.52414472315,3.5835187108,62.781288568,53.3752479557,72.1873291803,0.690027604108,2,4.18489527852,COMP_0803,63.8515843499,COMP_0287,0.225845592945
GROUP_0231,2025-05,64.25517099,healthy,stable,-0.0932399370446,1.68779251422,67.1244182642,57.7183776519,76.5304588765,0.690027604108,2,3.87751981059,COMP_0803,63.7948357206,COMP_0287,0.238618280727
GROUP_0231,2025-06,67.0077963595,healthy,stable,2.75262536944,4.18353015555,72.6693291611,63.2632885488,82.0753697734,0.690027604108,2,2.22819943037,COMP_0803,66.7432667542,COMP_0287,0.212225040224
GROUP_0231,2025-07,63.8429353812,healthy,stable,-3.16486097827,-0.505475545872,66.7121826554,57.3061420431,76.1182232677,0.690027604108,2,5.191582577,COMP_0803,63.2265958959,COMP_0287,0.247117295117
GROUP_0231,2025-08,63.6265890447,healthy,stable,-0.216346336485,-0.628581945312,63.1510653658,53.7450247535,72.5571059781,0.887178348139,2,8.04598491354,COMP_0803,62.6713777721,COMP_0287,0.251488291915
GROUP_0231,2025-09,65.5749292878,healthy,stable,1.94834024308,-1.43286707168,64.7156208598,55.3095802475,74.1216614721,0.887178348139,2,4.61348325063,COMP_0803,65.0272211757,COMP_0287,0.224507981456
GROUP_0231,2025-10,63.5991223401,healthy,stable,-1.9758069477,-0.243813041104,62.5479215376,53.1418809253,71.9539621499,0.887178348139,2,0.944435094245,COMP_0803,63.4869999514,COMP_0287,0.232019895841
GROUP_0231,2025-11,65.0195463558,healthy,stable,1.42042401567,1.39295731105,63.9161800397,54.5101394274,73.322220652,0.887178348139,2,2.2618564521,COMP_0803,64.7510210225,COMP_0287,0.226439791933
GROUP_0231,2025-12,59.1945439128,watch,stable,-5.82500244297,-6.38038537499,58.0911775967,48.6851369844,67.497218209,0.887178348139,2,14.1926000253,COMP_0803,57.5096126487,COMP_0287,0.238401433247
GROUP_0231,2026-01,56.5110265982,watch,stable,-2.68351731459,-7.08809574188,46.434411165,37.0283705527,55.8404517772,0.887178348139,2,14.3991522299,COMP_0803,54.8015736632,COMP_0287,0.236200899699
GROUP_0231,2026-02,63.9062223955,healthy,stable,7.39519579728,-1.11332396028,53.8296069622,44.4235663499,63.2356475745,0.985753720155,2,5.16996886362,COMP_0803,63.2924488686,COMP_0287,0.243077563297
GROUP_0231,2026-03,63.9813963388,healthy,stable,0.0751739433483,4.78685242604,64.3647834499,54.9587428376,73.7708240622,0.985753720155,2,2.90475547523,COMP_0803,63.6365466773,COMP_0287,0.234679824378
GROUP_0231,2026-04,63.2419654436,healthy,stable,-0.739430895241,6.73093884539,61.918324172,52.5122835597,71.3243647843,0.985753720155,2,6.98735841715,COMP_0803,62.4124332487,COMP_0287,0.248429650173
GROUP_0231,2026-05,60.3128663898,healthy,stable,-2.9290990538,-3.59335600569,61.4535553163,52.047514704,70.8595959286,0.985753720155,2,3.59693198173,COMP_0803,59.8858422265,COMP_0287,0.273534117211
GROUP_0231,2026-06,63.4958784426,healthy,stable,3.18301205284,-0.485517896201,63.8792655537,54.4732249414,73.285306166,0.985753720155,2,5.36595022012,COMP_0287,58.7669684598,COMP_0803,0.271260091421
GROUP_0231,2026-07,61.8450111239,healthy,stable,-1.65086731871,-1.39695431967,59.7425756269,50.3365350146,69.1486162392,0.985753720155,2,2.75635136102,COMP_0287,59.4158910366,COMP_0803,0.251266398675
GROUP_0231,2026-08,63.2979410434,healthy,stable,1.45292991949,2.98507465362,62.6008166421,53.1947760298,72.0068572544,0.985753720155,2,8.09789019996,COMP_0287,56.1614242597,COMP_0803,0.281790983197
GROUP_0232,2025-09,71.071649418,healthy,warmup,,,71.071649418,61.6656088058,80.4776900303,0.383111111111,1,0,COMP_0183,71.071649418,COMP_0183,
GROUP_0232,2025-10,75.2272969948,healthy,warmup,4.15564757674,,75.2272969948,65.8212563825,84.6333376071,0.383111111111,1,0,COMP_0183,75.2272969948,COMP_0183,
GROUP_0232,2025-11,75.9113277893,healthy,warmup,0.684030794497,,88.2525076359,78.8464670237,97.6585482482,0.383111111111,1,0,COMP_0183,75.9113277893,COMP_0183,
GROUP_0232,2025-12,74.2594713669,healthy,stable,-1.65185642237,3.18782194887,78.7133985494,69.3073579371,88.1194391617,0.383111111111,1,0,COMP_0183,74.2594713669,COMP_0183,
GROUP_0232,2026-01,76.6116001895,healthy,stable,2.35212882254,1.38430319466,81.065527372,71.6594867597,90.4715679842,0.380904258562,2,2.83467374832,COMP_0183,74.600837229,COMP_0477,0.0799037899437
GROUP_0232,2026-02,73.5813960905,healthy,stable,-3.03020409893,-2.32993169877,75.9347115214,66.5286709092,85.3407521337,0.464418995729,2,0.283955888216,COMP_0477,73.4988630231,COMP_0183,0.110987605415
GROUP_0232,2026-03,73.4474697043,healthy,stable,-0.133926386197,-0.812001662591,71.632045868,62.2260052558,81.0380864803,0.464418995729,2,0.223825064038,COMP_0183,73.2887004108,COMP_0477,0.105200771017
GROUP_0232,2026-04,74.5594709282,healthy,stable,1.11200122388,-2.05212926125,73.1790681018,63.7730274895,82.5851087141,0.464418995729,2,0.973464354057,COMP_0477,74.2765290964,COMP_0183,0.10557312069
GROUP_0232,2026-05,73.3563811846,healthy,stable,-1.20308974358,-0.225014905903,72.4352291987,63.0291885864,81.841269811,0.464418995729,2,6.2246596976,COMP_0477,71.5471555978,COMP_0183,0.129997082911
GROUP_0232,2026-06,74.5168819089,healthy,stable,1.16050072431,1.06941220461,74.1343565689,64.7283159566,83.5403971812,0.666582452483,2,2.47803364515,COMP_0477,73.7966301854,COMP_0183,0.103937581102
GROUP_0232,2026-07,73.2078093004,healthy,stable,-1.30907260852,-1.35166162779,72.9022422854,63.4962016731,82.3082828977,0.666582452483,2,1.94561388159,COMP_0477,72.6423077971,COMP_0183,0.116582288874
GROUP_0232,2026-08,71.8543993951,healthy,stable,-1.35340990529,-1.5019817895,70.2294676797,60.8234270674,79.635508292,0.722258943928,2,13.0120062829,COMP_0183,62.624391783,COMP_0477,0.0780532849844
GROUP_0233,2024-09,72.0822431807,healthy,warmup,,,72.0822431807,62.6762025684,81.488283793,0.391111111111,1,0,COMP_0519,72.0822431807,COMP_0519,
GROUP_0233,2024-10,71.519631206,healthy,warmup,-0.562611974721,,71.519631206,62.1135905937,80.9256718182,0.391111111111,1,0,COMP_0519,71.519631206,COMP_0519,
GROUP_0233,2024-11,71.4587649952,healthy,warmup,-0.0608662107239,,69.8688956223,60.4628550101,79.2749362346,0.391111111111,1,0,COMP_0519,71.4587649952,COMP_0519,
GROUP_0233,2024-12,72.981566681,healthy,stable,1.52280168581,0.899323500361,73.590782819,64.1847422067,82.9968234313,0.391111111111,1,0,COMP_0519,72.981566681,COMP_0519,
GROUP_0233,2025-01,72.9324968578,healthy,stable,-0.0490698232461,1.41286565184,74.2389585523,64.83291794,83.6449991645,0.391111111111,1,0,COMP_0519,72.9324968578,COMP_0519,
GROUP_0233,2025-02,72.5028741129,healthy,stable,-0.429622744926,1.04410911763,73.5869475512,64.1809069389,82.9929881635,0.684444444444,1,0,COMP_0519,72.5028741129,COMP_0519,
GROUP_0233,2025-03,70.6552233735,healthy,stable,-1.84765073936,-2.32634330753,70.3448056988,60.9387650865,79.7508463111,0.684444444444,1,0,COMP_0519,70.6552233735,COMP_0519,
GROUP_0233,2025-04,71.6101584738,healthy,stable,0.954935100317,-1.32233838397,70.389492425,60.9834518127,79.7955330373,0.684444444444,1,0,COMP_0519,71.6101584738,COMP_0519,
GROUP_0233,2025-05,70.7103196506,healthy,stable,-0.899838823194,-1.79255446224,68.4338947711,59.0278541588,77.8399353833,0.684444444444,1,0,COMP_0519,70.7103196506,COMP_0519,
GROUP_0233,2025-06,73.2536350376,healthy,stable,2.54331538694,2.59841166406,71.0625590384,61.6565184261,80.4685996507,0.684444444444,1,0,COMP_0519,73.2536350376,COMP_0519,
GROUP_0233,2025-07,73.5733085384,healthy,stable,0.3196735008,1.96315006454,75.2036433924,65.7976027802,84.6096840047,0.684444444444,1,0,COMP_0519,73.5733085384,COMP_0519,
GROUP_0233,2025-08,72.3790276709,healthy,stable,-1.19428086749,1.66870802024,75.2158313053,65.809790693,84.6218719176,0.88,1,0,COMP_0519,72.3790276709,COMP_0519,
GROUP_0233,2025-09,63.6403249187,healthy,stable,-8.73870275217,-9.61331011886,61.4100761336,52.0040355213,70.8161167459,0.88,1,0,COMP_0519,63.6403249187,COMP_0519,
GROUP_0233,2025-10,55.7660174277,watch,stable,-7.87430749104,-17.8072911107,40.5228291602,31.1167885479,49.9288697725,0.88,1,0,COMP_0519,55.7660174277,COMP_0519,
GROUP_0233,2025-11,55.7391393506,watch,stable,-0.0268780770926,-16.6398883203,33.4424268979,24.0363862857,42.8484675102,0.88,1,0,COMP_0519,55.7391393506,COMP_0519,
GROUP_0233,2025-12,57.264351264,watch,deteriorating,1.52521191346,-6.37597365467,37.1163280653,27.710287453,46.5223686776,0.88,1,0,COMP_0519,57.264351264,COMP_0519,
GROUP_0233,2026-01,55.3971436476,watch,deteriorating,-1.86720761642,-0.368873780044,44.5579884347,35.1519478224,53.964029047,0.88,1,0,COMP_0519,55.3971436476,COMP_0519,
GROUP_0233,2026-02,54.6921213929,watch,stable,-0.70502225475,-1.0470179577,51.0965078936,41.6904672814,60.5025485059,0.977777777778,1,0,COMP_0519,54.6921213929,COMP_0519,
GROUP_0233,2026-03,56.1751327585,watch,stable,1.4830113656,-1.08921850556,55.5480473324,46.1420067201,64.9540879447,0.977777777778,1,0,COMP_0519,56.1751327585,COMP_0519,
GROUP_0233,2026-04,55.0296782435,watch,stable,-1.14545451501,-0.367465404155,54.1575892009,44.7515485886,63.5636298132,0.977777777778,1,0,COMP_0519,55.0296782435,COMP_0519,
GROUP_0233,2026-05,56.7310424928,watch,stable,1.70136424934,2.03892109994,56.1870675461,46.7810269339,65.5931081584,0.977777777778,1,0,COMP_0519,56.7310424928,COMP_0519,
GROUP_0233,2026-06,55.7585479011,watch,stable,-0.972494591653,-0.416584857318,57.1182416992,47.7122010869,66.5242823115,0.977777777778,1,0,COMP_0519,55.7585479011,COMP_0519,
GROUP_0233,2026-07,56.1878002681,watch,stable,0.429252366938,1.15812202463,57.6053700906,48.1993294784,67.0114107029,0.977777777778,1,0,COMP_0519,56.1878002681,COMP_0519,
GROUP_0233,2026-08,57.4953486648,watch,stable,1.30754839669,0.764306171971,58.9129184873,49.506877875,68.3189590996,0.977777777778,1,0,COMP_0519,57.4953486648,COMP_0519,
GROUP_0234,2025-11,54.791989659,watch,warmup,,,54.791989659,45.3859490467,64.1980302713,0.218823562483,4,22.7782260856,COMP_0224,42.6743520018,COMP_0056,0.481588735184
GROUP_0234,2025-12,59.4716400004,watch,warmup,4.67965034137,,59.4716400004,50.0655993881,68.8776806127,0.233908080062,6,46.1228119438,COMP_0224,47.3359251182,COMP_0378,0.440601953658
GROUP_0234,2026-01,56.5682545614,watch,warmup,-2.90338543903,,61.0977300623,51.69168945,70.5037706746,0.233908080062,6,50.7623673592,COMP_0224,40.0317885582,COMP_0378,0.499540636516
GROUP_0234,2026-02,55.8836715601,watch,stable,-0.684583001282,1.09168190106,55.0659145227,45.6598739104,64.471955135,0.233908080062,6,43.6206531849,COMP_0224,45.5688159875,COMP_0378,0.454776220507
GROUP_0234,2026-03,56.1098639889,watch,stable,0.226192428785,-3.36177601153,56.1022067023,46.6961660901,65.5082473146,0.233908080062,6,48.5866067858,COMP_0224,41.0942048114,COMP_0378,0.499497322638
GROUP_0234,2026-04,56.7528011298,watch,stable,0.642937140908,0.184546568411,57.9063825166,48.5003419043,67.3124231289,0.374657729042,6,44.4671345864,COMP_0224,43.9521036908,COMP_0378,0.468689111552
GROUP_0234,2026-05,57.1079485466,watch,stable,0.355147416777,1.22427698647,57.4216777129,48.0156371006,66.8277183251,0.409339140109,6,42.3042179748,COMP_0224,42.3834719723,COMP_0378,0.477538573338
GROUP_0234,2026-06,56.022906601,watch,stable,-1.08504194553,-0.0869573878465,56.3366357673,46.930595155,65.7426763796,0.409339140109,6,32.6852862321,COMP_0224,43.6619701767,COMP_0378,0.475255215614
GROUP_0234,2026-07,53.3686400365,watch,stable,-2.65426656456,-3.38416109332,53.2208124771,43.8147718648,62.6268530894,0.409339140109,6,43.7897052733,COMP_0224,32.4533491871,COMP_0011,0.56953946947
GROUP_0234,2026-08,52.9986646931,watch,stable,-0.369975343334,-4.10928385343,49.5036041538,40.0975635415,58.9096447661,0.409339140109,6,52.8248692155,COMP_0224,26.091241539,COMP_0011,0.622173044833
GROUP_0235,2025-07,50.6251130865,watch,warmup,,,50.6251130865,41.2190724742,60.0311536987,0.323111111111,1,0,COMP_1159,50.6251130865,COMP_1159,
GROUP_0235,2025-08,48.3075454951,watch,warmup,-2.31756759137,,48.3075454951,38.9015048828,57.7135861074,0.323111111111,1,0,COMP_1159,48.3075454951,COMP_1159,
GROUP_0235,2025-09,50.345550649,watch,warmup,2.03800515391,,49.6326664335,40.2266258212,59.0387070458,0.323111111111,1,0,COMP_1159,50.345550649,COMP_1159,
GROUP_0235,2025-10,46.5668972856,watch,stable,-3.77865336339,-4.05821580085,40.8980873878,31.4920467755,50.3041280001,0.323111111111,1,0,COMP_1159,46.5668972856,COMP_1159,
GROUP_0235,2025-11,48.0593339696,watch,stable,1.49243668395,-0.248211525536,44.2043233154,34.7982827032,53.6103639277,0.323111111111,1,0,COMP_1159,48.0593339696,COMP_1159,
GROUP_0235,2025-12,46.7826579806,watch,stable,-1.27667598899,-3.56289266843,42.8633537726,33.4573131603,52.2693943848,0.565444444444,1,0,COMP_1159,46.7826579806,COMP_1159,
GROUP_0235,2026-01,48.2981616163,watch,stable,1.51550363571,1.73126433067,47.8762020229,38.4701614106,57.2822426352,0.565444444444,1,0,COMP_1159,48.2981616163,COMP_1159,
GROUP_0235,2026-02,44.8586544858,watch,stable,-3.43950713052,-3.2006794838,39.952445574,30.5464049617,49.3584861863,0.565444444444,1,0,COMP_1159,44.8586544858,COMP_1159,
GROUP_0235,2026-03,42.3171224492,watch,stable,-2.54153203653,-4.46553553134,37.4109135375,28.0048729252,46.8169541498,0.565444444444,1,0,COMP_1159,42.3171224492,COMP_1159,
GROUP_0235,2026-04,41.9626576824,watch,stable,-0.354464766859,-6.33550393391,35.4516101385,26.0455695262,44.8576507508,0.565444444444,1,0,COMP_1159,41.9626576824,COMP_1159,
GROUP_0235,2026-05,39.0343485076,stress,deteriorating,-2.92830917474,-5.82430597813,30.6632749566,21.2572343443,40.0693155688,0.565444444444,1,0,COMP_1159,39.0343485076,COMP_1159,
GROUP_0235,2026-06,39.386968977,stress,deteriorating,0.352620469338,-2.93015347226,30.2975524849,20.8915118726,39.7035930972,0.727,1,0,COMP_1159,39.386968977,COMP_1159,
GROUP_0235,2026-07,42.4123583413,watch,deteriorating,3.02538936437,0.449700658972,37.4310974385,28.0250568262,46.8371380508,0.727,1,0,COMP_1159,42.4123583413,COMP_1159,
GROUP_0235,2026-08,41.4261689392,watch,deteriorating,-0.986189402128,2.39182043158,40.7421457917,31.3361051794,50.148186404,0.727,1,0,COMP_1159,41.4261689392,COMP_1159,
GROUP_0236,2025-12,81.5530719814,solid,warmup,,,81.5530719814,72.1470313691,90.9591125937,0.287554385943,2,31.4744146578,COMP_1021,50.2610691365,COMP_0988,0.196607272281
GROUP_0236,2026-01,72.3048567196,healthy,warmup,-9.24821526179,,72.3048567196,62.8988161073,81.7108973319,0.257356887417,16,45.2807934471,COMP_0702,37.2812156825,COMP_0988,0.440421657384
GROUP_0236,2026-02,73.5648993803,healthy,warmup,1.2600426607,,53.1950592475,43.7890186352,62.6010998598,0.257002541396,17,49.8729291624,COMP_0702,34.2087459122,COMP_0988,0.447868677124
GROUP_0236,2026-03,73.9502989562,healthy,stable,0.385399575912,-7.60277302517,68.4707108034,59.0646701911,77.8767514157,0.257002541396,17,47.1514927061,COMP_0702,38.2966299171,COMP_0988,0.470711968297
GROUP_0236,2026-04,74.8583324615,healthy,stable,0.908033505336,2.55347574195,77.4902285587,68.0841879464,86.896269171,0.257002541396,17,45.6321935575,COMP_0702,40.3583100416,COMP_0988,0.448685829155
GROUP_0236,2026-05,74.6323307921,healthy,stable,-0.226001669397,1.06743141185,76.4469641923,67.04092358,85.8530048046,0.328777110967,17,47.3814695021,COMP_0702,38.1397217377,COMP_0988,0.438966019589
GROUP_0236,2026-06,74.3710127976,healthy,stable,-0.261317994596,0.420713841343,76.3365506347,66.9305100224,85.742591247,0.448845958008,17,54.0904603982,COMP_0702,34.5770116835,COMP_0988,0.456461452527
GROUP_0236,2026-07,78.4250507685,healthy,stable,4.0540379709,3.56671830691,80.3905886056,70.9845479933,89.7966292179,0.449754447443,17,57.6445080888,COMP_0702,36.5691241759,COMP_0988,0.458301307999
GROUP_0236,2026-08,79.9402691872,healthy,stable,1.51521841877,5.30793839508,86.003690309,76.5976496967,95.4097309213,0.449754447443,17,58.3779134155,COMP_0702,38.0925591414,COMP_0988,0.497647157074
GROUP_0237,2024-09,77.0604797762,healthy,warmup,,,77.0604797762,67.6544391639,86.4665203885,0.363111111111,1,0,COMP_0975,77.0604797762,COMP_0975,
GROUP_0237,2024-10,75.8868998344,healthy,warmup,-1.17357994177,,75.8868998344,66.4808592221,85.2929404467,0.363111111111,1,0,COMP_0975,75.8868998344,COMP_0975,
GROUP_0237,2024-11,76.1833493717,healthy,warmup,0.296449537346,,73.9466668405,64.5406262282,83.3527074527,0.363111111111,1,0,COMP_0975,76.1833493717,COMP_0975,
GROUP_0237,2024-12,77.1825684251,healthy,stable,0.999219053377,0.122088648948,78.042290097,68.6362494847,87.4483307092,0.363111111111,1,0,COMP_0975,77.1825684251,COMP_0975,
GROUP_0237,2025-01,78.282776676,healthy,stable,1.10020825085,2.39587684157,80.7139684028,71.3079277905,90.120009015,0.363111111111,1,0,COMP_0975,78.282776676,COMP_0975,
GROUP_0237,2025-02,78.8846290136,healthy,stable,0.601852337649,2.70127964187,82.18858392,72.7825433077,91.5946245322,0.635444444444,1,0,COMP_0975,78.8846290136,COMP_0975,
GROUP_0237,2025-03,63.4102110099,healthy,stable,-15.4744180037,-13.7723574152,66.7141659162,57.308125304,76.1202065285,0.425877305486,2,15.6875315453,COMP_0023,59.7946174203,COMP_0975,
GROUP_0237,2025-04,62.5614678005,healthy,shock_pending,-0.848743209403,-15.7213088755,48.6671485978,39.2611079855,58.0731892101,0.418550672378,4,20.1578783436,COMP_0023,57.1144702421,COMP_0975,0.181422834795
GROUP_0237,2025-05,61.8528048604,healthy,shock_pending,-0.708662940142,-17.0318241533,43.2109015639,33.8048609517,52.6169421762,0.405861290623,5,27.2715631311,COMP_0091,48.3333092937,COMP_0975,0.174789192977
GROUP_0237,2025-06,60.401180877,healthy,shock_pending,-1.45162398339,-3.00903013294,42.161953162,32.7559125497,51.5679937742,0.405861290623,5,26.6484042568,COMP_0091,46.8474356861,COMP_0975,0.148136823988
GROUP_0237,2025-07,58.9535749065,watch,shock_pending,-1.44760597042,-3.60789289396,51.5707844574,42.1647438451,60.9768250697,0.405861290623,5,27.1088328689,COMP_0091,47.9346992831,COMP_0975,0.18606958447
GROUP_0237,2025-08,60.2166227634,healthy,deteriorating,1.26304785685,-1.63618209696,55.8880323954,46.4819917831,65.2940730077,0.576959288978,5,24.0692980386,COMP_0091,50.1260979416,COMP_0975,0.18439079926
GROUP_0237,2025-09,63.8459262284,healthy,deteriorating,3.62930346499,3.44474535143,61.0644166635,51.6583760513,70.4704572758,0.601648585808,5,22.1219105975,COMP_0091,52.3662249658,COMP_0975,0.196683204411
GROUP_0237,2025-10,63.3944973019,healthy,deteriorating,-0.451428926466,4.44092239538,65.9357270462,56.5296864339,75.3417676584,0.663982081104,5,19.7685987109,COMP_0091,55.8971077699,COMP_0975,0.163070996549
GROUP_0237,2025-11,61.923762853,healthy,deteriorating,-1.47073444889,1.70714008964,65.7107524848,56.3047118725,75.1167930971,0.663982081104,5,17.3461577847,COMP_0091,55.2140651866,COMP_0975,0.152228294696
GROUP_0237,2025-12,63.3127658519,healthy,stable,1.38900299891,-0.533160376449,67.2603482898,57.8543076775,76.6663889021,0.663982081104,5,17.0730049593,COMP_0091,57.7576711692,COMP_0975,0.171251976095
GROUP_0237,2026-01,64.8175059562,healthy,stable,1.50474010426,1.42300865428,67.7196441086,58.3136034963,77.1256847209,0.663982081104,5,20.4950049523,COMP_0091,55.2049166796,COMP_0975,0.165905424247
GROUP_0237,2026-02,63.7540165139,healthy,stable,-1.06348944229,1.83025366087,64.2124035092,54.8063628969,73.6184441215,0.773301241291,5,19.9666931283,COMP_0091,54.7780875554,COMP_0975,0.165645200709
GROUP_0237,2026-03,64.4377305265,healthy,stable,0.683714012633,1.1249646746,66.3501704734,56.9441298611,75.7562110856,0.789760772511,5,15.2040756658,COMP_0091,58.215416238,COMP_0975,0.178861683682
GROUP_0237,2026-04,63.7919349105,healthy,stable,-0.645795615998,-1.02557104566,65.6974704092,56.2914297969,75.1035110215,0.831316436042,5,14.9662230947,COMP_0091,58.4456621651,COMP_0975,0.19971142581
GROUP_0237,2026-05,66.4378570346,healthy,stable,2.64592212407,2.68384052071,68.3502969814,58.9442563691,77.7563375937,0.831316436042,5,13.9703468226,COMP_0091,60.3068538136,COMP_0975,0.199661149851
GROUP_0237,2026-06,69.4847493152,healthy,stable,3.0468922806,5.04701878867,74.0472782004,64.6412375881,83.4533188127,0.831316436042,5,17.0176498936,COMP_0091,60,COMP_0975,0.200167000033
GROUP_0237,2026-07,70.3504157199,healthy,stable,0.865666404713,6.55848080938,77.6571000416,68.2510594293,87.0631406539,0.831316436042,5,17.2726487654,COMP_0091,60,COMP_0975,0.161948130766
GROUP_0237,2026-08,71.3241938378,healthy,stable,0.973778117929,4.88633680324,79.6309664034,70.2249257911,89.0370070156,0.87885675806,5,20.486163757,COMP_0091,60,COMP_0975,0.147992136111
GROUP_0238,2024-09,50.9401270165,watch,warmup,,,50.9401270165,41.5340864042,60.3461676288,0.337594062936,2,20.4021620662,COMP_0778,48.5623982951,COMP_0099,0.327703026919
GROUP_0238,2024-10,49.5007906908,watch,warmup,-1.4393363257,,49.5007906908,40.0947500785,58.9068313031,0.337594062936,2,23.6130398301,COMP_0778,46.7488567134,COMP_0099,0.337061401223
GROUP_0238,2024-11,54.6279115937,watch,warmup,5.12712090294,,64.0317622657,54.6257216534,73.437802878,0.337594062936,2,16.7612284755,COMP_0778,52.6745081151,COMP_0099,0.312069340892
GROUP_0238,2024-12,55.0286717261,watch,stable,0.400760132417,4.08854470965,63.2058600653,53.799819453,72.6119006776,0.337594062936,2,16.3002338343,COMP_0778,53.1289939358,COMP_0099,0.306417576522
GROUP_0238,2025-01,57.0169212552,watch,stable,1.98824952908,7.51613056444,65.5928029184,56.1867623061,74.9988435307,0.337594062936,2,14.7406459937,COMP_0778,55.299002476,COMP_0099,0.277023595705
GROUP_0238,2025-02,54.4302592583,watch,stable,-2.58666199694,-0.197652335441,60.7153316818,51.3092910696,70.1213722941,0.590789610138,2,18.2168770297,COMP_0778,52.3072101625,COMP_0099,0.291903656566
GROUP_0238,2025-03,52.8425067484,watch,stable,-1.58775250994,-2.1861649778,54.8863834237,45.4803428114,64.292424036,0.590789610138,2,19.9063973197,COMP_0778,50.5225559268,COMP_0099,0.298158187701
GROUP_0238,2025-04,56.1351599755,watch,stable,3.29265322711,-0.881761279768,55.7991510052,46.3931103929,65.2051916175,0.581988756538,3,15.2483137045,COMP_0778,53.9030037097,COMP_0099,0.40309370354
GROUP_0238,2025-05,55.4033229732,watch,stable,-0.73183700223,0.973063714945,53.9043287976,44.4982881853,63.3103694099,0.581988756538,3,16.166145778,COMP_0778,53.0466818276,COMP_1074,0.39815837559
GROUP_0238,2025-06,58.3133798838,watch,stable,2.91005691053,5.47087313541,59.9675881992,50.5615475869,69.3736288115,0.581988756538,3,12.5373717436,COMP_0778,56.5577096856,COMP_1074,0.389050540477
GROUP_0238,2025-07,61.7747849378,healthy,stable,3.46140505402,5.63962496232,69.2662011309,59.8601605186,78.6722417431,0.581988756538,3,9.87185726192,COMP_0778,60.471522439,COMP_0099,0.410493500315
GROUP_0238,2025-08,62.3289361179,healthy,stable,0.554151180121,6.92561314467,72.0050940748,62.5990534626,81.4111346871,0.745045379952,3,9.17109720256,COMP_0778,61.2508508014,COMP_0099,0.448052582721
GROUP_0238,2025-09,61.2407761954,healthy,stable,-1.08815992254,2.9273963116,68.6835290536,59.2774884413,78.0895696659,0.753513310892,3,8.54901656091,COMP_0778,60.228533297,COMP_0099,0.451366778652
GROUP_0238,2025-10,58.7952795422,watch,stable,-2.44549665313,-2.97950539555,62.2550752426,52.8490346303,71.6611158549,0.753513310892,3,12.4318468796,COMP_0778,57.2177921527,COMP_0099,0.438719281892
GROUP_0238,2025-11,59.7007061207,watch,stable,0.905426578465,-2.6282299972,58.3389838275,48.9329432153,67.7450244398,0.704793475247,4,16.3324282367,COMP_1074,54.4409659982,COMP_0099,0.504343653769
GROUP_0238,2025-12,58.0672447884,watch,stable,-1.63346133227,-3.17353140694,53.5992537932,44.1932131809,63.0052944055,0.704793475247,4,14.5525765522,COMP_0906,54.8625937571,COMP_0099,0.475397048831
GROUP_0238,2026-01,62.4659961356,healthy,stable,4.39875134721,3.6707165934,58.5388174452,49.1327768329,67.9448580575,0.704793475247,4,8.0623470911,COMP_1074,55.2703072274,COMP_0778,0.476069144794
GROUP_0238,2026-02,59.7374555573,watch,stable,-2.72854057838,0.0367494365627,59.7999295994,50.3938889871,69.2059702117,0.777159332545,4,9.70719180729,COMP_1074,51.1689832717,COMP_0778,0.509357534267
GROUP_0238,2026-03,60.724890154,healthy,stable,0.987434596695,2.65764536553,62.6930929779,53.2870523656,72.0991335902,0.782170181489,4,16.8445261288,COMP_1074,52.8298699951,COMP_0099,0.493021955611
GROUP_0238,2026-04,60.5798214348,healthy,stable,-0.145068719167,-1.88617470085,61.8856560772,52.4796154649,71.2916966895,0.809142272682,4,18.1047638974,COMP_0906,51.7386145506,COMP_0099,0.508005847755
GROUP_0238,2026-05,62.0088273112,healthy,stable,1.42900587646,2.27137175398,65.2828670623,55.87682645,74.6889076746,0.809142272682,4,18.5711696885,COMP_1074,51.416938787,COMP_0099,0.505078043462
GROUP_0238,2026-06,61.0013164393,healthy,stable,-1.00751087192,0.276426285364,61.4712411244,52.0652005121,70.8772817367,0.809142272682,4,20.9150147589,COMP_1074,49.3074654179,COMP_0099,0.521133928423
GROUP_0238,2026-07,64.0132661606,healthy,stable,3.01194972125,3.43344472578,67.8745981423,58.4685575301,77.2806387546,0.809142272682,4,22.6536714896,COMP_1074,48.8474206527,COMP_0099,0.533138624089
GROUP_0238,2026-08,65.8703104554,healthy,stable,1.85704429487,3.8614831442,71.118639163,61.7125985507,80.5246797752,0.809142272682,4,22.9782523588,COMP_1074,46.3981855486,COMP_0099,0.54862415101
GROUP_0239,2026-01,61.7263251161,healthy,warmup,,,61.7263251161,52.3202845038,71.1323657284,0.233822032931,5,28.0900955799,COMP_0683,52.904769003,COMP_0206,0.382292865377
GROUP_0239,2026-02,63.2013991647,healthy,warmup,1.47507404854,,63.2013991647,53.7953585524,72.6074397769,0.233822032931,5,21.7963016852,COMP_0683,57.4567542406,COMP_0206,0.332018839264
GROUP_0239,2026-03,60.2458331859,healthy,warmup,-2.9555659788,,56.4705787637,47.0645381514,65.876619376,0.233822032931,5,21.7864295908,COMP_0683,54.4083880383,COMP_0206,0.369675260324
GROUP_0239,2026-04,60.4835909739,healthy,stable,0.237757788026,-1.24273414224,57.5396397419,48.1335991296,66.9456803542,0.233822032931,5,18.8588491593,COMP_0683,57.3825124875,COMP_0206,0.319753948588
GROUP_0239,2026-05,59.1435787974,watch,stable,-1.34001217648,-4.05782036726,55.6094508081,46.2034101959,65.0154914204,0.233822032931,5,25.4115259928,COMP_0683,53.2838501434,COMP_0206,0.375524415041
GROUP_0239,2026-06,60.3533525262,healthy,stable,1.20977372882,0.107519340362,57.5426038357,48.1365632234,66.9486444479,0.409188557629,5,23.362684404,COMP_0683,55.0659649684,COMP_0206,0.355904386384
GROUP_0239,2026-07,62.6234929997,healthy,stable,2.2701404735,2.13990202584,62.2913849582,52.8853443459,71.6974255705,0.409188557629,5,17.9168082504,COMP_0683,56.3978318087,COMP_0206,0.341752618086
GROUP_0239,2026-08,63.9749681754,healthy,stable,1.35147517566,4.83138937798,67.7786858647,58.3726452524,77.184726477,0.409188557629,5,18.0642040469,COMP_0683,55.8335963903,COMP_1179,0.345332426145
GROUP_0240,2025-11,79.0685555717,healthy,warmup,,,79.0685555717,69.6625149594,88.474596184,0.295111111111,1,0,COMP_0095,79.0685555717,COMP_0095,
GROUP_0240,2025-12,81.3085562193,solid,warmup,2.24000064756,,81.3085562193,71.902515607,90.7145968316,0.295111111111,1,0,COMP_0095,81.3085562193,COMP_0095,
GROUP_0240,2026-01,79.6651671347,healthy,warmup,-1.64338908458,,81.1865266203,71.780486008,90.5925672326,0.295111111111,1,0,COMP_0095,79.6651671347,COMP_0095,
GROUP_0240,2026-02,79.1069453438,healthy,stable,-0.558221790878,0.0383897720975,77.7161110834,68.3100704711,87.1221516956,0.295111111111,1,0,COMP_0095,79.1069453438,COMP_0095,
GROUP_0240,2026-03,79.9365005997,healthy,stable,0.829555255894,-1.37205561957,80.3150820739,70.9090414616,89.7211226862,0.295111111111,1,0,COMP_0095,79.9365005997,COMP_0095,
GROUP_0240,2026-04,81.3819580037,solid,stable,1.44545740402,1.71679086903,82.4885879144,73.0825473021,91.8946285267,0.516444444444,1,0,COMP_0095,81.3819580037,COMP_0095,
GROUP_0240,2026-05,78.2097504794,healthy,stable,-3.17220752437,-0.897194864458,76.3540942438,66.9480536315,85.7601348561,0.516444444444,1,0,COMP_0095,78.2097504794,COMP_0095,
GROUP_0240,2026-06,79.3947594521,healthy,stable,1.18500897278,-0.54174114757,79.1189436159,69.7129030036,88.5249842282,0.516444444444,1,0,COMP_0095,79.3947594521,COMP_0095,
GROUP_0240,2026-07,40,watch,stable,-39.3947594521,-41.3819580037,35.5967871931,26.1907465808,45.0028278054,0.516444444444,1,0,COMP_0095,40,COMP_0095,
GROUP_0240,2026-08,40,watch,deteriorating,0,-38.2097504794,0,0,8.67081000058,0.516444444444,1,0,COMP_0095,40,COMP_0095,
GROUP_0241,2026-01,50.2729075607,watch,warmup,,,50.2729075607,40.8668669484,59.678948173,0.381301782994,7,35.1537702291,COMP_0688,41.1864961046,COMP_0698,0.392125749394
GROUP_0241,2026-02,49.0310929038,watch,warmup,-1.24181465696,,49.0310929038,39.6250522915,58.437133516,0.381301782994,7,36.4528226977,COMP_0688,42.9396076833,COMP_0698,0.398536306787
GROUP_0241,2026-03,50.5876713341,watch,warmup,1.5565784303,,51.3903189561,41.9842783438,60.7963595684,0.381301782994,7,39.8215680108,COMP_0688,42.8727040278,COMP_0698,0.408121500158
GROUP_0241,2026-04,50.0285373046,watch,stable,-0.559134029446,-0.244370256104,50.2221463979,40.8161057856,59.6281870102,0.381301782994,7,36.170664266,COMP_0048,42.136117148,COMP_0044,0.396545059658
GROUP_0241,2026-05,51.9857639919,watch,stable,1.95722668727,2.95467108813,54.3494515778,44.9434109655,63.7554921901,0.381301782994,7,39.9300437074,COMP_0688,41.2714124706,COMP_0698,0.379533582254
GROUP_0241,2026-06,50.694207753,watch,stable,-1.29155623887,0.106536418956,52.3916673964,42.9856267841,61.7977080087,0.66727812024,7,35.7849357384,COMP_0688,42.997565176,COMP_0698,0.384728547475
GROUP_0241,2026-07,47.9156065128,watch,stable,-2.77860124019,-2.11293079179,48.096718425,38.6906778128,57.5027590373,0.66727812024,7,39.3508973538,COMP_0048,41.6990355544,COMP_0698,0.395843555625
GROUP_0241,2026-08,44.4365272638,watch,stable,-3.47907924903,-7.54923672809,38.1623603121,28.7563196998,47.5684009244,0.66727812024,7,50.0789858465,COMP_0027,37.5393835079,COMP_0698,0.441243667007
GROUP_0242,2026-01,62.6217049288,healthy,warmup,,,62.6217049288,53.2156643166,72.0277455411,0.191111111111,1,0,COMP_0045,62.6217049288,COMP_0045,
GROUP_0242,2026-02,63.4641655123,healthy,warmup,0.84246058342,,63.4641655123,54.0581249,72.8702061246,0.191111111111,1,0,COMP_0045,63.4641655123,COMP_0045,
GROUP_0242,2026-03,66.0756504665,healthy,warmup,2.61148495425,,74.8832115876,65.4771709753,84.2892521999,0.191111111111,1,0,COMP_0045,66.0756504665,COMP_0045,
GROUP_0242,2026-04,62.7568463847,healthy,stable,-3.31880408186,0.135141455807,65.0199911098,55.6139504975,74.4260317221,0.191111111111,1,0,COMP_0045,62.7568463847,COMP_0045,
GROUP_0242,2026-05,63.7687047468,healthy,stable,1.01185836218,0.304539234565,64.7587754802,55.3527348679,74.1648160925,0.191111111111,1,0,COMP_0045,63.7687047468,COMP_0045,
GROUP_0242,2026-06,62.7242774143,healthy,stable,-1.04442733252,-3.3513730522,62.8289013495,53.4228607372,72.2349419618,0.334444444444,1,0,COMP_0045,62.7242774143,COMP_0045,
GROUP_0242,2026-07,63.1476143468,healthy,stable,0.423336932479,0.39076796214,62.2042570219,52.7982164096,71.6102976342,0.334444444444,1,0,COMP_0045,63.1476143468,COMP_0045,
GROUP_0242,2026-08,65.6946037655,healthy,stable,2.54698941868,1.92589901864,65.6115528911,56.2055122788,75.0175935034,0.334444444444,1,0,COMP_0045,65.6946037655,COMP_0045,
GROUP_0243,2026-02,75.568396307,healthy,warmup,,,75.568396307,66.1623556947,84.9744369193,0.190716820547,5,26.7178419206,COMP_0211,53.4369714825,COMP_0236,0.184371766036
GROUP_0243,2026-03,72.5852499558,healthy,warmup,-2.98314635118,,72.5852499558,63.1792093436,81.9912905681,0.190716820547,5,24.7097277813,COMP_0211,51.7554170942,COMP_0236,0.198224590732
GROUP_0243,2026-04,71.0248399228,healthy,warmup,-1.56041003302,,59.4387711431,50.0327305308,68.8448117554,0.190716820547,5,22.3300707993,COMP_0211,52.5553275155,COMP_0236,0.233028729832
GROUP_0243,2026-05,69.3056192371,healthy,stable,-1.71922068568,-6.26277706988,59.5982459793,50.192205367,69.0042865915,0.190716820547,5,20.0369280657,COMP_0749,53.6506441243,COMP_0236,0.278168093988
GROUP_0243,2026-06,71.9804547148,healthy,stable,2.67483547761,-0.604795241089,63.8198799642,54.4138393519,73.2259205765,0.190716820547,5,36.7334328144,COMP_0111,40,COMP_0236,0.210359039469
GROUP_0243,2026-07,71.7767944506,healthy,stable,-0.203660264165,0.751954527766,67.909360557,58.5033199447,77.3154011693,0.333754435957,5,38.1612043408,COMP_0111,40,COMP_0236,0.313177281724
GROUP_0243,2026-08,72.2216953319,healthy,stable,0.444900881277,2.91607609472,72.8368589055,63.4308182932,82.2428995178,0.333754435957,5,38.1783825453,COMP_0111,40,COMP_0236,0.260647926134
GROUP_0244,2025-02,74.4210214876,healthy,warmup,,,74.4210214876,65.0149808753,83.8270620999,0.347141453938,2,22.3281224923,COMP_0914,63.6317620552,COMP_1227,0.307339662709
GROUP_0244,2025-03,74.0884383839,healthy,warmup,-0.332583103691,,74.0884383839,64.6823977716,83.4944789962,0.347141453938,2,23.4885806237,COMP_0914,62.7384294374,COMP_1227,0.321420351159
GROUP_0244,2025-04,73.9717091545,healthy,warmup,-0.116729229396,,72.8259627051,63.4199220928,82.2320033174,0.347141453938,2,22.4869219884,COMP_0914,63.1057155963,COMP_1227,0.308195753434
GROUP_0244,2025-05,75.8512944367,healthy,stable,1.87958528223,1.43027294914,76.7693669086,67.3633262963,86.1754075208,0.347141453938,2,22.1792330297,COMP_0914,65.1339804642,COMP_1227,0.285253679894
GROUP_0244,2025-06,76.8192335224,healthy,stable,0.967939085653,2.73079513849,80.5957351619,71.1896945497,90.0017757742,0.347141453938,2,28.5682923296,COMP_0914,63.0146372071,COMP_1227,0.307881773944
GROUP_0244,2025-07,75.9155595385,healthy,stable,-0.903673983931,1.94385038395,78.347023552,68.9409829397,87.7530641643,0.607497544391,2,24.0646997658,COMP_0914,64.2871618071,COMP_1227,0.301542538071
GROUP_0244,2025-08,74.2295999774,healthy,stable,-1.68595956102,-1.6216944593,74.5584107767,65.1523701644,83.964451389,0.607497544391,2,29.5330229092,COMP_0914,59.9588324241,COMP_1227,0.350687501145
GROUP_0244,2025-09,70.813041916,healthy,stable,-3.41655806148,-6.00619160644,67.5912013326,58.1851607203,76.9972419449,0.607497544391,2,30.7832391913,COMP_0914,55.9381524613,COMP_1227,0.374425097885
GROUP_0244,2025-10,72.7557629446,healthy,stable,1.94272102863,-3.15979659387,67.5748379579,58.1687973456,76.9808785702,0.607497544391,2,31.068202785,COMP_0914,57.7431751168,COMP_1227,0.350393407396
GROUP_0244,2025-11,69.9530290437,healthy,stable,-2.80273390093,-4.27657093378,62.9495004754,53.5434598631,72.3555410876,0.607497544391,2,42.5959097728,COMP_0914,49.3700928181,COMP_1227,0.332241600539
GROUP_0244,2025-12,75.4247342757,healthy,stable,5.47170523203,4.61169235973,71.6664498419,62.2604092296,81.0724904542,0.607497544391,2,34.3280674965,COMP_0914,58.8369344658,COMP_1227,0.335180304052
GROUP_0244,2026-01,75.9335529302,healthy,stable,0.508818654495,3.1777899856,78.5285280681,69.1224874558,87.9345686804,0.781068271359,2,37.8721024082,COMP_0914,57.633226144,COMP_1227,0.346916664859
GROUP_0244,2026-02,76.7011669996,healthy,stable,0.767614069444,6.74813795597,82.707054585,73.3010139727,92.1130951973,0.781068271359,2,39.7369601757,COMP_0914,57.499714995,COMP_1227,0.338835297846
GROUP_0244,2026-03,76.8662375023,healthy,stable,0.165070502693,1.44150322663,81.0589215512,71.6528809389,90.4649621635,0.781068271359,2,38.9829312241,COMP_0914,58.0291427777,COMP_1227,0.339631633215
GROUP_0244,2026-04,75.6599383219,healthy,stable,-1.20629918044,-0.273614608306,78.2549134598,68.8488728475,87.6609540721,0.781068271359,2,41.4198260496,COMP_0914,55.6453021138,COMP_1227,0.352133306448
GROUP_0244,2026-05,74.33868745,healthy,stable,-1.32125087185,-2.3624795496,73.8735426159,64.4675020036,83.2795832282,0.781068271359,2,40.2768746362,COMP_0914,54.8763412664,COMP_1227,0.355979471738
GROUP_0244,2026-06,72.2484271211,healthy,stable,-2.09026032897,-4.61781038127,68.2322118867,58.8261712744,77.638252499,0.781068271359,2,35.5401722128,COMP_0914,55.0749214487,COMP_1227,0.354554172481
GROUP_0244,2026-07,70.2999334532,healthy,stable,-1.94849366784,-5.36000486867,63.5615540068,54.1555133945,72.967594619,0.867853634844,2,31.3320930252,COMP_0914,55.1598301899,COMP_1227,0.363446010401
GROUP_0244,2026-08,71.8877229253,healthy,deteriorating,1.58778947212,-2.4509645247,65.1493434789,55.7433028666,74.5553840912,0.867853634844,2,39.5150766764,COMP_0914,52.7934881145,COMP_1227,0.370124637626
GROUP_0245,2024-09,87.6273150963,solid,warmup,,,87.6273150963,78.221274484,97.0333557085,0.323111111111,1,0,COMP_0890,87.6273150963,COMP_0890,
GROUP_0245,2024-10,88.3059498582,solid,warmup,0.678634761968,,88.3059498582,78.8999092459,97.7119904705,0.323111111111,1,0,COMP_0890,88.3059498582,COMP_0890,
GROUP_0245,2024-11,86.648266037,solid,warmup,-1.6576838212,,84.151690936,74.7456503237,93.5577315483,0.323111111111,1,0,COMP_0890,86.648266037,COMP_0890,
GROUP_0245,2024-12,84.5387330887,solid,stable,-2.10953294837,-3.08858200759,77.6863446382,68.2803040259,87.0923852504,0.323111111111,1,0,COMP_0890,84.5387330887,COMP_0890,
GROUP_0245,2025-01,82.7949805549,solid,stable,-1.7437525338,-5.51096930337,74.1213178496,64.7152772373,83.5273584619,0.323111111111,1,0,COMP_0890,82.7949805549,COMP_0890,
GROUP_0245,2025-02,86.913761784,solid,stable,4.11878122917,0.265495746996,81.6631723711,72.2571317588,91.0692129834,0.565444444444,1,0,COMP_0890,86.913761784,COMP_0890,
GROUP_0245,2025-03,88.1312377903,solid,stable,1.21747600628,3.59250470164,87.953031481,78.5469908687,97.3590720933,0.565444444444,1,0,COMP_0890,88.1312377903,COMP_0890,
GROUP_0245,2025-04,86.6201847703,solid,stable,-1.51105301997,3.82520421547,88.5109737558,79.1049331435,97.917014368,0.565444444444,1,0,COMP_0890,86.6201847703,COMP_0890,
GROUP_0245,2025-05,86.6067358365,solid,stable,-0.0134489338131,-0.307025947506,89.2605867307,79.8545461184,98.6666273429,0.565444444444,1,0,COMP_0890,86.6067358365,COMP_0890,
GROUP_0245,2025-06,85.5952569841,solid,stable,-1.01147885241,-2.5359808062,85.0733128733,75.6672722611,94.4793534856,0.565444444444,1,0,COMP_0890,85.5952569841,COMP_0890,
GROUP_0245,2025-07,85.2084403759,solid,stable,-0.386816608164,-1.41174439439,82.8084749055,73.4024342932,92.2145155178,0.565444444444,1,0,COMP_0890,85.2084403759,COMP_0890,
GROUP_0245,2025-08,84.9646647378,solid,stable,-0.243775638182,-1.64207109876,82.1731438699,72.7671032576,91.5791844822,0.727,1,0,COMP_0890,84.9646647378,COMP_0890,
GROUP_0245,2025-09,82.4849244191,solid,stable,-2.47974031862,-3.11033256497,79.6934035512,70.287362939,89.0994441635,0.727,1,0,COMP_0890,82.4849244191,COMP_0890,
GROUP_0245,2025-10,84.8640984709,solid,stable,2.37917405174,-0.344341905066,82.8913337692,73.485293157,92.2973743815,0.727,1,0,COMP_0890,84.8640984709,COMP_0890,
GROUP_0245,2025-11,88.5836141958,solid,stable,3.71951572495,3.61894945807,87.9982329572,78.5921923449,97.4042735695,0.727,1,0,COMP_0890,88.5836141958,COMP_0890,
GROUP_0245,2025-12,85.2557032796,solid,stable,-3.32791091626,2.77077886043,85.6267774204,76.2207368081,95.0328180327,0.727,1,0,COMP_0890,85.2557032796,COMP_0890,
GROUP_0245,2026-01,87.0532030769,solid,stable,1.79749979735,2.18910460605,90.7746809072,81.3686402949,100,0.727,1,0,COMP_0890,87.0532030769,COMP_0890,
GROUP_0245,2026-02,88.0915525027,solid,stable,1.03834942577,-0.492061693132,93.3871345741,83.9810939619,100,0.807777777778,1,0,COMP_0890,88.0915525027,COMP_0890,
GROUP_0245,2026-03,84.5732859038,solid,stable,-3.51826659894,-0.682417375813,84.2766570853,74.870616473,93.6826976976,0.807777777778,1,0,COMP_0890,84.5732859038,COMP_0890,
GROUP_0245,2026-04,86.5902135655,solid,stable,2.01692766174,-0.462989511419,85.4301040266,76.0240634143,94.8361446389,0.807777777778,1,0,COMP_0890,86.5902135655,COMP_0890,
GROUP_0245,2026-05,86.2050851091,solid,stable,-0.38512845644,-1.88646739363,85.4180029397,76.0119623274,94.8240435519,0.807777777778,1,0,COMP_0890,86.2050851091,COMP_0890,
GROUP_0245,2026-06,89.6392753245,solid,stable,3.43419021542,5.06598942072,91.6126219223,82.20658131,100,0.807777777778,1,0,COMP_0890,89.6392753245,COMP_0890,
GROUP_0245,2026-07,87.1452341797,solid,stable,-2.49404114481,0.555020614173,89.1185807775,79.7125401652,98.5246213897,0.807777777778,1,0,COMP_0890,87.1452341797,COMP_0890,
GROUP_0245,2026-08,84.9309440771,solid,stable,-2.21429010256,-1.27414103195,85.8744791212,76.4684385089,95.2805197335,0.807777777778,1,0,COMP_0890,84.9309440771,COMP_0890,
GROUP_0246,2026-01,56.774375013,watch,warmup,,,56.774375013,47.3683344007,66.1804156252,0.382642414876,6,24.3414769037,COMP_0078,42.5847295395,COMP_0465,0.382716160102
GROUP_0246,2026-02,56.07743912,watch,warmup,-0.696935892917,,56.07743912,46.6713985077,65.4834797323,0.382488370476,7,48.2940569725,COMP_0078,39.691614849,COMP_0930,0.394331801498
GROUP_0246,2026-03,57.9169298107,watch,warmup,1.83949069068,,60.830444545,51.4244039327,70.2364851573,0.382488370476,7,46.4631924982,COMP_0078,42.5759905786,COMP_0930,0.399198795898
GROUP_0246,2026-04,58.9054370703,watch,stable,0.988507259562,2.13106205732,63.2375333309,53.8314927186,72.6435739432,0.382488370476,7,44.8965086836,COMP_0078,41.5470277693,COMP_0930,0.394336927372
GROUP_0246,2026-05,58.3543720339,watch,stable,-0.551065036352,2.27693291389,61.6225321498,52.2164915375,71.0285727621,0.382488370476,7,44.8831660637,COMP_0078,39.8761811501,COMP_0930,0.378035676366
GROUP_0246,2026-06,57.4078897007,watch,stable,-0.946482333239,-0.509040110029,59.104214191,49.6981735787,68.5102548033,0.668836408064,7,49.0936272966,COMP_0078,40.3710404577,COMP_0930,0.411286659155
GROUP_0246,2026-07,58.7644723155,watch,stable,1.35658261482,-0.140964754769,59.8799499847,50.4739093724,69.285990597,0.669354648332,7,45.1704657145,COMP_0078,39.7484560653,COMP_0930,0.408591475627
GROUP_0246,2026-08,55.5888406655,watch,stable,-3.17563164999,-2.76553136841,53.2141897374,43.8081491251,62.6202303497,0.669354648332,7,51.3743419331,COMP_0078,36.3676906916,COMP_0930,0.364249805384
GROUP_0247,2025-01,51.1241076235,watch,warmup,,,51.1241076235,41.7180670112,60.5301482357,0.279111111111,1,0,COMP_0630,51.1241076235,COMP_0630,
GROUP_0247,2025-02,50.4868205971,watch,warmup,-0.637287026374,,50.4868205971,41.0807799848,59.8928612094,0.279111111111,1,0,COMP_0630,50.4868205971,COMP_0630,
GROUP_0247,2025-03,52.3905167851,watch,warmup,1.90369618804,,55.6198601474,46.2138195351,65.0259007597,0.279111111111,1,0,COMP_0630,52.3905167851,COMP_0630,
GROUP_0247,2025-04,53.7915033036,watch,stable,1.40098651844,2.66739568011,59.6313052537,50.2252646414,69.037345866,0.279111111111,1,0,COMP_0630,53.7915033036,COMP_0630,
GROUP_0247,2025-05,51.0947092242,watch,stable,-2.69679407931,0.607888627169,53.2260862385,43.8200456262,62.6321268508,0.279111111111,1,0,COMP_0630,51.0947092242,COMP_0630,
GROUP_0247,2025-06,50.832018681,watch,stable,-0.262690543202,-1.55849810408,50.7945357221,41.3884951098,60.2005763343,0.488444444444,1,0,COMP_0630,50.832018681,COMP_0630,
GROUP_0247,2025-07,50.348312282,watch,stable,-0.483706399031,-3.44319102155,48.4450000793,39.038959467,57.8510406916,0.488444444444,1,0,COMP_0630,50.348312282,COMP_0630,
GROUP_0247,2025-08,49.4799767292,watch,stable,-0.868335552815,-1.61473249505,46.5112258722,37.1051852599,55.9172664844,0.488444444444,1,0,COMP_0630,49.4799767292,COMP_0630,
GROUP_0247,2025-09,50.6744838979,watch,stable,1.19450716866,-0.157534783183,47.9294386563,38.523398044,57.3354792686,0.488444444444,1,0,COMP_0630,50.6744838979,COMP_0630,
GROUP_0247,2025-10,49.6501166964,watch,stable,-1.02436720142,-0.698195585576,48.1766323181,38.7705917058,57.5826729304,0.488444444444,1,0,COMP_0630,49.6501166964,COMP_0630,
GROUP_0247,2025-11,53.5209134196,watch,stable,3.87079672313,4.04093669037,53.954770336,44.5487297237,63.3608109483,0.488444444444,1,0,COMP_0630,53.5209134196,COMP_0630,
GROUP_0247,2025-12,48.6850319676,watch,stable,-4.83588145197,-1.98945193027,47.6714773965,38.2654367843,57.0775180088,0.628,1,0,COMP_0630,48.6850319676,COMP_0630,
GROUP_0247,2026-01,51.869373398,watch,stable,3.18434143044,2.21925670159,53.3928575107,43.9868168985,62.798898123,0.628,1,0,COMP_0630,51.869373398,COMP_0630,
GROUP_0247,2026-02,52.7744108744,watch,stable,0.905037476365,-0.746502545171,54.9163363905,45.5102957782,64.3223770027,0.628,1,0,COMP_0630,52.7744108744,COMP_0630,
GROUP_0247,2026-03,51.3775880492,watch,stable,-1.39682282516,2.69255608164,53.1396088291,43.7335682168,62.5456494414,0.628,1,0,COMP_0630,51.3775880492,COMP_0630,
GROUP_0247,2026-04,52.0423870327,watch,stable,0.664798983499,0.173013634699,50.7883343933,41.382293781,60.1943750056,0.628,1,0,COMP_0630,52.0423870327,COMP_0630,
GROUP_0247,2026-05,56.7221453509,watch,stable,4.67975831813,3.94773447646,61.3378364803,51.931795868,70.7438770926,0.628,1,0,COMP_0630,56.7221453509,COMP_0630,
GROUP_0247,2026-06,51.595698793,watch,stable,-5.12644655791,0.21811074372,51.8898219719,42.4837813597,61.2958625842,0.697777777778,1,0,COMP_0630,51.595698793,COMP_0630,
GROUP_0247,2026-07,50.4046416859,watch,stable,-1.1910571071,-1.63774534688,48.901783782,39.4957431697,58.3078243943,0.697777777778,1,0,COMP_0630,50.4046416859,COMP_0630,
GROUP_0247,2026-08,49.2964454425,watch,stable,-1.10819624335,-7.42569990836,46.5122783528,37.1062377405,55.9183189651,0.697777777778,1,0,COMP_0630,49.2964454425,COMP_0630,
GROUP_0248,2024-09,56.0391660815,watch,warmup,,,56.0391660815,46.6331254692,65.4452066938,0.211111111111,1,0,COMP_0840,56.0391660815,COMP_0840,
GROUP_0248,2024-10,52.5337843479,watch,warmup,-3.50538173358,,52.5337843479,43.1277437356,61.9398249602,0.211111111111,1,0,COMP_0840,52.5337843479,COMP_0840,
GROUP_0248,2024-11,55.0219048297,watch,warmup,2.48812048185,,52.4278886378,43.0218480256,61.8339292501,0.211111111111,1,0,COMP_0840,55.0219048297,COMP_0840,
GROUP_0248,2024-12,54.2461899993,watch,stable,-0.775714830441,-1.79297608217,51.4251522335,42.0191116212,60.8311928458,0.211111111111,1,0,COMP_0840,54.2461899993,COMP_0840,
GROUP_0248,2025-01,54.4369223604,watch,stable,0.190732361061,1.90313801247,52.6696393397,43.2635987274,62.075679952,0.211111111111,1,0,COMP_0840,54.4369223604,COMP_0840,
GROUP_0248,2025-02,53.7402607782,watch,stable,-0.696661582184,-1.28164405156,51.6974000338,42.2913594215,61.1034406461,0.369444444444,1,0,COMP_0840,53.7402607782,COMP_0840,
GROUP_0248,2025-03,44.1335934417,watch,stable,-9.60666733651,-10.1125965576,41.954798554,32.5487579417,51.3608391663,0.369444444444,1,0,COMP_0840,44.1335934417,COMP_0840,
GROUP_0248,2025-04,38.7981457083,stress,stable,-5.33544773333,-15.638776652,22.2499114045,12.8438707922,31.6559520168,0.369444444444,1,0,COMP_0840,38.7981457083,COMP_0840,
GROUP_0248,2025-05,36.2256054661,stress,deteriorating,-2.57254024225,-17.5146553121,16.0602361283,6.65419551604,25.4662767406,0.369444444444,1,0,COMP_0840,36.2256054661,COMP_0840,
GROUP_0248,2025-06,34.5196561147,stress,deteriorating,-1.70594935137,-9.61393732696,11.3002270745,1.89418646221,20.7062676868,0.369444444444,1,0,COMP_0840,34.5196561147,COMP_0840,
GROUP_0248,2025-07,35.4039563934,stress,deteriorating,0.884300278659,-3.39418931497,19.0602629375,9.65422232525,28.4663035498,0.369444444444,1,0,COMP_0840,35.4039563934,COMP_0840,
GROUP_0248,2025-08,36.9044868303,stress,deteriorating,1.50053043692,0.678881364206,29.5307980867,20.1247574744,38.936838699,0.475,1,0,COMP_0840,36.9044868303,COMP_0840,
GROUP_0248,2025-09,33.126881652,stress,stable,-3.77760517826,-1.39277446268,29.1760087891,19.7699681768,38.5820494014,0.475,1,0,COMP_0840,33.126881652,COMP_0840,
GROUP_0248,2025-10,36.227672544,stress,stable,3.10079089201,0.823716150675,36.2297809636,26.8237403513,45.6358215759,0.475,1,0,COMP_0840,36.227672544,COMP_0840,
GROUP_0248,2025-11,34.6721882829,stress,stable,-1.55548426114,-2.23229854738,34.8277710945,25.4217304822,44.2338117067,0.475,1,0,COMP_0840,34.6721882829,COMP_0840,
GROUP_0248,2025-12,34.9635416469,stress,stable,0.291353363996,1.83665999487,34.030537306,24.6244966938,43.4365779183,0.475,1,0,COMP_0840,34.9635416469,COMP_0840,
GROUP_0248,2026-01,37.2756900281,stress,stable,2.31214838123,1.04801748409,38.7615921845,29.3555515722,48.1676327968,0.475,1,0,COMP_0840,37.2756900281,COMP_0840,
GROUP_0248,2026-02,33.866994165,stress,stable,-3.40869586316,-0.805194117936,35.3528963213,25.9468557091,44.7589369336,0.527777777778,1,0,COMP_0840,33.866994165,COMP_0840,
GROUP_0248,2026-03,37.8391417444,stress,stable,3.97214757941,2.87560009747,39.3250439007,29.9190032885,48.731084513,0.527777777778,1,0,COMP_0840,37.8391417444,COMP_0840,
GROUP_0248,2026-04,36.4803957491,stress,stable,-1.35874599523,-0.795294278986,38.3247673647,28.9187267524,47.730807977,0.527777777778,1,0,COMP_0840,36.4803957491,COMP_0840,
GROUP_0248,2026-05,35.6623106373,stress,stable,-0.81808511181,1.79531647237,36.3750550076,26.9690143953,45.7810956199,0.527777777778,1,0,COMP_0840,35.6623106373,COMP_0840,
GROUP_0248,2026-06,38.6989383388,stress,stable,3.03662770146,0.85979659442,40.1506516157,30.7446110034,49.556692228,0.527777777778,1,0,COMP_0840,38.6989383388,COMP_0840,
GROUP_0248,2026-07,35.8409536348,stress,stable,-2.85798470394,-0.639442114296,37.3026078454,27.8965672331,46.7086484576,0.527777777778,1,0,COMP_0840,35.8409536348,COMP_0840,
GROUP_0248,2026-08,38.1506556336,stress,stable,2.30970199871,2.48834499623,38.4683998005,29.0623591882,47.8744404128,0.527777777778,1,0,COMP_0840,38.1506556336,COMP_0840,
GROUP_0249,2024-09,55.1614866266,watch,warmup,,,55.1614866266,45.7554460143,64.5675272389,0.211111111111,1,0,COMP_0760,55.1614866266,COMP_0760,
GROUP_0249,2024-10,60.5664234602,healthy,warmup,5.40493683359,,60.5664234602,51.1603828479,69.9724640725,0.211111111111,1,0,COMP_0760,60.5664234602,COMP_0760,
GROUP_0249,2024-11,55.9312781679,watch,warmup,-4.63514529234,,57.8942465981,48.4882059858,67.3002872104,0.211111111111,1,0,COMP_0760,55.9312781679,COMP_0760,
GROUP_0249,2024-12,57.1609612459,watch,stable,1.229683078,1.99947461925,59.8419988873,50.4359582751,69.2480394996,0.211111111111,1,0,COMP_0760,57.1609612459,COMP_0760,
GROUP_0249,2025-01,61.0704764822,healthy,stable,3.9095152363,0.50405302196,65.9057217575,56.4996811452,75.3117623697,0.211111111111,1,0,COMP_0760,61.0704764822,COMP_0760,
GROUP_0249,2025-02,57.153527428,watch,stable,-3.91694905423,1.22224926007,59.1854090453,49.779368433,68.5914496576,0.369444444444,1,0,COMP_0760,57.153527428,COMP_0760,
GROUP_0249,2025-03,58.4982614429,watch,stable,1.34473401491,1.33730019698,59.3551515802,49.9491109679,68.7611921925,0.369444444444,1,0,COMP_0760,58.4982614429,COMP_0760,
GROUP_0249,2025-04,61.1952839647,healthy,stable,2.6970225218,0.12480748248,66.3390454311,56.9330048188,75.7450860434,0.369444444444,1,0,COMP_0760,61.1952839647,COMP_0760,
GROUP_0249,2025-05,60.5436130144,healthy,stable,-0.651670950275,3.39008558644,63.9939178183,54.587877206,73.3999584306,0.369444444444,1,0,COMP_0760,60.5436130144,COMP_0760,
GROUP_0249,2025-06,51.8971113727,watch,stable,-8.64650164172,-6.60115007019,48.5735895263,39.167548914,57.9796301386,0.369444444444,1,0,COMP_0760,51.8971113727,COMP_0760,
GROUP_0249,2025-07,56.4168910632,watch,stable,4.51977969051,-4.77839290149,53.7631438291,44.3571032168,63.1691844414,0.369444444444,1,0,COMP_0760,56.4168910632,COMP_0760,
GROUP_0249,2025-08,57.2083973855,watch,stable,0.791506322294,-3.33521562892,53.8848755391,44.4788349268,63.2909161514,0.475,1,0,COMP_0760,57.2083973855,COMP_0760,
GROUP_0249,2025-09,59.5360160915,watch,stable,2.32761870603,7.63890471883,57.8435628609,48.4375222486,67.2496034732,0.475,1,0,COMP_0760,59.5360160915,COMP_0760,
GROUP_0249,2025-10,61.8149869651,healthy,stable,2.27897087359,5.39809590191,70.9917499983,61.585709386,80.3977906106,0.475,1,0,COMP_0760,61.8149869651,COMP_0760,
GROUP_0249,2025-11,56.0427503606,watch,stable,-5.7722366045,-1.16564702488,65.2195133938,55.8134727816,74.6255540061,0.475,1,0,COMP_0760,56.0427503606,COMP_0760,
GROUP_0249,2025-12,57.4959537944,watch,stable,1.4532034338,-2.04006229711,58.5965977802,49.190557168,68.0026383925,0.475,1,0,COMP_0760,57.4959537944,COMP_0760,
GROUP_0249,2026-01,58.6423172693,watch,stable,1.14636347486,-3.17266969584,59.0089516906,49.6029110783,68.4149923029,0.475,1,0,COMP_0760,58.6423172693,COMP_0760,
GROUP_0249,2026-02,60.4551613301,healthy,stable,1.81284406083,4.41241096949,61.3926894734,51.9866488612,70.7987300857,0.527777777778,1,0,COMP_0760,60.4551613301,COMP_0760,
GROUP_0249,2026-03,64.4748196081,healthy,stable,4.01965827796,6.97886581365,71.8861571204,62.4801165082,81.2921977327,0.527777777778,1,0,COMP_0760,64.4748196081,COMP_0760,
GROUP_0249,2026-04,64.5624003183,healthy,stable,0.0875807102474,5.92008304904,73.5721196363,64.166079024,82.9781602486,0.527777777778,1,0,COMP_0760,64.5624003183,COMP_0760,
GROUP_0249,2026-05,62.104902177,healthy,stable,-2.45749814131,1.6497408469,69.650881393,60.2448407807,79.0569220053,0.527777777778,1,0,COMP_0760,62.104902177,COMP_0760,
GROUP_0249,2026-06,60.1537535503,healthy,stable,-1.95114862666,-4.32106605772,61.695418557,52.2893779447,71.1014591693,0.527777777778,1,0,COMP_0760,60.1537535503,COMP_0760,
GROUP_0249,2026-07,66.5177094533,healthy,stable,6.36395590296,1.955309135,69.122394006,59.7163533937,78.5284346183,0.527777777778,1,0,COMP_0760,66.5177094533,COMP_0760,
GROUP_0249,2026-08,66.5323155753,healthy,stable,0.0146061219771,4.42741339829,68.6309614618,59.2249208495,78.0370020741,0.527777777778,1,0,COMP_0760,66.5323155753,COMP_0760,
GROUP_0250,2024-09,66.5741388205,healthy,warmup,,,66.5741388205,57.1680982082,75.9801794328,0.380549419727,19,35.9502888018,COMP_1241,48.5725220615,COMP_0308,0.446019103744
GROUP_0250,2024-10,66.2403932504,healthy,warmup,-0.333745570154,,66.2403932504,56.8343526381,75.6464338627,0.380549419727,19,41.7550058528,COMP_0839,45.6094642096,COMP_0838,0.432694922873
GROUP_0250,2024-11,64.4600009421,healthy,warmup,-1.78039230825,,59.0689493522,49.6629087399,68.4749899645,0.380549419727,19,35.2058611802,COMP_0819,47.9628981341,COMP_0838,0.408462295857
GROUP_0250,2024-12,64.4306147619,healthy,stable,-0.0293861802591,-2.14352405866,60.3011517392,50.8951111269,69.7071923514,0.380549419727,19,37.2036098542,COMP_0839,45.8245845669,COMP_0308,0.425226981299
GROUP_0250,2025-01,63.812665247,healthy,stable,-0.617949514861,-2.42772800336,60.230230394,50.8241897817,69.6362710063,0.380549419727,19,47.0541641141,COMP_1239,40,COMP_0838,0.44012736387
GROUP_0250,2025-02,62.4703586901,healthy,stable,-1.34230655688,-1.989642252,58.3432210844,48.9371804721,67.7492616967,0.665961484523,19,44.9510153963,COMP_1239,40,COMP_0018,0.431410591669
GROUP_0250,2025-03,61.0459725162,healthy,stable,-1.42438617388,-3.38464224563,56.2391784519,46.8331378396,65.6452190642,0.665961484523,19,43.7930335612,COMP_0819,42.1023089259,COMP_0018,0.411266315941
GROUP_0250,2025-04,61.486466633,healthy,stable,0.440494116813,-2.32619861395,57.7326777688,48.3266371565,67.1387183811,0.665961484523,19,43.640923518,COMP_0819,41.381396213,COMP_0018,0.430355983208
GROUP_0250,2025-05,60.8541836084,healthy,stable,-0.632283024629,-1.6161750817,57.1003947442,47.6943541319,66.5064353565,0.665961484523,19,44.297991971,COMP_0826,36.3508500025,COMP_0838,0.44765935776
GROUP_0250,2025-06,60.3271461844,healthy,stable,-0.527037424047,-0.718826331864,57.3708790402,47.964838428,66.7769196525,0.665961484523,19,42.9863773629,COMP_0835,38.9388459424,COMP_1120,0.454104369011
GROUP_0250,2025-07,59.8326437018,watch,stable,-0.494502482618,-1.65382293129,57.1447528391,47.7387122268,66.5507934514,0.665961484523,19,46.4008865952,COMP_0835,36.2535116486,COMP_0838,0.489052348584
GROUP_0250,2025-08,60.5114522275,healthy,stable,0.678808525738,-0.342731380927,59.2683088604,49.8622682481,68.6743494727,0.856236194387,19,36.7993112404,COMP_0819,44.6519743348,COMP_0838,0.473371842557
GROUP_0250,2025-09,56.4841616274,watch,stable,-4.02729060014,-3.84298455702,53.6726626441,44.2666220319,63.0787032564,0.856236194387,19,45.7821801362,COMP_0819,36.4471427385,COMP_0018,0.469275814456
GROUP_0250,2025-10,53.9298877772,watch,stable,-2.55427385019,-5.9027559246,47.3968140302,37.9907734179,56.8028546425,0.856236194387,19,53.9550041531,COMP_0819,31.8367787113,COMP_0838,0.461241525199
GROUP_0250,2025-11,53.8334523442,watch,stable,-0.0964354329135,-6.67799988325,46.1844833634,36.7784427511,55.5905239757,0.856236194387,19,53.6569803746,COMP_0819,31.6560170775,COMP_0838,0.456848239686
GROUP_0250,2025-12,50.6394844289,watch,stable,-3.19396791539,-5.8446771985,40.7035331914,31.2974925791,50.1095738037,0.856236194387,19,55.6130743958,COMP_0819,29.03269053,COMP_0838,0.467486651752
GROUP_0250,2026-01,51.1525493823,watch,stable,0.51306495344,-2.77733839487,41.6064684802,32.2004278679,51.0125090925,0.856236194387,19,53.6818041999,COMP_0819,30.0784700987,COMP_0838,0.480956500522
GROUP_0250,2026-02,51.5143346983,watch,stable,0.36178531596,-2.31911764599,46.4451112306,37.0390706183,55.8511518429,0.951373549318,19,52.5916653851,COMP_0819,31.1838841586,COMP_0838,0.499179945687
GROUP_0250,2026-03,50.6648377359,watch,stable,-0.849496962397,0.0253533070021,47.3344866937,37.9284460814,56.740527306,0.951373549318,19,58.3533858427,COMP_0819,28.2457754296,COMP_0018,0.46020788572
GROUP_0250,2026-04,48.5135049207,watch,stable,-2.1513328152,-2.63904446164,44.473521295,35.0674806827,53.8795619072,0.951373549318,19,67.1296574446,COMP_0819,23.3499297977,COMP_0018,0.437823768904
GROUP_0250,2026-05,47.0291159755,watch,stable,-1.48438894518,-4.48521872277,42.6966814673,33.290640855,52.1027220795,0.951373549318,19,72.1022165613,COMP_0819,24.2179201191,COMP_0018,0.439227130759
GROUP_0250,2026-06,47.8737643187,watch,stable,0.844648343183,-2.79107341719,43.2320370847,33.8259964724,52.638077697,0.951373549318,19,72.2489136319,COMP_0819,25.1098726571,COMP_0018,0.476234653466
GROUP_0250,2026-07,47.567446124,watch,stable,-0.306318194681,-0.946058796675,43.2350116158,33.8289710035,52.641052228,0.951373549318,19,70.4377891612,COMP_0819,26.6691074462,COMP_0018,0.482745071434
GROUP_0250,2026-08,48.2244600806,watch,stable,0.65701395662,1.19534410512,46.6161601263,37.210119514,56.0222007385,0.951373549318,19,69.757776632,COMP_0819,27.1545793356,COMP_0018,0.479703347256
